Date,EU_price_wo_tax_euro95,EU_price_wo_tax_diesel,EUR_price_wo_tax_euro95,EUR_price_wo_tax_diesel,AT_price_wo_tax_euro95,AT_price_wo_tax_diesel,BE_price_wo_tax_euro95,BE_price_wo_tax_diesel,BG_price_wo_tax_euro95,BG_price_wo_tax_diesel,CY_price_wo_tax_euro95,CY_price_wo_tax_diesel,CZ_price_wo_tax_euro95,CZ_price_wo_tax_diesel,DE_price_wo_tax_euro95,DE_price_wo_tax_diesel,DK_price_wo_tax_euro95,DK_price_wo_tax_diesel,EE_price_wo_tax_euro95,EE_price_wo_tax_diesel,ES_price_wo_tax_euro95,ES_price_wo_tax_diesel,FI_price_wo_tax_euro95,FI_price_wo_tax_diesel,FR_price_wo_tax_euro95,FR_price_wo_tax_diesel,GR_price_wo_tax_euro95,GR_price_wo_tax_diesel,HR_price_wo_tax_euro95,HR_price_wo_tax_diesel,HU_price_wo_tax_euro95,HU_price_wo_tax_diesel,IE_price_wo_tax_euro95,IE_price_wo_tax_diesel,IT_price_wo_tax_euro95,IT_price_wo_tax_diesel,LT_price_wo_tax_euro95,LT_price_wo_tax_diesel,LU_price_wo_tax_euro95,LU_price_wo_tax_diesel,LV_price_wo_tax_euro95,LV_price_wo_tax_diesel,MT_price_wo_tax_euro95,MT_price_wo_tax_diesel,NL_price_wo_tax_euro95,NL_price_wo_tax_diesel,PL_price_wo_tax_euro95,PL_price_wo_tax_diesel,PT_price_wo_tax_euro95,PT_price_wo_tax_diesel,RO_price_wo_tax_euro95,RO_price_wo_tax_diesel,SE_price_wo_tax_euro95,SE_price_wo_tax_diesel,SI_price_wo_tax_euro95,SI_price_wo_tax_diesel,SK_price_wo_tax_euro95,SK_price_wo_tax_diesel,UK_price_wo_tax_euro95,UK_price_wo_tax_diesel
2026-05-18,1007.5629163086404,1146.2761784542,1011.4638436830494,1156.3077268528132,916.91,1072.54,960.8082421487604,1145.1802429752067,891.8160976840181,1109.3721114139094,944.6109243697479,1186.8042016806723,912.1321879095743,1053.2573795186352,1054.5067226890756,1165.3428571428572,1160.7991115036195,1180.3353270978014,848.9354838709678,1038.1290322580644,1047.8997945454546,1202.0378915454544,891.435474446974,1194.737609797002,1045.2999999999997,1157.8666666666668,993.5309677419353,1039.379677419355,944.49,1122.8,909.3327306857979,990.7408969543031,880.1289430894309,1111.8093495934959,964.6573770491802,1152.288524590164,932.5619834710744,1092.978512396694,989.859758974359,1086.6820512820514,919.6995041322314,1108.3235537190083,586.21,553.02,1125.586776859504,1330.190082644628,1019.1996177421968,1126.6135136136656,1033.9555513463333,1114.187314267862,867.9703994775931,1033.262368612937,1010.1128214497785,1184.34202713196,870.7522950819672,1000.198524590164,890.2524390243902,982.5939024390244,,
2026-05-11,1000.5884064927582,1171.284893670504,1002.4157734608938,1179.0710745858087,902.75,1071.71,1003.7999776859504,1193.560408264463,881.3160976840182,1129.2054447472428,943.3924369747899,1228.989075630252,919.4601216658804,1117.4393988641757,1031.8176470588237,1163.6621848739496,1128.7905146802987,1191.1516741161042,821.516129032258,1061.516129032258,1042.1931455454546,1231.6898385454544,982.9313955245684,1376.0694253917666,1045.875,1189.6333333333332,970.9503225806451,1064.379677419355,947.69,1148.4,921.8837429083137,1006.184051915276,872.730569105691,1117.3378048780487,961.5590163934426,1182.7721311475411,925.5206611570248,1118.209917355372,959.945229059829,1105.48547008547,908.6251239669423,1156.1252066115703,586.21,553.02,1117.42,1332.83,1016.0246738375637,1169.675233563521,1002.1153074438944,1125.839428089,867.211392126991,1043.024074877413,977.189353192663,1173.8702707672505,858.6498360655737,1061.0055737704918,883.7483739837398,1031.3743902439023,,
2026-05-04,990.2014867969749,1210.2440767773526,984.5143764631879,1214.5620346316737,900.25,1143.37,946.3041099173554,1144.4694991735537,870.9827643506849,1134.2054447472428,926.1151260504201,1247.4596638655462,906.1534724262109,1129.3610516226543,1071.3134453781513,1262.8218487394956,1182.3352291736367,1308.9327534292406,836.0322580645161,1076.8387096774193,1030.2839315454546,1247.1749075454545,996.2025533176381,1369.5621212749004,1018.575,1192.9083333333333,963.6922580645161,1092.6054838709679,907.69,1173.2,904.8225819694959,992.4681057314448,863.1370731707316,1131.158943089431,843.7229508196722,1203.8131147540983,910.5785123966941,1149.9537190082644,967.6375367521367,1169.5880341880343,857.2201652892562,1123.9185950413223,586.21,553.02,1126.2231404958677,1396.9256198347107,1035.0603578163627,1226.8319988184066,1013.2283968747886,1189.319915893878,846.9928768557359,1059.8440314589243,1027.226580526073,1306.1005999077063,824.4203278688524,1068.5055737704918,891.0654471544715,1095.6020325203253,,
2026-04-27,964.7762824080606,1184.566202049423,966.7314229648284,1196.9951350548185,862.75,1099.21,905.725597520661,1130.0728049586776,867.6494310173515,1142.5387780805763,918.0394957983194,1247.1571428571428,863.993821926393,1082.2381401718312,998.9806722689075,1200.5731092436974,1107.3789577924686,1223.2690094478496,810.2786885245902,1059.7049180327867,1008.1285595454544,1240.2520835454545,940.9846895946648,1351.7724105525724,989.6666666666665,1195.7583333333332,931.434193548387,1090.9925806451613,901.29,1178.8,901.0018916832507,978.0303324140092,874.9256910569104,1195.5491869918699,946.8295081967212,1215.2639344262295,868.8925619834712,1140.9537190082644,934.3042034188034,1134.5452991452992,857.2201652892562,1123.9185950413223,586.21,553.02,1072.2892561983472,1351.7851239669421,975.3504391800842,1167.1012881147549,955.8788846796667,1116.939346788187,810.3990732850273,971.7659940889805,963.9523566760903,1238.6522686193632,822.0678688524591,1108.800655737705,818.7077235772358,1045.1955284552846,,
2026-04-20,952.7752362174803,1212.168788720413,959.3051594370871,1228.7551751612802,845.25,1130.87,915.9735314049587,1212.320738842975,868.98,1147.96,916.7873949579832,1229.4008403361345,853.5169986481654,1121.5051945086866,967.0478991596638,1160.2369747899158,1064.4418872266974,1212.433430567078,814.3770491803278,1111.344262295082,1020.0524535454547,1313.3436505454545,839.9367076095618,1278.9910721381143,995.2666666666664,1262.6083333333336,917.7245161290322,1145.0248387096774,917.29,1241.2,904.5521831178792,985.1298704629783,946.2265040650407,1277.3378048780487,972.0344262295082,1260.4688524590165,847.3801652892562,1182.9123966942147,901.825570940171,1135.4,863.3358677685951,1194.14173553719,586.21,553.02,1035.8099173553717,1339.801652892562,948.290416357671,1180.4855095666287,933.1146570373902,1143.2055256499757,737.2228501730699,949.3653413073444,928.151553141106,1245.9302595533268,846.3465573770492,1176.6777049180328,823.5857723577236,1033.000406504065,,
2026-04-13,975.5332836115565,1291.769934993852,982.8625460397387,1302.1480400966798,867.75,1236.71,949.3784900826447,1322.163714049587,862.0660976840181,1132.7887780805763,907.8546218487395,1209.1067226890757,872.4368062519451,1216.1653001046193,996.4596638655462,1279.5647058823529,1075.2472332624086,1308.8977210379114,834.8688524590164,1258.8852459016393,1052.2286385454545,1383.4054435454545,879.7534406772909,1325.4386152988052,1006.5833333333333,1320.75,947.5632258064517,1235.3474193548388,923.69,1262.0,896.214109684036,982.3512950221019,954.2752845528455,1283.9231707317072,988.304918032787,1292.2147540983606,880.1404958677685,1223.6314049586776,901.825570940171,1250.7846153846153,898.046611570248,1291.5219008264462,586.21,553.02,1065.8347107438015,1482.314049586777,968.2346638420588,1306.0602127223046,942.8707545983658,1241.9853630483497,845.0141985632355,1091.1747403106108,930.0403966213736,1339.919206757253,836.707213114754,1158.595737704918,803.260569105691,1015.1142276422764,,
2026-04-06,997.2862372981242,1299.09393315357,1008.5222555447565,1304.6941809135005,925.25,1364.21,967.1966719008265,1308.6595818181818,853.1494310173516,1082.5387780805763,901.9638655462185,1208.6025210084035,875.4852605119987,1228.147484831977,1080.4932773109244,1413.1781512605041,1107.3937771830044,1330.3445968551357,861.9180327868853,1239.2131147540983,1053.4409585454546,1318.2523675454545,880.773360996016,1288.6457866135456,1002.8166666666666,1253.9166666666665,956.434193548387,1246.637741935484,889.29,1164.4,863.5232922172886,963.1356652043364,924.6817886178861,1233.110162601626,971.304918032787,1241.9196721311475,888.4297520661157,1246.4495867768594,933.4495025641025,1403.7760683760685,901.84826446281,1164.3235537190083,586.21,553.02,1104.7438016528927,1578.1487603305784,969.2252546713421,1338.5559067667737,964.821974110561,1281.009753292252,884.9397099803377,1121.0015789900153,961.929026387625,1399.2356687898086,813.9203278688525,1090.5055737704918,800.0085365853658,1015.9272357723578,,
2026-03-30,973.0660925887148,1246.8628316157765,974.3105546349252,1245.3102307491235,951.91,1294.21,927.3702256198346,1239.0728049586776,840.5660976840181,1019.6221114139096,887.0142857142857,1137.7621848739495,869.6819923565079,1220.0810795801633,990.5773109243696,1288.8084033613445,1075.2472332624086,1319.6033562166288,825.032786885246,1221.1803278688524,1057.0334445454544,1285.5114285454545,910.2554327091636,1298.5262647011948,984.0916666666667,1216.5,934.66,1283.7345161290323,891.69,1174.8,842.9460621136303,933.9381317518918,987.771219512195,1297.5817073170733,947.8868852459016,1193.2721311475411,874.9308790383169,1202.3669421487602,883.876852991453,1249.0752136752137,927.6333884297521,1157.7119834710743,586.21,553.02,1080.99173553719,1477.7438016528927,1010.6180207243635,1310.5366344144677,942.9888033788536,1225.8422736174552,918.1912862575421,1129.2445999543456,930.0201723821748,1356.02420685861,731.944918032787,968.2186885245903,728.4638211382114,963.8947154471546,,
2026-03-23,961.7234554136787,1207.3847750195662,967.2672445671736,1207.3435456902926,920.25,1215.04,888.6016305785125,1188.3124743801654,798.8994310173515,957.8721114139095,809.3084033613445,1020.3168067226891,863.0756302578351,1187.6049775791946,987.2159663865546,1298.0521008403362,1086.2435916313063,1341.3736329928922,863.5573770491803,1190.032786885246,1029.8263024916164,1233.7109667123957,962.8450741434262,1337.7692925896413,953.9833333333333,1149.825,927.401935483871,1232.928064516129,739.69,968.27,866.6662972998013,965.0477816146711,823.740325203252,1075.2143089430897,985.0836065573772,1185.4196721311475,863.8099173553719,1182.3504132231405,906.9537760683761,1249.9299145299146,863.3358677685951,1137.050826446281,586.21,553.02,1091.495867768595,1487.512396694215,940.1274234058336,1218.082032932794,947.0538440292601,1204.7040622353416,879.8658850972288,1040.3372881490595,972.0349679771866,1425.4219064092374,626.5832786885246,773.8454098360655,691.0654471544715,871.2117886178862,,
2026-03-16,879.403820484558,1079.8451318578855,884.283080166177,1085.813878898311,838.58,1085.87,797.6760107438017,1030.2876809917354,746.3160976840182,867.0387780805761,756.9554621848739,924.501680672269,764.9126272171258,1031.5866442817737,949.4008403361345,1171.161344537815,1032.5214132762312,1201.9539614561027,762.7377049180327,1026.9180327868853,939.4940044958679,1139.0057964958676,838.3762826427649,1169.3629180876494,891.4083333333333,1073.6416666666664,836.2729032258063,1109.5409677419354,727.69,951.47,839.776,927.09,782.6834146341464,951.6370731707318,818.2393442622952,993.8622950819672,789.5702479338844,1059.39173553719,844.5606136752137,1056.7675213675213,769.1209917355372,1051.1004132231405,586.21,553.02,1021.5289256198348,1313.1983471074382,856.8669178626759,1052.1299896193848,873.6142505333253,1071.9399971946912,782.1305790639343,906.3557866893598,878.7816881790324,1222.9919212554555,608.5832786885246,740.5339344262295,685.3743902439024,834.6264227642278,,
2026-03-09,825.3757024693483,1005.9168565516009,835.7392895640552,1011.121134617568,809.41,1039.21,746.0727049586778,926.0975983471074,692.0660976840181,758.2887780805761,692.157142857143,817.8294117647059,701.3455882803557,915.4610211109122,940.9974789915966,1185.4470588235295,936.3120415484286,1127.18852064036,707.8196721311475,955.6065573770492,850.3122914958678,980.8894744958678,812.2474645816733,1116.5740734661354,845.5833333333333,1019.5583333333334,778.2083870967741,1038.5732258064518,686.8900000000001,829.0699999999999,771.9019093842696,870.7068932932552,711.7891056910569,804.889105691057,757.5590163934428,859.2639344262295,740.6859504132232,1017.5570247933883,770.2016393162394,1049.9299145299146,732.4267768595041,946.6954545454546,586.21,553.02,946.7355371900828,1305.9421487603304,794.3249324976518,1011.4141486179118,787.2746570373903,977.8252004467236,742.9265558869727,858.5416714287961,761.325915190051,1055.9446444434054,577.0919672131147,646.966393442623,655.2930894308943,798.0410569105691,,
2026-03-02,734.1382106433114,812.3581734914923,742.1521611792379,817.9149675852318,648.58,760.87,673.3371677685951,789.4364413223141,661.3160976840182,707.3721114139096,667.5100840336133,780.6445378151261,621.472350445363,730.1796228594075,783.8546218487395,890.489075630252,850.5996359353251,870.1413427561838,616.8360655737705,742.4918032786885,755.8670814958679,812.0071594958678,815.3151936653385,1043.9844320318725,775.175,809.95,701.5954838709678,845.0248387096774,670.8900000000001,805.0699999999999,728.0150305838873,806.78821654971,705.5289430894309,797.6533333333334,696.2721311475411,737.5016393442623,653.6280991735538,802.2099173553718,698.4067675213676,787.536752136752,663.6912396694215,744.7615702479338,586.21,553.02,862.3388429752067,1003.1652892561983,689.0676317661082,760.6779233538215,727.9250635414553,790.2626801215204,695.9476635901905,799.5561515255275,701.9424729174449,893.0892790437057,569.9280327868852,645.6795081967213,644.7239837398374,784.219918699187,,
2026-02-23,712.5151680033002,781.0404423340127,714.2179965811738,783.7597393289172,643.58,745.87,642.5933661157026,744.6099950413225,651.9827643506849,692.7054447472428,662.8378151260504,771.1823529411765,603.6404851205211,715.271975306578,730.0731092436974,824.1025210084033,839.9480637691247,859.4910784799282,597.983606557377,712.1639344262295,743.1892784958678,797.1755044958678,642.1641614306407,874.2705602462872,735.0249999999999,767.2666666666667,686.2729032258063,824.0570967741937,664.49,789.0699999999999,724.7263154342058,797.6776624898619,704.7159349593494,796.5151219512195,683.2967213114754,722.0426229508196,642.5537190082645,780.796694214876,676.1845452991453,787.536752136752,648.6829752066117,727.9599173553719,586.21,553.02,855.7190082644629,989.9669421487603,687.8650944071915,755.9494265037077,714.1039253300733,765.8724362190812,677.3590623631378,778.3160855026285,743.1892784958678,797.1755044958678,564.698524590164,644.9254098360657,644.7239837398374,785.0329268292683,,
2026-02-16,706.3889795746946,778.9158328352994,710.8193523793578,781.8564712230855,617.75,722.54,655.1718785123968,792.4860280991735,653.0660976840181,689.7887780805761,662.6193277310924,769.8966386554623,599.6445385013452,711.4510453477435,717.47,805.62,818.53,816.66,608.639344262295,751.5081967213115,737.9065794958678,792.0483884958678,774.6075480572947,1018.8051491633468,762.7916666666665,783.0083333333332,683.0470967741936,822.4441935483871,654.8900000000001,789.87,738.6178596061894,798.1027252859567,703.9842276422764,794.889105691057,678.1901639344262,716.8459016393442,627.9586776859503,766.499173553719,676.1845452991453,755.0581196581196,645.7904132231406,723.4144628099173,586.21,553.02,837.8677685950413,951.8429752066116,675.991965359861,744.8312737605222,712.4779090699107,751.238289877618,666.6914283730878,768.5751076079963,686.5590132291323,850.8074007815075,560.2559016393442,635.294262295082,644.7239837398374,785.0329268292683,,
2026-02-09,699.4679553962716,775.4497220529482,704.0086410965671,778.8378792704139,623.58,731.71,634.7586553719009,748.0480115702479,653.0660976840181,689.7887780805761,663.1151260504201,759.3756302521009,603.6535361915355,715.0396705817955,713.27,808.14,829.406094360842,827.5317303057892,595.5245901639344,731.016393442623,732.7979124958678,787.9914714958678,695.2608655233626,951.0543342412191,753.5749999999999,784.6416666666667,679.0148387096773,820.8312903225808,654.8900000000001,789.0699999999999,734.119495755008,795.2986608508485,704.1468292682928,793.669593495935,675.3622950819673,713.1901639344262,636.5702479338843,779.0198347107438,676.1845452991453,755.0581196581196,641.7904132231405,721.6210743801652,586.21,553.02,826.6611570247933,943.4297520661157,665.6202289027868,739.1386154220826,704.3478277690976,754.4903223979431,662.6553167373265,764.3056450648306,663.217689310361,826.0269470916859,556.632950819672,627.0237704918032,644.7239837398374,784.219918699187,,
2026-02-02,698.2976291091238,789.2578084955136,702.9239617425151,795.8394499669257,621.08,724.21,638.7008041322315,751.9984247933884,653.0660976840181,689.7887780805761,663.4764705882353,751.5268907563025,601.1278841037027,706.53421310787,709.91,907.14,807.9956085739916,848.9643999946446,575.032786885246,716.2622950819672,727.5794904958678,780.8510394958678,779.6127859050757,1018.219665012988,747.7583333333332,777.2166666666667,675.7890322580646,814.379677419355,653.29,772.27,726.516010694243,788.2063662985342,702.358211382114,788.3037398373986,672.6327868852459,705.6737704918032,625.0495867768594,766.6396694214876,655.6717247863248,742.2376068376068,634.0796694214876,711.1582644628099,586.21,553.02,827.0247933884298,944.2561983471074,663.5248742843798,735.8447987152276,697.0307545983659,753.6773142678618,661.5741401455687,762.320325778118,680.9836220323783,850.1817152027187,543.51,609.7532786885246,643.9109756097562,769.5857723577236,,
2026-01-26,692.5524803361191,783.3846447567222,696.7922316461068,789.3387949030015,619.41,715.04,619.6181595041323,740.2959454545455,652.2327643506849,688.0387780805761,665.7705882352941,748.2663865546219,595.0713117053024,698.326830520067,704.02,902.99,808.1362650312005,827.6868689573903,570.9344262295083,711.344262295082,722.7567744958678,774.3029244958678,733.0309971181912,962.1252022841992,746.1916666666667,774.5833333333334,673.3696774193548,808.7345161290323,645.29,759.47,727.5738337430516,787.0416698714112,696.7484552845528,782.2061788617887,667.2229508196722,698.7967213114755,620.00826446281,755.8132231404959,655.6717247863248,742.2376068376068,615.9585950413223,691.097520661157,586.21,553.02,827.2066115702478,942.9834710743803,659.1323461725563,735.5363080523023,697.0307545983659,743.9212167068862,656.7612029970333,748.3208943424956,671.8675010586741,856.8013927445537,534.4526229508197,596.9172131147542,628.4638211382114,752.5126016260162,,
2026-01-19,689.9530933032612,756.6969935927542,694.4498699799858,757.2857869461618,598.58,696.71,614.0479115702481,708.1058628099174,650.8160976840181,684.9554447472428,668.5689075630252,750.1235294117648,590.2371142088198,690.6389392635134,704.0226890756303,791.3294117647058,797.0073744930872,816.5477735990471,591.4262295081967,708.0655737704918,717.4314814958678,767.5796844958678,767.1943437317395,1000.2062115803454,747.1583333333333,758.8416666666666,668.5309677419353,801.4764516129032,622.8900000000001,735.47,718.6973147814027,774.7471600140049,691.4639024390244,778.628943089431,660.0180327868853,688.3377049180328,612.87,729.93,655.6717247863248,742.2376068376068,614.1734710743804,680.4942148760331,586.21,553.02,833.3471074380166,953.793388429752,662.429013112659,740.2375913045428,695.4047383382033,730.100078495504,650.8754617517027,736.2333233787566,658.5274930102516,833.9981360671014,533.1001639344263,598.9172131147541,627.6508130081302,732.1873983739838,,
2026-01-12,684.3706855394006,748.978185301775,686.7419527116093,747.9631391008393,596.91,688.37,609.6264239669422,717.4529702479339,648.6494310173515,700.5387780805761,673.2327731092438,753.863025210084,591.2044447348076,691.4103757662866,700.661344537815,781.2453781512604,786.2476914429485,795.0804314659672,578.311475409836,669.5409836065573,714.4508154958678,764.4877084958678,611.1637992430276,826.1517627091633,733.9749999999999,744.625,663.6922580645161,797.4441935483871,615.69,736.27,701.3805901267907,756.1771796178125,688.9435772357724,777.328130081301,660.9442622950819,688.0590163934426,604.2066115702479,716.9289256198347,636.0136051282052,710.6136752136752,614.7189256198346,681.8661157024792,586.21,553.02,818.6446280991736,937.9586776859503,673.7127971200327,749.5196569350288,692.1527058178781,714.6529240239593,638.4955208988991,723.7785509810763,660.1001794258374,822.144138755981,532.1575409836066,603.4581967213114,617.0817073170732,720.8052845528455,,
2026-01-05,685.4527373888855,743.505403840819,688.7676848526743,740.9678144689954,611.08,703.37,596.7008041322315,707.1471851239669,651.1494310173515,702.9554447472428,679.0647058823529,766.6025210084033,598.5664000655828,698.986710935085,693.0983193277311,775.3630252100841,797.242117946315,806.0780507396747,593.8852459016393,681.8360655737705,715.7128099173553,765.9299595041322,730.7783143010752,970.5132955399718,711.9583333333333,717.0500000000001,666.918064516129,799.8635483870969,619.69,732.27,711.6834883965636,762.5307862012654,692.1143089430893,781.2305691056912,683.4114754098362,674.7803278688525,608.4462809917355,711.3256198347107,636.0136051282052,722.5794871794872,620.2313223140496,688.4776859504132,586.21,553.02,787.6363636363635,891.404958677686,664.9684017195003,751.2203922840578,689.71,712.21,630.2697163323628,715.4802527147949,655.2702326874942,809.6412348196903,556.6575409836066,623.5975409836067,625.2117886178862,731.3743902439024,,
2025-12-29,672.1630674265882,734.9192825464993,673.66534347496,731.0768020008778,603.58,700.87,596.7008041322315,707.1471851239669,650.0323823158469,702.4832123257321,683.173949579832,779.6025210084034,602.7771944257337,701.8207277669408,652.0327731092436,731.355462184874,797.27,795.4,626.1666666666667,707.8333333333334,717.610029752066,767.9102677685951,734.7708607331379,935.0469561290324,697.55,690.8583333333332,670.1438709677419,803.895806451613,588.49,689.87,703.09,751.28,701.8704065040649,793.4256910569106,662.7393442622952,702.5180327868852,641.1983471074379,735.6892561983472,630.6635897435897,720.9542735042735,634.0577685950414,703.6305785123966,586.21,553.02,764.6933884297521,861.2871900826447,674.2950318642347,762.6426501649875,694.0954471544715,712.260406504065,634.6922510786205,719.3825798873469,623.1139053254439,776.405325443787,574.7395081967213,638.2450819672131,624.3987804878049,730.5613821138211,,
2025-12-22,672.9453755780341,733.898270584426,674.4199651214204,728.9879884670072,611.91,705.87,619.7917132231406,725.3951190082646,651.7793230391655,699.0319391894197,686.8882352941177,796.5773109243698,604.325250108743,702.870133753806,640.2680672268907,720.4310924369748,786.4160843841191,784.5420715872889,645.3333333333334,732.8333333333334,727.1130975206611,778.0395801652892,740.4893358064514,948.3534077419355,668.3333333333334,665.6916666666665,676.5954838709678,809.5409677419354,631.69,713.87,702.4239257465009,755.9712654705468,708.5370731707317,801.3931707317074,671.8622950819672,713.9524590163935,623.4380165289256,717.4743801652892,630.6635897435897,720.9542735042735,635.9338016528927,705.886776859504,586.21,553.02,757.3545454545456,851.4194214876032,680.4768660481188,769.8442336780755,691.6564227642277,711.4473983739838,637.8101772441395,722.7370997712978,614.0383198231393,774.1341193809875,582.5755737704918,649.5319672131147,628.4638211382114,737.0654471544715,,
2025-12-15,688.3475332506298,756.5167216056373,689.3409613405333,752.4078338881327,623.58,720.04,653.9404735537191,765.3124743801653,654.0375634863825,714.2004976650647,688.7705882352942,812.7453781512606,624.5742181003267,729.020239924168,647.8310924369748,728.8344537815126,797.1460698222318,795.272006853716,645.3333333333334,732.8333333333334,742.3544669421486,795.9429371900826,625.1667551612902,822.5469561290322,731.4166666666665,724.8083333333333,697.5632258064517,831.3151612903227,658.09,740.27,727.0356349270357,778.2706254984485,716.0167479674797,809.5232520325203,686.6,732.4688524590165,635.2479338842976,732.3752066115703,679.3815384615384,754.2876068376069,653.7023966942149,723.6553719008264,586.21,553.02,789.8669421487602,893.4111570247933,697.114403903995,784.5732409363471,714.4206504065041,733.398617886179,660.4471725261986,743.0302824755707,629.7466904860062,810.443864229765,601.7708196721312,689.3695081967213,651.2280487804878,756.5776422764228,,
2025-12-08,700.1001131609506,773.0047507579394,700.6473644682775,770.0792623568136,625.25,729.21,687.651217355372,781.4612347107438,654.0375634863825,714.2004976650647,688.8378151260505,827.3588235294117,639.8113626487692,748.3411818713074,660.4361344537815,747.3218487394959,818.7392887746358,827.5760497000857,649.5,744.5,749.5987314049587,808.8493231404959,622.7474003225807,831.4179238709678,743.6833333333332,751.0666666666666,705.6277419354839,847.4441935483871,664.49,753.87,735.4699685611849,789.5361282389347,718.0492682926829,811.3931707317074,694.9934426229509,748.1327868852459,657.8677685950413,765.0446280991736,679.3815384615384,754.2876068376069,672.9833884297522,742.9446280991735,586.21,553.02,807.5363636363634,917.7995867768595,705.4849657836908,795.9477513855708,731.4938211382114,755.349837398374,677.9148539319166,762.6333355688886,656.0664870542034,807.9273026165578,603.5577049180328,695.3613114754098,665.0491869918699,774.4638211382114,,
2025-12-01,707.7573991210597,790.3207369513796,708.0845393247397,788.4843828494131,641.08,764.21,695.345432231405,814.2380942148761,656.5940621058733,719.6969696969699,688.1907563025211,828.7117647058824,652.5716351988669,771.2325194871596,671.3605042016807,764.9689075630253,829.4616198267436,816.8757615113741,695.3333333333334,800.3333333333334,754.0879239669421,820.510479338843,623.6434576702509,824.1598593548389,743.8916666666667,775.1833333333333,707.2406451612902,860.3474193548388,666.09,801.07,745.8546261347471,805.41851333695,717.480162601626,807.8972357723578,702.3131147540985,762.1655737704917,661.297520661157,779.3421487603306,700.7490598290598,792.7491452991453,691.9916528925621,762.2256198347106,586.21,553.02,814.0652892561982,935.4028925619834,712.3358452021369,807.0439761003516,738.810894308943,775.6750406504066,682.6057884688515,785.0909240292284,665.9855878865276,825.9782906138832,604.9675409836066,700.6481967213115,675.6182926829268,804.5451219512195,,
2025-11-24,716.2934044080375,805.9328815067029,716.3007213202134,802.9967502438433,668.58,786.71,706.7917132231406,824.8827223140495,655.2305961754781,717.5239458704025,687.7033613445377,823.989075630252,662.0939534250725,776.6078327917498,678.9235294117648,785.1369747899159,850.8387891446092,891.8075805652622,695.3333333333334,800.3333333333334,758.0633950413222,824.503938016529,623.6638226099708,808.760473794163,759.4379958333334,804.9039166666664,708.8535483870968,867.6054838709679,670.09,792.27,756.5744390310243,835.0614555871313,712.439512195122,769.5232520325203,705.2147540983608,763.1983606557378,670.0495867768595,784.4082644628098,729.8088888888889,856.8517094017094,703.1486776859505,773.1099173553719,586.21,553.02,828.7016528925619,967.8078512396695,720.3162317100788,814.0303026594493,766.4530081300813,822.829268292683,685.549454065941,796.2032169646463,679.3748864255862,896.9652916590951,604.9429508196722,700.9760655737705,704.8865853658536,825.6833333333334,,
2025-11-17,716.4111742407929,789.3267250465605,714.4204914481163,787.2589740614491,665.2478666666668,770.039,692.3289033057852,808.1554495867769,648.5836997648021,709.93966663258,684.6529411764707,810.1991596638654,655.1866693520727,759.7499563165574,686.4865546218489,769.1705882352942,872.353815460011,870.4792255265588,687.0,783.6666666666666,754.82390661157,813.9734933884299,606.4647582334865,786.1833197653958,755.3655841666667,789.0621083333333,703.2083870967741,856.3151612903227,656.49,788.27,758.5549328317837,823.12205543537,710.000487804878,762.2874796747968,696.0508196721312,746.9360655737705,662.2231404958677,740.8876033057852,752.885811965812,805.5696581196581,672.1569421487604,741.2917355371901,586.21,553.02,832.3132231404959,946.2128099173553,727.466918494064,790.0277388825181,773.770081300813,804.130081300813,685.5514301877224,796.1773608338591,698.7914443380308,861.2578100059288,590.3013114754099,663.1659016393442,691.878455284553,823.2443089430894,,
2025-11-10,704.5959097028158,776.5463651171689,703.0300384981376,775.3475005794024,654.4145333333333,770.039,675.039647107438,809.6182595041322,642.9167944915978,691.7459181238709,684.8126050420169,798.6109243697479,646.8281439640696,739.1626351798869,675.5621848739497,767.4899159663867,861.7688022284123,892.0344975358903,678.6666666666666,767.0,748.0207438016528,798.9173553719008,621.4417167588329,769.3944634604106,740.66,772.49,695.9503225806451,842.6054838709679,648.49,764.27,753.5754802411717,806.8925134202061,707.480162601626,752.9378861788618,684.5754098360655,723.6081967213115,652.3223140495868,724.2429752066115,719.55,836.34,672.1569421487604,741.2917355371901,586.21,553.02,809.9743801652892,939.75,708.5645380932318,765.2841471788139,752.6318699186992,800.0650406504064,678.0925102371294,781.9363825536819,685.9379266405753,865.6048056794393,582.2357377049179,647.0101639344261,678.0573170731708,781.7808943089431,,
2025-11-03,700.6055088950299,757.666987312012,699.1631984037564,754.6450272318951,646.0812000000001,733.3723333333334,686.3950190082645,774.4033834710744,637.1220642874188,672.8278283396395,685.2411764705882,790.3420168067228,642.4270946978611,724.2228318391155,669.6798319327731,742.2798319327732,861.7226418126305,859.8478761583374,663.6666666666667,703.6666666666667,743.9247495867769,785.1224305785124,643.4463250537633,793.2122787096774,736.3787083333334,749.735175,689.4987096774192,825.6700000000001,640.49,732.27,746.7787667931946,792.2497415940779,702.9273170731706,748.6289430894309,675.8049180327869,705.5344262295082,649.6363636363636,709.1438016528925,705.877264957265,788.475641025641,673.396611570248,742.9446280991735,586.21,553.02,810.2636363636364,910.0971074380165,705.2332520655251,761.686196322308,750.1928455284553,783.8048780487804,669.8423160776758,759.1417575731574,679.6159122085048,848.5779606767261,576.4488524590165,631.9527868852458,681.3093495934959,785.0329268292683,,
2025-10-27,696.5092691993711,740.4628835186843,693.411460536118,735.5925530474723,648.5812000000001,734.2056666666666,670.7325619834711,729.2201652892562,630.1769097044688,653.9523468657328,686.0983193277311,789.4428571428572,634.7289559961442,711.9235169378505,670.5201680672269,732.1957983193278,872.2253460786676,848.9303023000508,586.1666666666667,637.0,737.9111818181817,773.6176983471073,609.6608900586509,750.7361056891493,723.4481999999999,716.1694499999999,682.2406451612902,807.9280645161291,632.49,707.47,733.2668840894178,776.2354484701808,695.8541463414635,742.368780487805,666.4852459016395,686.3131147540983,650.5702479338843,689.5570247933883,699.894358974359,788.475641025641,669.9503305785124,735.093388429752,586.21,553.02,812.4867768595041,897.2128099173553,708.2712520087201,756.9994833769149,736.3717073170732,749.6585365853658,665.1373617441855,742.2762872989969,694.0982404692081,833.8709677419355,586.3504918032786,644.6331147540984,649.6020325203252,753.3256097560976,,
2025-10-20,691.5491756101743,726.5695316672725,688.5107755680722,721.7217027283762,631.9145333333333,704.2056666666666,680.4267768595041,765.1292561983471,637.1646725977436,662.4314006203772,691.409243697479,795.3420168067228,635.9995781007046,712.9587729535332,650.3521008403361,693.5403361344538,872.3421348615501,806.1967757484871,597.0,677.8333333333333,739.5395347107439,775.4219950413224,616.1858167448681,744.7610323753663,702.6479083333334,686.1676916666665,681.434193548387,807.1216129032259,632.49,723.47,741.0721329755742,783.1873894555772,694.4720325203252,742.450081300813,672.0999999999999,692.0262295081967,650.6280991735537,687.7884297520661,699.894358974359,738.0482905982906,667.6114876033058,732.8867768595042,586.21,553.02,805.5198347107439,868.9070247933885,698.5407988013742,741.4000045606374,745.3147967479674,737.4634146341464,650.0114258614265,734.6246641064724,685.9690627843493,789.8089171974522,593.6783606557377,655.7560655737705,665.8621951219512,754.138617886179,,
2025-10-13,698.1412793978042,742.0233822036016,697.3121440906245,740.1796782817473,638.5812000000001,715.039,678.550743801653,752.9557024793389,645.8567679040121,673.3817363738624,697.1571428571428,801.9806722689075,639.0080744595595,720.773937525574,665.4781512605041,723.79243697479,861.664948246542,827.6536200640057,590.3333333333333,653.6666666666667,745.4115363636364,781.9449008264463,628.9886345441794,759.1305338416423,736.9579333333334,728.779875,688.6922580645161,814.379677419355,646.8900000000001,729.0699999999999,745.0695049810449,783.4403083943415,688.699674796748,738.7915447154471,679.4606557377049,699.9196721311476,645.7603305785124,690.8876033057851,699.894358974359,754.2876068376069,671.6032231404959,740.3247933884297,586.21,553.02,807.7099173553718,882.3946280991736,694.3879179375194,739.6990537845529,746.1278048780488,750.4715447154472,658.9243397818973,740.3377942415817,687.9506038318351,801.8160355942977,596.4242622950819,656.4609836065572,676.4313008130082,773.6508130081302,,
2025-10-06,701.0488175919281,749.3322499045186,700.2180617488044,748.0235165442989,637.7478666666667,719.2056666666666,687.4928925619835,778.947438016529,649.9045573848725,674.1912942700346,698.081512605042,802.6445378151261,640.5264668163527,722.2905223189455,666.3184873949581,728.8344537815126,851.112271820215,817.0945665421135,610.3333333333334,656.1666666666666,751.8471900826446,788.5206611570248,588.5180096415768,724.9663109677415,746.8416666666667,742.5499999999998,696.7567741935483,820.8312903225808,670.8900000000001,747.47,753.5089241385022,795.0230373181776,687.1549593495936,737.3281300813009,687.3049180327869,708.6,644.8016528925621,697.193388429752,715.2789743589743,769.6722222222222,666.3718181818183,736.6057851239668,586.21,553.02,802.709917355372,884.1301652892563,703.6095815027358,750.2672855325244,748.5668292682926,758.6016260162601,669.5628856837287,751.4231978281931,673.2799417546415,791.1903895158356,598.5062295081968,657.2642622950818,678.870325203252,787.4719512195122,,
2025-09-29,703.680428902747,752.2756842301593,702.4170907384687,749.793561814902,646.08,722.54,667.53,753.51,651.7793230391657,672.7426117189898,697.75,801.8,640.990864949387,722.673031026253,662.96,730.52,851.351713420679,849.4761943037805,586.1666666666667,644.5,752.24,787.38,683.24,825.77,746.08,741.55,700.79,822.44,670.89,745.07,760.4187634243634,798.7709931471823,683.98,735.05,689.63,709.99,648.64,705.26,715.28,790.19,669.59,737.51,586.21,553.02,811.99,897.24,703.7568801967443,748.560721395948,753.44,774.05,686.3418860642341,765.2285213555718,687.3254759746146,832.7107887579328,595.56,655.64,683.75,778.53,,
2025-09-22,703.5397429246883,747.0840799268581,703.4519028637808,746.624058631286,641.08,719.21,667.53,745.24,746.4975968912978,678.2390837508948,695.02,799.71,641.4149659863947,722.6761492475778,661.28,723.79,862.196020633751,828.1637301534133,591.1666666666666,640.3333333333333,754.03,787.88,706.62,831.42,749.02,738.41,701.6,820.83,678.89,737.07,768.5089437162684,802.4786430223593,679.92,732.29,691.1,710.51,643.88,698.38,715.28,764.54,672.84,742.25,586.21,553.02,813.64,887.32,680.7184785160835,728.0535336933552,760.76,770.8,685.6430668584603,765.1204949851228,685.89528937961,806.6971356169963,593.69,654.48,690.25,777.72,,
2025-09-15,702.3957351296643,746.1128407059416,702.8157604469503,745.2806537718105,644.41,720.04,665.77,749.64,654.4227426117191,674.1486859597096,693.79,799.39,639.3126978254613,719.7899453282362,661.28,722.95,862.0689655172414,828.0416901106556,597.0,655.3333333333333,752.67,786.39,721.94,873.35,745.09,733.08,699.98,818.41,678.89,741.07,766.635242222963,797.0616264457723,678.29,731.64,688.92,707.63,637.07,696.47,704.17,764.54,668.99,738.81,586.21,553.02,813.64,886.49,684.8794259498883,732.6620397600283,755.88,765.11,684.2493085736863,763.3129197945476,687.6048206021171,803.4092471245933,585.83,644.58,701.63,778.53,,
2025-09-08,697.7348950590878,739.59789689841,697.8937180089924,737.1777793335698,641.91,721.71,680.35,753.79,657.8740157480316,673.9799570508233,693.98,800.18,636.3559878519249,716.6707707461217,657.92,717.07,828.154299491026,877.7122957406912,602.0,661.1666666666666,750.48,785.5,674.36,812.06,717.92,705.96,697.56,817.61,668.49,729.87,758.8727577620815,791.177905381371,675.04,727.9,684.43,703.79,634.09,697.29,704.17,779.07,670.09,740.18,586.21,553.02,804.55,883.19,683.7604424049887,725.2759148135074,756.7,768.36,676.1735770193806,755.4701208572386,695.9320030907686,817.5628380528158,580.64,637.59,688.63,769.59,,
2025-09-01,690.9581782454217,731.9958861399377,689.7505098943082,729.8898395813127,636.91,714.21,669.77,741.79,653.5279680948973,669.5878924225382,694.27,803.07,631.4316702819957,709.631645725044,650.35,705.31,840.7133000174173,785.246318948539,707.8333333333334,731.1666666666666,748.57,783.66,590.49,712.06,716.61,707.13,691.92,813.57,668.49,723.47,758.711172972289,797.1843350626345,677.89,732.21,677.4,697.49,628.79,694.41,704.17,758.56,655.49,676.13,586.21,553.02,790.5,862.53,683.2514746316359,724.2215589970156,746.13,754.54,664.3928493998463,748.9425862782585,685.325099891028,802.8332727933163,580.67,638.59,678.87,758.2,,
2025-08-25,693.092277500666,736.530276141819,692.5534014063868,734.9052441877279,641.91,720.87,673.33,775.16,657.746190817057,677.3852132119849,694.56,805.83,630.2933507170795,708.6782920469361,656.23,707.83,862.1382636655949,817.390139335477,775.3333333333333,791.1666666666667,748.39,784.47,663.07,791.09,727.3,713.45,689.5,811.96,660.49,715.47,744.6445395067941,783.5642174131857,681.79,761.15,676.3,697.14,636.56,698.06,687.07,758.56,651.91,728.2,586.21,553.02,782.24,848.48,681.6219260371693,729.2660033790127,745.31,752.1,663.6003878193079,746.6966105383962,686.1197179936236,798.9581930037273,585.57,657.1,666.68,746.01,,
2025-08-18,689.8960432206272,737.430372559074,688.4507498879972,735.2247342036997,634.41,714.21,673.33,750.37,657.746190817057,681.7772778402701,694.4,808.43,637.881165461158,719.4046013648808,649.51,701.1,840.7133000174173,801.3237047656052,744.5,767.8333333333333,750.08,789.87,576.78,725.77,730.01,721.34,691.11,819.22,668.49,729.87,744.7488813045127,786.1205663000885,683.82,767.82,681.09,704.83,637.93,705.11,687.07,751.72,666.51,736.61,586.21,553.02,768.19,843.52,690.0658823529412,738.564705882353,741.25,748.03,660.8075258404316,753.6137077807862,666.236443488393,775.0470556601238,583.29,669.44,669.11,748.45,,
2025-08-11,694.8736262810472,750.4280294674178,694.4614051171566,749.1431023562213,645.25,727.54,667.15,756.79,657.3627160241334,691.0215768483486,694.38,809.6,640.8091328677041,737.2801535759507,657.92,720.43,840.8034194905603,801.4096019080542,742.0,800.3333333333334,753.49,797.85,596.94,759.64,735.52,737.0,694.34,826.48,673.29,757.87,752.7042427918025,800.8010764915472,687.48,771.15,687.69,713.04,640.13,712.41,687.07,763.69,672.71,741.98,586.21,553.02,774.8,867.49,690.2433290231575,746.0256259550958,744.5,763.48,663.716429699842,759.9881516587677,667.6086567698086,787.1221606152745,581.51,679.59,685.37,783.41,,
2025-08-04,700.5952536614012,762.3504078952639,699.3847624310393,760.425234097844,663.58,753.37,670.64,784.95,658.3853154719297,695.1988955925965,699.78,813.48,643.0021967293142,740.4633471645919,670.52,742.28,872.9967304496971,844.3211663182719,739.5,804.5,755.52,804.53,580.01,753.19,717.16,737.62,695.14,833.73,662.09,788.27,755.650069052103,819.4271186440678,688.05,772.04,690.44,719.12,640.8,713.79,706.73,777.36,687.72,767.74,586.21,553.02,783.07,885.67,694.8290378408718,752.5866504513774,751.01,787.06,665.0747974850701,782.9867749374224,687.8247261345854,825.9333780460541,581.0,676.54,675.62,798.85,,
2025-07-28,698.3250695030945,767.2464913343736,698.4353076883369,766.3470164059639,662.75,745.04,658.86,758.65,665.0322118826057,702.3979957050824,704.67,812.69,642.800406504065,740.190243902439,664.64,743.96,830.0840133456607,822.8484141978535,753.6666666666667,835.3333333333334,757.89,807.46,639.69,782.22,728.11,758.3,691.92,836.15,677.29,804.27,743.4099408581853,813.7290046558447,689.11,771.07,696.91,728.55,635.86,718.1,685.36,777.36,699.57,776.69,586.21,553.02,766.54,884.01,696.6709707712172,757.1381617560747,732.31,791.12,662.1427585254729,782.3731287351334,669.6848805414854,828.7238334304541,580.67,674.25,674.81,798.04,,
2025-07-21,703.129209700248,771.022741750029,702.7694527165153,768.7681387633596,657.75,755.04,681.19,751.93,665.7122405153902,702.7405665200941,704.83,811.17,643.1363230156796,737.4668941424974,670.52,753.2,820.2606936648493,847.3213926882528,755.3333333333334,837.0,760.33,804.75,617.11,780.61,732.13,758.62,694.34,836.15,689.29,810.67,755.1709738062415,816.5250281990225,689.43,767.25,702.38,731.3,641.83,717.55,685.36,779.93,703.15,774.04,586.21,553.02,770.67,892.28,706.0695344725988,768.7637006482028,738.81,796.0,671.2764068879815,787.8138745882399,679.1651801641099,844.1669639671779,593.52,678.44,657.73,782.59,,
2025-07-14,704.4044461870662,768.743461733956,704.3578786930891,767.7559634773294,665.25,757.54,681.19,784.16,664.3061662746703,697.7093772369363,708.43,806.68,642.6217137293087,735.7643622200583,669.68,750.68,831.1782283026704,858.2454541800104,737.8333333333333,819.5,760.16,798.21,646.14,820.93,734.62,757.54,693.53,831.32,691.69,802.67,754.5260434891277,816.8027993001749,691.79,766.68,703.68,730.58,637.12,713.63,685.36,811.55,699.18,768.92,586.21,553.02,774.8,867.49,708.01455911706,759.852060584713,739.62,800.07,677.6504636465654,778.0639064438012,666.3810798750558,824.5604640785364,603.25,681.73,662.61,780.97,,
2025-07-07,704.0410883948344,755.9394157571045,703.0429689849302,753.7701932323145,657.75,742.54,667.5,761.14,666.3513651702629,695.8380202474692,709.15,796.57,643.9939086294415,728.397157360406,673.04,745.64,842.180043965471,847.8097689131951,733.6666666666666,782.0,760.43,792.93,624.36,766.9,705.67,715.07,689.5,820.83,694.09,802.67,746.8287215411559,795.2552914686015,693.74,766.52,707.48,731.26,646.68,710.31,673.4,791.89,704.97,754.21,586.21,553.02,774.8,867.49,714.5553385263455,754.3030616807475,727.43,774.86,679.863784424045,769.32385746718,661.2029199695463,811.8590174212907,592.9,662.28,665.05,763.89,,
2025-06-30,713.5530285906575,765.3735127889745,712.100636986729,764.0973847904881,664.32,740.03,697.23,792.92,668.3096431127927,704.2744656917887,711.5,797.8,646.7893801018347,727.1732805301868,676.4,740.6,852.8461713734268,826.3078180916511,712.0,787.8333333333334,767.86,799.04,589.69,747.54,754.52,759.91,701.6,828.09,677.29,770.67,764.444372186093,797.9127063531765,683.33,749.85,718.77,741.3,666.41,731.69,689.64,755.14,713.07,756.71,586.21,553.02,785.54,876.58,723.451901091389,765.0944063361856,742.88,778.11,688.8766368022053,770.7393915526237,686.0270039922846,826.2324496478716,586.62,622.39,696.76,773.65,,
2025-06-23,719.2819358710093,764.6005723589843,720.5194439752775,765.1289429941219,683.49,776.69,682.2,777.7,647.3054504550569,672.655690765927,693.16,772.72,642.7745153245918,720.2900008044405,699.09,764.97,906.6291306387827,912.2595348213687,752.0,827.8333333333333,757.15,778.77,772.75,925.77,754.89,757.63,713.69,830.51,674.09,748.27,762.8891472676446,790.4254508571852,665.94,724.56,707.98,714.39,659.98,727.46,732.37,808.13,665.96,704.79,586.21,553.02,796.29,895.58,703.4709390714536,742.0348497251783,759.95,798.44,703.5004261560723,779.6674000515352,696.1615980651229,832.3554440811573,590.53,623.66,691.88,753.33,,
2025-06-16,699.4046001051337,719.24325464716,702.559144563175,719.7878159373031,650.99,713.36,707.56,768.24,630.5603844973924,652.8019224869619,685.12,757.95,614.0351868291502,686.6653216043902,684.81,719.59,874.6195411700031,826.6180394470441,709.5,741.1666666666667,736.75,748.64,763.07,868.51,732.88,688.45,688.69,774.86,665.29,729.87,748.7114287848977,771.1683062286753,663.33,720.66,677.21,673.9,645.16,656.68,687.07,737.19,665.27,706.58,586.21,553.02,778.93,837.73,666.6439978425532,688.4482799052598,742.06,743.97,691.657711442786,740.8835820895522,690.3799662454957,786.4617068831819,592.88,624.61,661.8,724.87,,
2025-06-09,685.4200662118882,704.18651659248,685.859698317489,702.596053544935,628.49,685.03,636.18,697.12,628.8986603947235,651.395848246242,685.12,758.49,611.7629976202961,682.3607469850361,665.48,691.02,852.9147621409326,794.2039864348618,718.6666666666666,742.0,731.96,743.69,641.3,760.45,728.13,678.78,680.63,764.38,663.69,728.27,746.1290515309931,761.0234005476723,663.82,723.75,671.66,667.26,638.79,649.0,687.07,713.26,668.3,688.26,586.21,553.02,762.4,807.15,670.6346604215457,691.7658079625294,730.68,730.15,676.7761134808055,726.8882055351652,667.2379216043755,753.1084776663628,588.8,625.65,662.61,724.87,,
2025-06-02,685.8718706414988,704.0021122680982,687.1697304497636,703.1218467972735,626.82,680.86,660.14,700.77,629.026485325698,651.4827691993047,681.73,761.16,609.191533796538,679.986746455681,663.8,687.66,842.1574672278368,772.7260542047557,722.0,737.8333333333334,732.91,746.61,635.65,757.22,729.84,679.42,681.43,764.38,665.29,730.67,742.1773949308641,759.6811558225554,663.42,723.99,674.35,672.17,640.31,652.33,687.07,723.52,668.99,692.39,586.21,553.02,761.58,803.02,668.2159800836114,688.743012823524,728.24,726.89,670.7203197024551,722.0032840722496,672.6309485419449,758.6124291703137,587.63,627.56,669.93,724.87,,
2025-05-26,688.2553305738998,708.2167533099664,688.298991410179,705.3634177901334,631.82,688.36,682.5,728.56,626.7256365681563,696.9015236731773,679.91,762.8,610.7138835263836,682.0407014157014,660.44,681.78,842.3268222707833,772.8814468233433,722.0,737.0,732.81,749.47,616.3,736.25,731.75,683.05,683.05,766.8,665.29,735.47,741.3498996605803,757.295468622253,666.75,728.14,678.99,677.93,638.95,649.45,698.18,723.52,660.45,690.74,586.21,553.02,761.58,803.02,682.883731888326,706.7239957592177,734.75,733.4,672.0824115044247,725.9521175726928,673.0604144551622,758.9790926293441,577.49,623.72,668.3,733.0,,
2025-05-19,689.7143311323262,710.475055892362,690.6306741729069,708.0487000891953,629.32,687.53,667.05,712.9,624.4656917885264,647.9854790878413,680.13,763.22,610.1240615088128,681.1289998795519,675.56,702.78,863.5803131031525,794.1507613124598,719.5,727.8333333333333,730.48,749.02,606.62,732.22,732.85,682.88,678.21,764.38,647.69,726.67,742.1428606934261,763.9039890642476,664.47,727.98,678.99,671.82,644.08,650.09,698.18,723.52,664.86,693.49,586.21,553.02,762.4,803.85,673.826368065967,709.9325337331335,740.44,740.72,661.5218296867871,721.4726360264218,683.6857313213777,769.1418612117598,572.08,622.42,660.98,720.81,,
2025-05-12,683.2773760432649,708.5852884207281,684.1654894041209,706.2274751529346,616.82,679.19,682.41,728.65,624.8082626035383,649.3506493506494,683.03,767.62,607.5804643714972,681.7522017614091,676.4,699.42,831.5793707184321,762.135857252021,687.0,718.6666666666666,729.57,750.3,680.82,870.13,713.11,667.93,661.27,754.7,646.09,729.07,725.5194395883093,754.0997710092827,668.94,734.81,656.58,676.54,633.6,640.42,666.56,697.02,656.87,685.78,586.21,553.02,743.4,789.8,683.9256656368652,721.9276937952502,720.11,717.95,644.1190882185766,701.5601419023538,649.7680187422482,740.9435435711333,575.9,626.93,648.79,722.43,,
2025-05-05,686.2912741617826,715.7488165495105,685.6040828484709,713.035616758463,628.49,697.53,683.63,733.14,624.2100419265774,655.0618672665918,691.18,776.69,613.4254165830154,692.3665930536035,672.2,701.94,841.9768968936775,783.2810699257592,707.0,734.5,737.91,759.68,643.72,784.64,723.14,682.08,664.5,763.57,641.29,733.07,740.0571174245233,778.9857824592635,680.57,748.14,662.39,685.46,648.4,654.45,666.56,697.02,639.51,663.47,586.21,553.02,741.74,788.15,692.1536049423163,725.2427866051997,720.92,726.08,659.6866526062066,723.7541428141006,653.3949064971881,739.0974349595355,576.56,629.47,648.79,728.94,,
2025-04-28,692.6836579316654,724.619178220727,692.5175728954778,721.3480130719919,630.15,701.69,651.35,705.06,631.4551590142142,665.8809694242766,698.99,790.06,616.9169770515439,697.9066041891945,683.97,715.39,863.1638175874818,804.4852901773752,747.0,934.67,742.46,764.56,655.82,794.32,725.75,685.07,670.95,770.83,639.69,733.87,738.7025069224683,784.0339695411392,690.65,761.15,669.33,693.09,658.56,665.14,680.24,715.83,675.6,709.89,586.21,553.02,754.14,799.72,692.6113904806456,735.9794176119751,737.18,741.53,667.6771329275398,735.9448763534824,663.4172956260799,755.5515140492861,618.93,670.26,651.23,738.69,,
2025-04-21,696.7437477802549,727.1082085878176,696.6427757220612,722.9227733401844,638.49,715.86,653.85,715.7,648.4149708559158,678.6634625217303,704.08,795.43,618.3098084689511,700.3594705905874,688.17,723.79,841.4131133490465,793.4701092779087,730.33,796.33,749.84,772.65,649.36,788.67,701.47,664.21,673.37,774.86,702.09,778.67,729.9084641805691,772.0656771344454,699.68,773.26,678.24,702.02,660.29,670.48,669.13,715.83,662.65,684.13,586.21,553.02,753.31,798.06,704.1433685047843,747.3059916243595,726.62,730.96,668.9770170363228,736.6682738669239,667.4404686338163,766.716842887974,638.39,694.11,654.48,745.2,,
2025-04-14,703.4428828070442,740.2053258597093,703.7123839212952,737.6525478480006,643.49,715.03,680.22,737.51,677.9834338889458,704.9135903466613,719.71,813.59,624.1006850406245,707.077823801179,673.88,712.03,852.0924004017409,805.2226314027452,782.83,848.83,764.02,789.72,632.43,812.87,741.06,703.23,684.66,788.57,710.09,795.47,722.9055426970399,770.8430990376415,708.54,783.91,696.79,720.65,674.23,696.35,669.13,723.52,709.21,725.86,586.21,553.02,766.54,819.55,713.7237517498835,756.7405506299581,732.31,739.09,676.6830738322451,745.2295328980412,656.2304093035933,754.9720619633853,620.94,685.91,672.37,774.46,,
2025-04-07,724.4231104978471,766.1021082477884,724.7249701318847,764.7724524522936,653.49,731.69,707.4,765.59,695.3676245014829,723.8316801308929,727.04,829.04,639.1010121055765,732.3210954554476,686.49,731.36,895.388408049519,848.4954044856506,795.33,863.83,781.11,811.66,680.82,870.13,785.93,748.87,724.18,826.48,689.29,793.07,768.7453119254811,817.6120112758916,713.82,791.15,715.21,740.94,697.12,734.89,746.05,746.6,719.26,787.02,586.21,553.02,797.94,851.78,723.2254308337216,766.8234746157428,783.53,786.24,706.959456744485,781.9584522039618,683.0474814948548,774.2913883372452,612.24,682.06,706.51,806.17,,
2025-03-31,727.0251724963452,773.5926465338491,722.697685119461,768.2546514328305,651.82,741.69,680.42,772.79,703.6762450148277,728.2186317619389,731.73,848.12,637.848730069706,738.4280105760756,696.57,741.44,895.6884189082332,859.5016954150082,753.67,848.83,776.38,810.77,671.14,885.45,770.22,747.13,721.76,828.09,686.09,789.07,781.9536224680004,830.8190132968809,714.55,793.99,715.67,742.85,677.26,752.47,726.39,785.91,670.09,723.52,586.21,553.02,788.02,856.74,743.3484703632887,790.1075525812619,784.34,795.19,721.817926101545,794.3943260131401,729.6893722923771,845.1285832795649,617.9,696.73,682.12,794.79,,
2025-03-24,716.3849783956174,772.3811988863993,712.3467485620966,767.1052467139556,639.32,731.69,674.14,778.11,710.236220472441,733.715103793844,730.16,848.11,634.5334401281538,738.2907488986784,680.6,741.44,863.7771312892976,849.0300438390691,729.5,837.17,773.65,811.18,665.49,867.71,751.22,740.45,705.63,824.86,691.69,810.67,769.7034013263667,823.8298583199357,723.9,805.86,720.24,748.9,676.8,750.91,699.89,774.8,672.57,739.23,586.21,553.02,753.31,839.39,736.6882183908045,791.7049808429118,754.26,781.37,716.1809630999277,790.1800787844683,699.4250250981107,837.1634571506797,622.11,711.6,670.74,795.6,,
2025-03-17,720.8360525396023,780.1297572986837,718.0478607741251,775.6438581904129,626.82,723.36,678.79,774.86,720.2934860415177,745.8993762143369,739.16,854.64,642.5584182144997,745.1551827441581,678.92,744.8,852.8690337367807,848.8479633278378,746.17,853.83,781.32,820.0,655.82,870.93,747.11,750.57,700.79,832.93,691.69,817.87,765.9665397715888,827.901748146664,739.19,818.87,732.37,762.4,687.4,770.18,687.93,774.8,687.59,757.13,586.21,553.02,786.37,879.06,743.5635286529872,798.6479707617706,739.62,783.8,714.5273731793069,800.4942240080362,680.3175323202539,825.0034021320026,647.68,731.37,670.74,798.04,,
2025-03-10,733.5354219360836,798.2781991862664,731.3991331169534,794.0465322940613,662.05,753.37,687.94,792.63,729.4099601186216,759.4948358727887,760.82,869.85,664.1042593260407,766.9223063669513,686.49,760.77,842.4058779362866,859.8358897350638,767.83,875.5,800.67,838.33,667.11,882.22,769.82,774.52,715.31,851.48,738.09,853.87,786.7431968957317,849.3321066466392,747.24,826.19,748.51,779.12,697.1,780.67,700.75,774.8,722.02,790.18,586.21,553.02,786.37,880.71,750.1429933269781,806.4585319351764,746.94,801.69,726.7316387018989,822.8594393650156,698.700943525229,872.5283741282649,669.99,751.5,699.2,829.75,,
2025-03-03,757.2059063577058,818.5158662531751,756.6615908475419,815.6301305163717,682.05,777.54,747.65,843.02,737.038551999182,768.7800388587791,763.91,874.13,679.4991433239032,777.7921663943898,725.14,795.22,874.5960875802796,892.0263330785834,827.0,934.67,815.52,852.65,671.14,889.48,791.02,796.8,754.01,878.9,741.29,861.07,804.5614714182253,865.6158130010239,755.85,832.69,760.24,791.68,715.68,799.51,731.52,817.54,500.67,571.23,586.21,553.02,816.95,906.33,763.9805313129375,821.8758991080848,780.27,830.15,760.8462419384005,848.1506037409841,721.7578475336322,876.8430493273542,669.15,746.2,725.21,853.33,,
2025-02-24,767.6901211334051,828.5262460318419,766.7641680442963,824.767199288768,700.38,795.04,743.58,844.31,707.2962470600266,751.5236731772166,763.96,873.3,691.6598834889475,791.2772324634906,733.55,806.15,906.5319089044675,934.6809109553234,804.5,920.5,825.25,859.52,732.43,995.13,791.99,795.52,764.5,885.35,742.09,857.07,816.7406457716149,880.8717667853319,758.86,835.86,766.38,798.13,729.52,815.81,758.87,851.72,754.25,814.85,586.21,553.02,829.35,917.07,775.2660152008687,833.8327904451684,798.16,848.85,775.2973559431005,859.0130997347906,733.9011925042589,898.7716309513136,667.17,741.81,736.59,850.07,,
2025-02-17,771.135837681741,829.4348870752316,770.3427857875864,826.5888096473105,699.55,789.2,762.36,840.25,707.2962470600266,751.5236731772166,763.86,872.56,691.9903416347381,792.0605842911878,732.71,804.46,917.3291151118678,913.3075056637667,812.83,927.17,827.96,861.21,748.56,959.64,814.42,809.17,767.72,885.35,741.29,859.47,823.7308391208026,877.0987728076071,762.93,840.91,767.21,798.45,726.97,815.35,772.54,852.58,755.55,815.37,586.21,553.02,835.13,917.07,776.8537435404398,835.7769498858311,807.1,844.78,777.2734579063691,846.3090214988948,737.7674750356633,892.0114122681882,673.04,754.76,735.78,849.26,,
2025-02-10,769.9203574475839,826.7292324905786,768.6529989749356,824.1061592990513,698.72,788.37,726.15,815.53,707.168422129052,747.4332753860314,763.8,872.57,689.5106289634267,788.5570135205201,737.75,804.46,917.4890056848654,902.7405341628231,805.33,913.0,826.17,859.93,734.04,950.77,811.38,803.09,764.5,882.93,754.09,874.67,829.7916460334752,877.7818659007625,764.39,843.26,766.26,800.93,717.8,805.47,772.54,820.95,738.55,803.55,586.21,553.02,832.65,917.07,778.543033670195,837.5808228363429,806.29,834.21,763.9313628965824,833.2857803050093,739.9104332017913,875.3070544938589,678.23,767.88,736.59,851.7,,
2025-02-03,765.1088773095815,825.3917746279674,763.4372273306924,823.6922758513861,692.05,785.87,710.29,810.94,728.6021065548625,765.5844155844156,763.86,872.2,686.2378237110952,784.5414587788073,733.55,803.62,917.0709480286257,891.6079230212549,805.33,913.0,827.32,861.86,650.98,861.25,811.92,808.17,766.11,885.35,755.69,881.87,816.8982444972211,861.0421124794947,762.36,839.44,766.26,800.93,714.55,803.72,744.34,832.92,745.3,795.7,586.21,553.02,824.39,922.03,775.5366228848658,834.1190391669625,798.97,833.4,756.8667242661095,826.3999678514739,732.7236303457886,864.8027175333158,664.25,749.36,738.22,851.7,,
2025-01-27,768.6539001593444,835.0099318705089,765.9447351520862,832.368757829341,708.72,809.2,734.4,837.24,734.9064321505267,771.3365374782699,760.94,869.88,700.401960003187,801.0126683132818,722.62,799.42,916.9849246231155,912.9648241206029,832.0,938.83,832.47,867.83,658.24,872.54,821.78,829.12,773.37,895.83,735.69,861.87,828.4702774108323,886.0957972503546,754.72,822.29,772.62,808.4,720.39,818.3,767.42,852.58,760.59,835.09,586.21,553.02,830.17,936.08,783.3432085891025,842.8033086056929,804.66,852.91,762.0522613065327,829.937688442211,732.6026443980514,891.16214335421,657.46,738.17,756.92,867.15,,
2025-01-20,768.2300742464545,836.9875513668483,766.8723655005628,834.5634678787703,715.38,814.2,727.57,846.55,724.2969628796401,761.3661928622558,755.92,852.82,687.6595660280059,788.039985719386,731.86,819.59,917.1569875755586,956.0252509683559,802.0,917.17,826.38,859.84,681.62,903.19,820.84,826.87,771.76,892.61,733.29,851.47,828.5705191818953,895.0697325426602,741.55,807.82,765.91,798.09,730.03,835.57,767.42,876.51,763.62,832.47,586.21,553.02,838.44,949.3,780.3561360646495,841.0331704566811,809.54,867.54,730.362273704515,800.3315316763449,738.4749227891599,923.8505372134499,644.59,727.29,742.28,849.26,,
2025-01-13,750.1958102469108,810.9850445226866,747.4110739895217,807.6559425712048,688.72,784.2,716.56,842.81,711.8161366192863,748.670620717865,736.6,839.97,670.4466904478795,768.2215616329765,713.38,793.54,906.5076067287715,902.4864285235574,802.0,917.17,809.81,837.17,667.11,873.35,801.51,791.52,749.18,863.57,710.09,839.47,819.0963063237284,879.5314252562366,727.32,792.12,741.35,769.84,714.35,801.3,752.03,827.79,744.47,811.54,586.21,553.02,817.78,917.9,758.7077139178276,811.9817394357955,788.4,829.33,748.8829904888299,811.3309605678551,733.3188475077138,901.2733040719656,644.94,727.77,717.08,823.24,,
2025-01-06,743.6785124490601,799.6886293886184,740.6352480352892,795.4856404955867,677.88,784.2,710.2,803.17,707.168422129052,747.4332753860314,730.0,824.24,665.8026556412499,762.0986721793752,719.26,785.98,906.6777493263262,913.3809708946119,802.0,917.17,796.86,823.13,625.17,827.38,797.15,782.25,735.47,851.48,709.29,833.87,801.5789765602392,864.1561686119418,715.53,777.65,724.54,752.98,702.81,791.37,719.55,810.7,735.93,804.23,586.21,553.02,816.95,909.63,744.0166517710146,798.1701867444376,785.15,823.64,731.5094377550405,798.4642289987335,764.1327576431593,910.6371843516944,638.97,714.21,715.46,819.18,,
2024-12-30,734.061914028993,788.3579634755048,732.6234456217414,786.1592824523461,671.42,775.04,719.82,800.72,704.5301155537377,748.1184170160549,729.96,824.22,660.8229604376437,755.6318877348767,705.93,776.43,868.3109919571046,866.0857908847186,795.33,911.33,787.69,813.31,694.53,870.13,784.3,770.58,728.21,845.02,702.09,824.27,793.9571841664035,849.5560226471947,715.61,777.82,711.54,740.0,689.01,778.32,724.01,813.84,719.26,775.5,586.21,553.02,807.86,896.41,739.6858516000468,787.4786074317195,763.2,805.76,716.6502562041595,738.5933889279614,713.5681016845863,878.2483785313194,633.24,718.38,716.35,820.68,,
2024-12-23,733.1382274798566,786.7994382750679,731.4276738097668,782.9793057626193,676.42,783.37,714.79,798.44,694.3450250536865,726.7256365681563,729.76,823.01,661.0451561567534,755.0137258802466,697.52,768.03,868.4506891188931,866.2251300477288,799.5,915.5,784.29,809.91,770.33,983.83,772.42,757.47,726.6,844.22,702.09,821.87,798.8098672469013,854.7485270029093,718.05,778.39,709.8,737.75,691.54,780.03,724.01,813.84,719.26,775.5,586.21,553.02,814.47,901.37,740.1685590541965,789.3292754301768,762.39,804.13,723.8556638858176,789.0984018494321,708.0244505137209,878.9005939220532,633.24,718.38,716.35,823.18,,
2024-12-16,727.8704024181437,782.4242681104075,724.5402696556068,777.9218503334063,668.08,765.04,688.04,793.67,694.3450250536865,726.7256365681563,729.32,823.11,663.0651861319699,755.1274165202108,695.84,768.03,868.4506891188931,866.2251300477288,771.17,887.17,779.57,804.78,628.4,837.06,777.4,759.07,722.56,838.57,709.29,828.27,798.8098672469013,854.7485270029093,720.49,778.22,706.34,733.26,682.61,771.92,724.01,801.88,719.26,775.5,586.21,553.02,816.95,903.85,739.3456848030019,787.138836772983,758.32,793.56,710.4957498543093,778.0921568233426,715.586558524895,880.732663413101,632.78,723.06,700.52,808.18,,
2024-12-09,723.381203047551,780.2737269936754,719.1272887082596,774.606733468093,659.75,768.37,721.35,809.36,693.409346558953,726.260353819409,729.59,823.01,664.5889291834375,763.1610409277487,671.47,742.82,857.840113706455,866.341280270321,787.0,900.5,778.17,804.09,621.94,845.93,771.87,762.42,720.95,841.8,710.09,833.07,805.6999148936171,856.0468571428572,719.59,774.48,711.84,739.5,677.03,763.66,706.06,797.6,717.74,774.68,586.21,553.02,814.47,905.5,746.4278167774048,795.6143028197123,746.94,789.5,707.4416733708769,784.330249396621,685.887656033287,851.7337031900139,626.63,712.98,702.18,808.18,,
2024-12-02,725.8634638259434,785.3092971342159,721.9618334715644,780.9531735111084,658.92,768.37,704.78,848.25,691.9572553430821,723.4021883628184,730.11,822.36,660.8232407187525,759.3746536847938,677.35,752.9,857.7826046149926,844.8305914216376,788.67,896.33,779.18,803.71,613.88,845.13,776.05,769.64,725.79,845.83,697.29,825.07,798.3644294493313,849.5176527292444,713.33,760.09,717.23,744.52,680.54,766.0,719.74,797.6,722.84,777.84,586.21,553.02,821.08,920.38,748.3859690012819,796.6600629297285,751.01,797.63,709.3108298171588,788.221820373719,697.3887394812181,867.111997917932,623.63,706.98,713.85,824.85,,
2024-11-25,728.3745106151198,781.302866885295,725.301221773114,776.4811241254109,663.08,775.04,706.65,819.18,685.7807546783926,710.8753451273137,727.46,816.34,658.0075113658825,753.2113065823283,687.44,762.99,868.4739763494491,866.2483576006222,788.67,896.33,775.89,794.74,614.69,837.06,773.04,759.21,722.56,840.19,694.09,817.07,798.778246864171,855.8479672019133,704.63,748.22,712.7,734.14,682.11,748.86,719.74,800.17,709.07,762.97,586.21,553.02,843.4,941.04,740.6043765196249,784.7447030218826,759.95,797.63,713.6315228966986,790.7408523720537,715.3264365817612,891.315309049813,625.17,694.36,699.68,793.18,,
2024-11-18,721.1660758121004,767.2531853415171,719.7792570654348,763.481268924138,658.08,765.87,680.91,767.1,685.7807546783926,710.8753451273137,726.27,806.9,642.9163040898662,706.2321018906731,676.51,747.86,857.6906061052943,866.1902910538805,752.83,859.67,770.96,783.13,768.72,970.93,766.63,745.33,714.5,826.48,702.09,808.27,788.4448005872279,839.2385612919011,701.79,741.72,709.23,722.29,664.78,728.88,706.92,783.07,615.55,698.5,586.21,553.02,825.21,915.42,726.9836868616849,769.6912981191367,743.69,781.37,708.4999497638903,774.9341906962725,696.7241379310345,870.7586206896551,627.09,686.72,699.68,793.18,,
2024-11-11,717.6095412043388,759.8135424140335,714.0385509273171,753.8681909185849,650.58,749.2,669.26,759.6,683.4799059208509,704.0188158298396,728.34,805.17,659.4415722798848,729.3006827420182,678.19,741.14,857.8861265320354,844.932550218575,752.0,848.83,770.77,770.97,640.49,817.71,767.82,740.51,716.92,825.67,702.09,800.27,785.0864682762492,840.5854307545834,698.78,737.49,711.24,723.03,665.67,716.18,706.92,801.02,615.55,698.5,586.21,553.02,797.11,868.31,729.9378453038673,772.1247697974218,739.62,780.55,714.5470260708759,771.963255542825,697.6190476190477,858.592132505176,639.67,692.52,693.02,776.52,,
2024-11-04,716.1136209137073,752.1193246110504,713.2299142266075,746.0626316573042,641.42,730.04,691.67,761.55,682.0329277022191,697.1162695572145,731.33,802.13,662.1440999683645,731.1966149952547,675.67,734.42,847.1130896511036,834.1602081042666,746.17,820.5,770.77,770.97,630.01,781.42,765.35,725.11,717.72,816.8,719.69,807.47,778.9525537601451,812.9529460804746,703.25,737.17,711.34,720.25,668.21,703.69,690.68,752.3,705.9,753.19,586.21,553.02,785.54,843.52,729.4636482969855,770.7436151348364,732.31,762.67,716.8301507537689,760.024120603015,680.0463738245523,838.782257718236,649.69,696.4,695.52,777.35,,
2024-10-28,724.0907868387711,752.9027666042016,722.548661478008,747.2079032336169,658.08,737.54,702.77,739.7,681.3477860721955,696.9015236731773,733.73,805.97,662.532744200726,732.6609594445323,691.64,735.26,825.5815512502514,791.1778507742844,777.83,853.83,772.96,772.12,650.98,826.58,760.39,722.52,728.21,820.83,719.69,806.67,782.3231973914977,811.1880048415384,700.24,732.53,715.94,723.13,675.85,711.83,720.59,777.09,716.37,773.44,586.21,553.02,794.64,847.65,731.5908045977012,773.2597701149426,757.51,768.36,721.0362298443846,764.5060115002614,707.9766367361171,841.8446517304507,626.76,681.64,709.68,774.02,,
2024-10-21,724.6685649796648,756.616205607648,722.8746315108152,751.9712121171988,659.75,739.2,713.39,767.53,679.3486041517539,696.7327947642909,733.94,808.95,662.9297926230805,733.9991293335443,689.96,727.69,868.4623325780632,834.0595546140747,758.67,849.67,771.43,771.85,662.27,820.93,776.82,739.97,730.63,825.67,690.09,800.27,790.2098107569722,816.5909611553784,699.38,735.28,718.6,731.21,670.78,715.5,720.59,760.85,952.76,1022.53,586.21,553.02,783.07,840.21,723.8239722061379,767.5969889982629,752.63,766.73,719.5764961389962,763.3807915057914,710.7416320280025,835.5983373441259,614.73,672.42,711.35,779.02,,
2024-10-14,723.9449420739439,759.354451446914,722.9178586739607,755.2974054148957,668.92,753.37,710.04,781.2,677.088659372124,693.8337253297884,719.17,801.26,653.5086885959704,724.4286110121523,701.72,747.02,878.8816962191576,844.4909064104111,743.67,825.5,763.22,764.63,735.65,885.45,767.47,743.72,724.98,827.28,686.09,791.47,786.9751235091572,834.0766754828086,661.55,698.63,712.15,726.84,670.92,720.68,736.83,777.94,685.32,751.45,586.21,553.02,782.24,844.35,715.6109388478307,761.6394283449514,753.44,782.99,716.6978268299057,760.5833986691594,719.532246010463,859.6825955070999,609.03,666.03,692.18,775.68,,
2024-10-07,706.949153128962,740.4530007826748,706.9251967595176,737.1474966751379,656.42,741.7,679.46,738.85,678.1112588199203,690.8528479394622,712.26,794.44,639.4018780083643,707.8398958415529,687.44,737.78,847.1812476532747,834.2273239285522,737.83,828.83,751.3,746.97,763.88,899.16,749.98,716.54,701.6,809.54,678.09,776.27,761.4459311579785,805.4193941504179,677.19,716.99,690.79,704.21,647.0,692.93,698.37,777.94,660.45,705.94,586.21,553.02,761.58,819.55,697.5425199583477,735.7051949554552,730.68,761.85,701.9647233717707,748.7223271324681,687.5593876473694,829.4210804152737,597.02,650.38,677.18,760.68,,
2024-09-30,699.9727237067428,731.8714133043708,697.5942625688022,726.8148881572947,633.08,713.37,731.2,777.48,678.1112588199203,690.8528479394622,714.48,798.11,645.4181226175349,708.9803049555273,663.07,703.32,825.8583690987124,791.4431330472103,743.67,825.5,752.58,746.95,655.01,801.58,742.59,712.36,696.76,804.7,678.09,775.47,762.9144829671437,799.463011489619,688.57,726.91,693.59,706.79,641.88,687.37,685.55,748.03,615.55,698.5,586.21,553.02,740.92,788.97,707.899411049827,745.8680003739365,714.42,749.66,693.9380539866943,734.7999115631218,671.7522123893806,808.070796460177,615.53,676.16,675.52,759.85,,
2024-09-23,708.7678460062996,735.5842026072678,704.3245557856422,729.4602908455154,641.42,720.87,694.41,747.74,682.2425605890173,697.4997443501381,741.26,818.65,650.8239700374531,714.3075145429914,668.95,702.48,879.2587924538421,791.2202839865381,747.0,812.17,757.01,751.1,776.78,916.09,741.03,709.37,695.14,805.51,690.09,795.47,774.3822843822844,805.2477703455965,701.74,737.07,700.27,712.25,642.3,687.7,692.39,748.03,664.99,739.14,586.21,553.02,752.49,798.06,724.0584795321637,760.1146198830409,716.86,744.78,695.2112902577298,735.5132483615456,685.0554479845098,804.4358387607816,623.9,688.45,677.18,760.68,,
2024-09-16,710.7863697237912,742.7231154150978,706.8674330701048,736.114400799399,657.25,739.2,662.31,727.29,693.2815216279785,708.7483382758975,741.26,818.65,654.4870264247055,717.3356415154409,665.59,708.37,835.9041020624221,790.7961565779069,747.0,812.17,768.98,761.81,797.75,937.06,739.96,715.02,691.92,809.54,691.69,802.67,767.0670847827744,810.3057664474519,718.16,750.0,713.76,723.32,655.55,692.53,675.29,728.37,675.32,729.63,586.21,553.02,750.01,803.02,736.4217476819331,773.3234991102369,707.92,743.97,697.4187841749758,742.8694917980058,673.1392729360838,810.8485357127081,632.45,691.3,677.18,761.52,,
2024-09-09,724.5674092726051,757.2787122717999,721.4635049677379,750.5984330079515,662.25,741.7,683.22,747.1,710.3640454034155,728.2595357398508,760.48,822.21,682.8581693345575,744.6461219113011,675.67,720.13,825.2385547335692,801.570708695186,774.5,824.67,792.05,783.0,711.46,846.74,760.7,734.22,712.08,826.48,730.09,818.67,773.7040282863998,820.1197625962874,730.52,759.84,732.54,739.53,679.91,708.4,707.77,750.59,698.71,751.95,586.21,553.02,767.36,817.9,751.7578307620383,787.3539036933147,715.52,752.91,717.6205697284039,760.5532436724765,665.2466171977303,815.9231776516805,670.17,715.29,709.68,782.35,,
2024-09-02,746.733508534694,769.512420076624,741.8164916380426,761.3645640574233,686.42,759.2,745.25,802.33,718.6726659167605,733.8838327027304,780.89,839.22,706.681573168297,765.7125174685565,698.36,729.37,868.4623325780632,812.6080952444795,811.17,860.5,809.41,798.06,713.88,846.74,771.25,732.19,741.92,836.96,731.69,818.67,796.0560438160744,833.9117564641447,739.06,767.72,743.53,749.87,709.93,723.31,724.86,765.12,729.04,768.34,586.21,553.02,786.37,831.12,773.4385964912279,806.7695906432748,752.05,771.16,749.440234759713,774.8216187968565,716.025019822042,840.1021936393269,685.85,719.54,720.52,794.85,,
2024-08-26,756.743702095035,778.1509135387818,752.0164987862142,770.7724685114972,691.42,758.37,725.79,760.63,726.6847325902445,742.0237243071889,795.15,853.84,716.3677398737717,775.8540385076296,710.13,736.94,907.8675780726444,833.8024393512933,828.67,878.0,821.27,809.21,709.85,835.45,795.88,753.2,753.21,845.83,755.69,836.27,796.1276218910508,832.3599929155175,744.1,774.96,756.0,763.12,725.45,738.0,724.86,765.12,745.98,785.28,586.21,553.02,797.94,838.56,781.917552259722,814.8008875394137,762.62,771.98,756.551973631321,781.3429536136346,717.1095325791458,827.3612207313864,699.16,732.84,737.18,808.18,,
2024-08-19,773.5914303955807,793.5699504766741,768.6659900416578,785.0952623922834,710.58,779.2,753.77,786.35,734.6098783106657,751.8662439922283,801.86,861.85,724.3624161073824,785.6669711290258,731.14,755.43,920.6604481612522,855.1785139916371,828.67,878.0,835.87,822.05,712.27,844.32,804.13,761.75,775.79,863.57,755.69,833.87,826.9208049252062,861.7402818764629,749.22,781.87,765.14,774.74,735.56,744.92,765.04,797.6,768.13,804.51,586.21,553.02,819.43,861.7,796.5938905547226,829.792916041979,795.04,801.16,775.4183995338839,823.1912884495612,748.5614297777507,854.9416301764588,700.68,736.56,753.02,820.68,,
2024-08-12,779.805062036689,798.8534204020713,774.6373199666501,791.6835576048996,718.92,782.54,728.39,763.48,738.6133551487883,758.6818693117906,807.16,872.31,729.3395027404878,792.0958773532449,743.74,764.67,1000.9111861499706,887.2005145521788,847.0,898.0,841.05,827.08,711.46,842.71,818.34,774.85,778.21,867.61,750.09,841.07,823.3509472345836,856.516541640178,759.22,792.28,769.94,780.3,744.17,752.77,752.21,797.6,782.68,815.09,586.21,553.02,829.35,870.79,793.1859352501278,825.9278182916069,793.41,797.1,769.8354331183314,809.5545240822231,758.1676599817289,861.2172097272372,717.03,758.79,756.35,823.18,,
2024-08-05,781.7665157442411,813.5999872533815,775.732061124675,808.6045995369444,738.08,805.87,750.99,784.13,746.456692913386,768.0591062480828,819.25,884.45,733.3542703642254,803.1520107450424,754.66,774.75,1001.192917554653,887.4502392536892,869.5,935.5,772.5680596497311,873.0362406797295,752.59,884.64,814.62,778.49,797.56,886.15,751.69,844.27,815.9503827330907,854.522223616514,781.66,808.45,778.65,790.18,752.12,766.78,783.84,815.55,792.68,827.84,586.21,553.02,840.09,884.84,798.2030235577814,831.5757744388796,814.55,812.54,775.4963028452016,817.8367625783636,772.5680596497311,873.0362406797295,716.38,756.81,762.18,829.02,,
2024-07-29,797.9679845869493,820.2042163689339,796.4422774504775,815.2147151515449,741.42,813.37,812.44,853.6,747.3514674302077,758.3444114940179,828.49,900.6,736.6579953490206,807.7974853178828,758.87,782.32,952.7102177554439,897.9564489112227,873.67,938.83,859.12,846.83,759.85,901.58,829.39,793.11,803.21,896.64,774.09,868.27,823.0562802547771,862.5957961783438,785.4,815.2,789.18,801.16,760.17,781.26,783.84,815.55,794.74,830.32,586.21,553.02,844.22,892.28,805.6267175928082,839.123852997345,814.55,819.86,786.2101558572147,826.7511312217196,776.8728947256214,882.3775209994458,732.05,778.72,773.02,846.52,,
2024-07-22,802.7548975555004,827.3468705847588,799.8387091132054,821.5326502379372,743.08,814.2,780.88,824.79,747.3514674302077,758.3444114940179,833.25,908.84,742.1371253245221,814.4666037290535,763.07,787.36,963.5725199024313,898.0888305143807,883.67,949.67,864.21,854.54,742.11,883.83,832.47,805.27,811.27,907.93,775.69,874.67,828.4042352099724,869.1890518034127,786.7,819.76,797.98,810.82,766.45,789.61,794.1,830.93,803.69,846.3,586.21,553.02,854.14,903.02,816.4231086010118,851.1542534415813,825.12,829.62,794.552443049183,845.7920792079208,790.6392199349946,896.4160346695558,712.51,768.94,777.18,849.85,,
2024-07-15,810.3636379866642,838.4768120233847,807.7397965988009,834.0065601703424,763.92,835.87,796.2,849.96,747.3514674302077,758.3444114940179,833.66,910.45,752.5725749350956,822.0411454645583,774.83,802.48,973.2221835044362,920.6047122523923,888.67,954.67,869.72,860.69,702.59,846.74,856.73,828.89,823.37,920.83,770.09,881.07,840.7659139675078,879.9286042709717,783.61,814.96,804.26,817.85,775.38,797.47,806.06,848.03,809.79,851.62,586.21,553.02,858.27,912.11,819.8070361218965,854.6111307212612,834.07,844.25,801.970136037994,850.3642437414474,799.8613217768147,903.8353196099674,700.07,759.19,790.52,864.02,,
2024-07-08,814.8566283565999,843.9417848052981,812.6157972618778,838.821965308507,765.58,838.37,787.34,850.24,747.3514674302077,758.3444114940179,823.51,907.08,754.6669581114379,830.6998648756061,784.92,820.13,984.313410023329,953.1279328560321,872.83,948.0,871.26,860.5,732.43,868.51,850.37,827.2,824.18,922.44,769.29,877.87,832.4884469217127,879.3036483405118,781.33,805.77,805.61,818.44,778.13,796.79,818.88,862.56,813.61,861.59,586.21,553.02,872.32,926.16,817.0204310626958,852.8192061339942,845.45,861.33,821.261156227386,871.9767628849401,818.4174684767804,937.392908923158,679.55,732.54,799.68,876.52,,
2024-07-01,809.1426659291423,839.1824709502145,807.0841799907836,834.1856493077279,757.25,830.87,786.56,847.65,747.3514674302077,758.3444114940179,812.98,895.9,749.6219259022677,823.6254391568189,780.72,822.65,973.5875365350067,953.1279328560321,832.83,907.17,867.79,850.92,747.75,883.03,853.45,828.55,814.5,912.77,740.0,849.8,830.0550412175016,878.4937729866836,779.87,800.57,795.98,806.8,776.87,790.47,803.5,862.56,789.64,833.08,586.21,553.02,866.54,921.2,813.0231584821429,848.0282738095237,834.07,853.19,815.4061005505766,864.2727966885021,801.6890257312515,925.3045964372113,669.84,715.34,798.02,874.02,,
2024-06-24,802.4041359692592,829.6447405764114,800.41275656428,823.4551356665943,748.82,820.87,770.46,831.64,747.3514674302077,758.3444114940179,811.57,876.14,745.1926244325714,817.1670750813481,776.51,816.77,930.5967047846314,931.5887549770086,841.17,913.0,863.22,836.28,746.94,886.25,848.13,818.81,808.05,903.09,737.6,842.6,814.8903793488183,874.8332995232782,785.81,803.33,784.41,789.0,785.29,789.46,803.5,852.3,773.26,804.01,586.21,553.02,859.1,906.33,815.6593726019115,850.1871962421227,825.12,845.88,785.4341624141117,827.7313456824847,800.2843054506686,923.2819510461553,680.2,716.41,778.85,861.52,,
2024-06-17,796.8100298736982,812.7550930306708,798.362056022512,808.1260185356465,743.82,806.7,802.99,841.48,751.3038142959404,764.6998670620718,813.18,871.24,740.6729017369124,796.9172841005709,770.63,805.0,930.4719649343859,910.0170234440973,896.17,940.5,862.67,822.25,753.4,874.96,841.96,793.19,796.76,882.12,764.0,837.8,788.8421703470033,837.2819684542587,792.31,807.56,783.39,771.39,780.35,773.02,783.84,831.79,790.45,818.89,586.21,553.02,847.53,888.97,790.954128440367,824.2064220183486,810.49,818.24,777.2267877594487,816.9683939801886,778.1250830138223,894.4064179646338,689.87,721.39,763.02,823.18,,
2024-06-10,795.2996050431982,804.0836526387011,794.9619925247474,797.4173242263447,730.49,785.03,730.49,785.03,747.3514674302077,758.3444114940179,835.99,880.11,750.5845104724793,805.9997564539698,768.95,783.16,919.8841698841699,867.2511797511796,901.17,925.5,869.19,825.32,740.49,863.67,844.28,785.96,796.76,873.25,768.0,845.0,777.6992769250286,816.9520487124192,799.38,815.61,788.58,771.94,773.64,754.82,783.84,791.62,794.06,799.88,586.21,553.02,840.09,865.83,804.7941720629046,836.6304347826087,805.61,795.47,778.3097912355082,814.3563262271696,774.62278302303,869.6020471190329,700.58,721.49,760.52,819.02,,
2024-06-03,811.4518847141123,818.7743295285933,810.4205475687469,811.030384435251,753.82,805.87,783.2,805.91,755.8697208303508,766.862664894161,846.48,882.74,770.643504287332,827.4656204497653,780.72,791.56,930.6341332618315,888.7250301649016,894.5,919.67,882.86,839.86,734.04,863.67,867.94,803.96,820.14,889.38,785.6,845.0,797.4725344915687,835.5967552376086,806.86,826.67,800.37,785.02,781.04,762.65,802.64,822.39,821.33,827.16,586.21,553.02,850.83,875.75,824.0850169333177,856.5129043559499,830.81,818.24,792.5224066556809,827.6114304087455,798.1058446968037,890.1126847020653,708.76,721.32,788.02,839.85,,
2024-05-27,821.0332899276083,824.9103327096333,819.244558447746,816.3609126625387,766.32,814.2,796.59,809.31,760.0470395745987,775.5547602004295,856.91,893.65,784.1632636558444,843.2373751667812,793.32,795.76,940.9935807234083,888.3796352135515,897.0,918.83,889.87,847.83,728.4,855.61,876.72,806.55,829.01,894.22,785.6,845.0,824.8390174161685,850.4933454639979,814.34,837.72,807.61,794.41,788.22,769.77,802.64,822.39,825.05,830.87,586.21,553.02,855.79,877.4,835.2078584353629,867.9411557352008,840.57,819.05,808.3053674416734,838.0624158511342,803.1542461005199,882.6343154246101,731.95,735.38,796.35,846.52,,
2024-05-20,832.9501204944307,834.2222278618473,832.3545168792558,826.3573048522977,764.66,812.53,847.24,846.27,766.7808569383374,799.8875140607425,870.69,907.52,792.5040407305639,850.6739938580894,810.13,810.89,951.8167562423772,888.4748897615633,883.67,908.0,897.52,856.85,744.53,870.13,882.66,811.74,840.31,899.86,821.6,865.8,827.3409049656425,846.5240503046805,822.07,851.63,814.95,803.3,791.21,775.72,813.75,819.82,828.9,834.73,586.21,553.02,870.67,888.15,844.3467425293301,876.9614181929325,843.82,819.86,824.4683417085427,845.5336683417086,805.7040998217469,880.139846891765,747.22,747.44,798.02,848.18,,
2024-05-13,842.8778876414317,844.599968263672,843.8173181247718,837.6828237686116,782.99,823.37,856.25,845.36,778.1572757950712,799.8875140607425,875.51,922.27,805.7875620485088,866.6863069534686,815.17,815.09,951.855028951319,899.2333261848596,917.83,927.17,908.98,870.86,761.46,885.45,901.58,823.28,856.43,911.96,824.0,867.4,836.7673643410852,856.4086304909562,832.96,872.03,827.82,819.73,794.93,786.61,828.28,839.48,847.22,856.49,586.21,553.02,893.81,912.94,846.6028931404575,880.8656089594028,849.51,829.62,840.0325549616172,860.7712712511553,803.3846153846155,880.957264957265,757.99,765.85,805.52,855.68,,
2024-05-06,853.0431522475507,855.4744450191165,854.3759491396615,850.4424927248225,791.32,833.37,847.92,847.0,782.5033234482055,812.0308825033236,883.08,934.38,816.24924984997,875.6959391878377,823.57,818.45,962.8229363579081,888.7369451259569,918.67,944.67,920.09,886.42,751.78,870.93,919.12,841.02,877.4,931.32,840.0,895.4,866.2449535158457,866.3608300374956,834.67,878.86,839.05,837.69,819.62,834.99,838.54,826.66,849.29,889.97,586.21,553.02,911.99,931.95,847.1691559569294,880.8868820192197,873.9,833.68,854.4054902592175,872.260908066334,819.7849462365592,885.0580645161291,767.35,786.27,829.68,876.52,,
2024-04-29,861.3180787402017,867.4070809476998,863.8869904013688,864.3748387510487,802.16,849.2,849.65,854.04,782.5033234482055,816.330913181307,883.01,937.13,816.158093346574,886.9648460774578,840.38,840.3,995.105992142771,899.5588688808142,932.0,939.67,921.86,895.15,834.04,962.06,922.43,851.17,883.85,944.22,841.6,901.0,887.0458839750792,888.8487386375241,830.36,880.73,840.94,849.71,819.62,834.99,864.18,853.16,867.33,893.0,586.21,553.02,922.73,949.3,837.6719454398336,874.7196855854814,891.79,850.76,853.5199662372635,880.4638356880163,845.425759520753,903.5857937526742,752.33,789.13,828.85,876.52,,
2024-04-22,867.0221814986234,882.7484327624984,870.3959722578028,880.6480241115701,806.32,885.87,866.41,882.77,777.1346763472749,824.0004090397791,882.04,938.41,812.7980217606331,892.153115727003,850.46,861.31,994.6525497554112,906.6541580111239,943.67,975.5,921.39,909.22,871.14,1001.58,925.07,865.02,884.66,956.32,825.6,912.2,899.4222137598375,926.5458999746129,811.33,874.06,845.77,860.06,827.12,852.64,882.13,853.16,869.12,907.73,586.21,553.02,928.52,963.35,843.9404464203018,883.9770306566637,902.36,864.58,853.9151057158936,897.473671517003,844.821790285739,913.4680860233591,746.15,793.38,858.02,900.68,,
2024-04-15,864.8616195428767,896.0360464713528,868.0773230951797,895.3978336612884,806.32,890.03,849.67,914.1,768.9947847428164,824.7264546477146,865.13,938.0,799.1829884694359,888.8931448428368,858.03,891.56,994.7725384017372,928.2095273838565,890.33,961.33,913.17,910.69,878.4,1085.45,918.33,883.38,869.34,958.73,825.6,915.4,882.1982498414711,935.7901838934687,794.5,862.68,840.24,863.64,822.79,860.57,864.18,896.75,869.12,908.15,586.21,553.02,933.48,981.54,849.6017513624295,890.0274814849317,893.41,884.09,843.0662217039926,898.757589160066,848.1870171218952,941.5225422423714,735.15,786.65,859.68,902.35,,
2024-04-08,856.1711268555438,895.4048383238226,856.1164861608339,892.7155443212531,795.49,895.03,823.81,892.53,758.0887616320688,818.0386542591268,831.66,927.02,785.9058656575213,882.7254809208451,849.62,899.12,984.2078451349975,939.0835724052872,941.17,967.17,899.53,903.3,797.75,1007.22,916.15,882.65,863.69,957.12,809.6,901.0,896.4874351199959,945.8996351302739,769.95,847.64,829.62,857.0,817.21,857.65,864.18,925.81,869.95,910.77,586.21,553.02,925.21,982.36,856.8780396118694,900.0187956675985,893.41,893.85,838.2270074461661,895.0412557858724,855.6211465302374,964.5896191350737,730.86,782.68,846.35,897.35,,
2024-04-01,841.7146817355775,883.5809709486309,841.4875944686063,880.6642220876718,772.16,880.87,818.03,910.48,758.0887616320688,818.0386542591268,830.64,926.98,765.2776901230673,869.7866046071317,830.29,875.59,984.2738205365404,917.6956387671105,922.0,958.0,887.57,895.26,814.69,1035.45,892.68,861.83,851.6,952.28,809.6,907.4,884.5946337741608,922.356027466938,784.67,862.93,818.49,852.31,791.4,855.54,842.81,889.91,832.76,887.49,586.21,553.02,899.59,961.7,839.1198100912306,895.0195494321354,882.03,874.33,821.8447481232516,881.6430857165858,846.4794816414687,942.5831533477323,715.39,779.28,825.52,900.68,,
2024-03-25,825.9110870076424,886.4402091796246,826.7945521051838,884.780210040492,749.66,882.53,790.53,884.34,746.24,814.63,818.09,926.58,751.1,866.6,805.08,871.39,962.87,917.74,864.5,947.17,879.22,893.81,855.01,1083.03,892.15,880.37,844.34,954.7,784.0,904.2,859.1533384107641,923.8547854785479,782.31,861.46,810.27,858.6,768.41,884.17,822.3,904.44,825.05,894.78,586.21,553.02,881.41,965.01,820.01,892.7,865.77,882.46,809.58,883.14,820.28,938.33,702.92,775.24,808.85,922.35,,
2024-03-18,809.0055113829096,879.2365777931785,809.0388452674904,878.0112517915363,737.99,875.03,773.83,862.33,750.93,815.59,809.86,927.06,750.61,866.24,789.12,871.39,941.57,917.89,847.0,955.5,863.48,887.42,821.94,1043.51,871.62,873.37,823.37,946.64,784.0,904.2,836.94,910.22,783.85,863.74,789.13,849.79,768.41,884.17,795.8,885.64,816.23,889.97,586.21,553.02,859.92,955.09,800.67,874.71,837.32,868.64,806.07,881.09,807.68,944.57,702.78,776.21,785.52,899.85,,
2024-03-11,804.6439349266558,884.2530535619481,803.0284475945098,883.0108070342759,737.99,880.87,798.65,882.95,750.81,817.8,798.19,931.07,749.38,864.68,775.67,868.87,920.38,918.15,849.5,956.33,861.81,895.79,728.4,975.77,872.54,878.66,821.76,953.09,785.6,929.0,841.03,909.75,780.93,862.36,790.23,858.59,770.76,909.81,795.8,885.64,821.33,915.73,586.21,553.02,845.88,960.87,806.02,883.26,830.0,871.08,815.39,895.6,805.58,943.85,701.17,808.8,799.68,916.52,,
2024-03-04,804.1947721686269,891.4344866073263,803.2639257773778,892.1604599982335,738.82,890.03,767.59,888.4,751.79,819.73,794.33,930.84,745.27,869.1,785.76,881.48,931.27,896.85,868.67,971.33,857.52,903.85,728.4,975.77,865.26,889.28,822.56,962.77,784.0,934.6,823.54,918.78,777.43,859.92,789.61,868.44,768.21,918.12,795.8,885.64,815.96,916.0,586.21,553.02,849.18,969.14,802.27,878.81,831.63,882.46,815.36,901.97,806.41,952.11,677.25,797.11,798.85,917.35,,
2024-02-26,803.782455492802,903.545217167395,800.0739748650565,902.8199817018175,736.32,906.7,791.39,921.07,751.79,823.0,786.64,925.79,735.98,860.91,777.35,889.04,920.5,918.27,833.67,974.67,854.52,911.35,703.4,995.93,865.69,903.51,817.72,975.67,757.6,939.4,840.39,948.54,771.01,853.66,795.35,879.62,767.6,930.21,783.84,907.86,800.17,911.92,586.21,553.02,839.26,977.4,826.33,904.75,825.94,890.59,808.15,905.7,802.29,973.11,664.23,786.25,799.68,935.68,,
2024-02-19,805.7280652977946,910.9749160191507,802.0521478933742,910.3385981605267,741.32,919.2,759.02,904.86,746.24,814.63,777.94,914.48,735.98,860.91,782.4,900.8,941.9,993.33,781.17,970.5,848.5,908.84,781.62,1074.96,867.82,916.22,816.92,980.51,752.0,930.6,835.4,958.37,757.59,838.21,799.4,884.7,774.11,943.31,798.37,933.5,800.17,911.92,586.21,553.02,846.7,991.45,827.41,905.45,830.81,910.11,793.46,894.46,811.36,1000.77,646.35,767.84,798.02,959.85,,
2024-02-12,791.7965327314122,893.3336435370563,787.2559911030482,892.1687092463773,723.82,901.7,747.81,864.61,739.72,796.52,772.42,901.22,717.99,839.83,775.67,904.16,920.43,993.32,811.17,983.83,826.68,883.72,771.14,1046.74,845.54,888.56,794.34,956.32,730.4,902.6,814.52,923.75,759.95,838.29,779.78,859.23,755.77,924.9,778.71,912.13,791.68,893.03,586.21,553.02,831.0,979.88,822.71,887.18,808.86,896.28,771.06,873.29,804.31,1014.46,635.85,754.47,781.35,918.18,,
2024-02-05,775.9292850476422,874.9036748468949,770.4383912238872,873.1822638057707,718.82,886.7,738.42,870.58,734.87,788.68,757.54,881.64,712.64,834.76,749.62,862.15,898.82,960.97,823.67,954.67,816.62,871.37,696.14,976.58,843.53,885.58,783.05,942.61,698.4,861.0,824.89,928.6,745.89,825.2,768.91,846.21,733.52,891.02,769.31,898.46,775.02,872.61,586.21,553.02,811.16,948.48,808.32,871.19,800.73,879.21,758.03,859.82,777.11,968.67,619.33,732.06,781.35,918.18,,
2024-01-29,769.907149817743,861.3491043459428,766.3981591950323,860.4515486980292,708.82,870.87,721.42,847.67,724.94,777.98,752.28,876.6,703.86,824.93,757.19,867.19,920.55,961.25,827.83,935.5,805.15,857.21,785.65,1060.45,829.0,854.06,766.11,920.83,698.4,861.0,788.62,887.33,740.6,821.46,756.73,830.87,721.63,861.78,748.8,864.27,764.17,853.13,586.21,553.02,802.07,932.77,787.12,849.36,792.6,861.33,754.11,855.58,777.2,961.94,610.67,719.52,768.85,897.35,,
2024-01-22,752.4637684480795,844.2838296692199,748.12017932679,842.8574029425682,689.66,852.53,693.58,829.13,722.3,771.34,752.87,876.48,695.08,817.45,745.42,852.06,887.79,928.47,827.83,935.5,798.03,849.78,650.98,922.54,815.61,837.87,750.79,906.32,696.0,853.0,782.93,879.68,737.76,819.51,728.81,804.03,717.36,848.09,727.43,848.88,757.79,846.52,586.21,553.02,788.85,916.25,771.68,834.0,773.9,841.0,742.21,844.74,758.92,934.54,616.58,725.95,748.85,861.52,,
2024-01-15,749.7749287998507,840.1775283826325,746.4453013533605,839.1947030302401,684.66,843.37,701.03,821.29,721.74,771.34,753.51,876.36,686.75,807.5,750.46,857.95,877.01,917.68,819.5,927.17,796.07,847.35,659.04,926.58,807.64,826.7,745.14,898.25,712.0,864.2,783.38,873.11,738.73,820.57,721.55,796.14,706.36,876.36,717.17,830.08,741.97,830.93,586.21,553.02,782.24,912.94,767.98,830.51,759.27,826.37,738.68,836.32,743.64,926.12,628.59,742.14,728.85,839.85,,
2024-01-08,752.2778629841207,842.4220636917098,749.4343528651931,841.6916431840917,686.32,845.03,708.98,836.88,728.09,774.62,756.09,882.75,691.17,815.63,756.35,857.11,865.99,906.65,817.83,927.17,796.67,850.77,659.04,926.58,813.8,830.93,749.18,901.48,712.0,885.0,754.14,840.85,737.84,819.1,725.42,801.08,711.3,876.21,717.17,830.08,746.77,837.54,586.21,553.02,776.45,903.02,776.63,839.88,758.46,819.05,747.01,844.24,739.77,913.3,618.76,730.42,750.52,854.85,,
2024-01-01,749.3792499601859,844.7527734041394,745.1511974616166,843.1603561693429,668.03,841.28,716.31,818.78,746.92,788.59,758.93,888.13,680.69,815.33,742.06,846.18,862.7,909.85,786.17,898.0,795.57,855.42,698.56,985.45,813.48,848.62,753.21,909.54,696.0,860.2,752.93,854.93,741.41,821.14,724.1,801.17,714.6,860.25,717.17,830.08,748.66,838.95,586.21,553.02,769.02,893.11,783.09,845.11,757.64,831.24,759.05,855.3,731.98,912.04,631.2,742.14,748.85,854.85,,
2023-12-25,757.3453860085522,863.0499076910418,750.8951881785365,851.530289298318,668.03,841.28,726.17,836.08,736.23,787.7,763.42,893.99,682.41,817.56,767.02,880.95,861.86,919.66,786.17,898.0,793.38,854.85,723.56,1012.87,807.9,842.86,752.4,908.73,696.0,860.2,801.14,899.74,752.8,833.17,719.07,802.34,723.15,862.47,720.63,863.49,748.66,838.95,586.21,553.02,763.23,889.8,798.19,868.24,756.02,836.93,760.35,855.62,763.67,1269.71,631.2,742.14,730.52,869.85,,
2023-12-18,756.0320925155845,859.7474305513573,749.5757227831842,848.1961059713884,672.19,837.12,724.25,833.55,751.19,792.94,774.09,907.05,688.14,824.48,756.09,863.3,840.52,887.6,786.17,898.0,797.48,862.04,777.59,1068.51,802.34,836.02,745.14,903.9,732.0,890.6,805.17,899.71,768.49,849.59,719.07,802.34,727.74,856.99,699.94,831.59,748.66,838.95,586.21,553.02,762.4,892.28,797.63,867.64,745.45,820.67,761.75,857.66,755.75,1248.11,643.58,757.28,716.35,859.85,,
2023-12-11,769.7790024729355,875.9806857093247,763.7599633630679,865.9944497405228,691.36,860.45,740.19,860.97,768.91,810.75,800.9,942.58,713.83,844.13,773.74,888.51,840.36,887.44,792.0,904.67,814.81,882.64,736.46,988.67,807.44,846.87,758.85,923.25,736.0,897.0,858.52,929.66,782.63,863.09,730.68,820.06,737.87,868.96,721.49,867.8,766.13,856.42,586.21,553.02,780.59,912.11,810.27,878.74,756.83,838.56,763.33,869.34,738.43,1229.48,677.12,785.25,734.68,884.85,,
2023-12-04,785.7747098504667,896.1035710395721,780.0280693502675,886.5407657283291,723.03,890.45,748.05,873.36,781.91,824.81,812.57,961.88,723.85,862.44,792.23,907.84,872.54,928.2,761.17,913.0,826.55,896.27,740.49,1033.83,819.53,877.01,781.43,944.22,744.0,911.4,872.9,961.12,804.59,884.71,744.6,836.21,757.6,886.69,752.53,867.8,775.93,866.34,586.21,553.02,802.07,932.77,817.53,887.27,777.15,863.76,772.25,896.28,775.94,1262.56,682.94,787.88,760.52,930.68,,
2023-11-27,795.4605804262046,905.717600030131,803.2452518959697,912.5465495685607,,,759.32,882.67,,,820.76,981.82,745.19,874.6,801.47,920.45,872.66,949.78,784.5,923.83,837.75,909.09,767.91,1055.61,816.85,875.32,787.08,950.67,744.0,913.8,876.89,950.57,826.94,907.24,751.37,846.05,766.45,883.9,752.53,900.56,777.35,867.76,586.21,553.02,815.3,947.65,819.78,890.67,787.72,880.02,773.39,897.5,766.69,1267.33,696.12,818.43,763.02,929.85,,
2023-11-20,802.0290687952933,912.8011063800112,798.2209291513439,904.7887501861754,733.03,898.78,781.79,885.44,796.35,845.69,832.11,996.34,756.66,889.74,800.63,917.93,883.26,949.64,785.33,923.83,849.63,924.37,784.85,1072.54,844.97,891.92,791.92,962.77,758.4,949.8,893.86,965.78,845.24,929.02,759.86,855.17,775.01,875.16,766.32,900.56,758.58,853.0,586.21,553.02,830.17,960.05,824.59,894.79,806.42,883.28,780.96,904.75,764.4,1263.87,706.11,844.97,776.35,933.18,,
2023-11-13,817.573766878731,929.2209692792245,814.95641579076,923.2031979060467,753.86,928.78,798.24,927.67,804.66,854.17,839.2,1009.58,767.19,910.79,819.96,931.37,915.04,949.22,815.33,950.5,865.76,949.17,813.88,1093.51,842.39,897.42,795.95,982.93,760.0,988.2,918.07,1008.55,853.12,936.83,775.68,877.91,780.31,882.67,794.77,885.91,829.54,926.91,586.21,553.02,853.31,988.97,817.92,888.89,835.69,897.91,798.3,920.6,810.37,1291.49,708.91,864.31,778.85,958.18,,
2023-11-06,833.0245280254487,954.1112805495655,831.6360334998852,952.8681657622998,769.69,958.78,810.83,949.1,814.2,864.57,850.06,1022.58,787.69,924.99,836.76,974.23,947.35,1013.72,883.67,993.83,888.14,977.04,838.07,1109.64,858.12,929.86,807.24,1011.15,760.0,988.2,937.64,1026.97,861.17,944.23,791.44,897.12,800.88,904.75,821.49,962.63,844.41,956.19,586.21,553.02,863.23,1012.94,812.02,868.59,856.02,932.87,820.0,944.95,843.3,1344.08,713.02,885.74,829.68,974.85,,
2023-10-30,831.571770707369,951.6469482444429,831.4835217626213,955.02248463766,770.53,957.12,808.36,950.12,822.26,874.28,866.26,1026.65,784.26,924.26,819.12,958.26,968.13,1023.73,870.33,977.17,892.69,981.15,880.82,1114.48,847.13,936.18,813.69,1030.51,760.0,997.8,927.04,1037.57,867.27,950.0,806.72,911.57,811.4,913.55,807.7,952.28,845.24,958.67,586.21,553.02,863.23,1020.38,789.09,824.69,859.27,944.25,824.54,957.34,865.22,1316.06,710.03,881.59,830.52,993.18,,
2023-10-23,837.9834334951933,962.6187866988125,847.0669195535645,972.7155621373655,783.86,967.12,814.01,946.14,822.98,873.26,876.25,1028.33,789.95,925.42,846.85,990.19,978.91,1055.95,905.33,1010.5,901.58,988.0,879.2,1123.35,850.88,959.14,813.69,1036.96,794.4,1007.4,921.96,1045.27,874.99,956.91,825.27,926.62,818.68,929.62,826.67,983.32,846.54,960.2,586.21,553.02,878.93,1038.56,733.26,775.88,864.15,960.51,830.72,960.22,856.06,1359.09,745.01,910.57,794.68,999.85,,
2023-10-16,839.6907051751667,958.8727005399511,853.4460192415914,969.0894236312307,794.69,971.28,808.46,941.41,826.43,874.32,891.12,1031.69,803.04,933.35,849.37,991.87,925.84,1024.37,921.17,1025.5,915.33,990.32,879.2,1108.03,838.24,931.0,813.69,1029.7,794.4,1009.0,908.61,1040.07,879.95,961.06,844.29,937.76,820.83,929.55,805.98,971.25,868.26,961.38,586.21,553.02,881.41,1036.08,720.14,766.25,852.76,948.32,834.09,957.95,826.49,1373.45,768.49,915.14,801.35,986.52,,
2023-10-09,861.1326264555868,972.949278956424,878.9050749107915,986.8503523930466,822.19,990.45,860.73,998.86,839.9,882.29,913.56,1036.21,829.67,956.93,856.93,978.43,969.01,1046.12,926.17,1033.83,948.29,1011.72,871.94,1166.9,876.22,967.76,841.11,1055.51,881.6,1040.2,956.02,1090.17,900.89,984.39,880.36,957.71,842.8,942.74,805.98,951.42,883.13,973.55,586.21,553.02,903.73,1048.48,704.46,747.7,883.66,975.15,845.54,968.14,839.76,1359.81,832.27,933.28,823.85,1005.68,,
2023-10-02,889.1606293812796,986.3012319565913,910.7430131576685,1003.3054030325459,846.36,1006.28,906.95,1006.98,845.14,877.39,914.64,1033.03,841.0,956.68,893.91,1016.24,1033.18,1099.55,952.0,1060.5,975.21,1015.79,879.2,1120.13,914.1,984.42,901.6,1070.83,885.6,1036.2,990.85,1081.32,898.12,977.23,904.04,966.3,863.36,960.82,874.08,1032.46,894.7,969.53,586.21,553.02,941.74,1075.75,693.85,731.17,928.37,1006.04,868.39,971.34,895.88,1420.51,813.46,902.12,876.35,1023.18,,
2023-09-25,901.44435974368,990.9007167305581,924.2338278479876,1008.5190333180741,863.03,1007.95,926.29,1016.27,845.18,878.71,915.86,1031.43,845.01,959.94,909.03,1014.56,1033.38,1099.76,952.0,1058.83,981.76,1014.31,911.46,1133.83,951.66,1008.47,929.82,1070.02,858.4,1001.0,1009.21,1084.93,886.09,957.4,912.49,971.32,868.15,959.39,899.08,1032.46,894.7,967.05,586.21,553.02,962.4,1088.15,697.26,733.53,938.13,1024.74,875.51,960.24,925.0,1432.93,804.19,884.37,889.68,1024.85,,
2023-09-18,900.7565000372307,983.2550797852076,921.7255488948304,999.4296344453604,868.03,1009.62,890.99,1007.55,834.06,864.52,893.38,998.13,838.96,944.61,915.76,1012.04,1033.65,1121.51,924.5,1027.17,974.83,999.73,887.27,1115.29,948.21,998.82,927.4,1062.77,854.4,988.2,1021.35,1093.61,866.58,928.45,908.72,959.67,867.54,949.96,927.53,1070.39,893.02,949.55,586.21,553.02,970.67,1093.11,715.66,739.71,921.63,1004.74,866.45,939.91,911.81,1412.82,802.72,872.01,882.18,1010.68,,
2023-09-11,894.7251156464232,956.0323332016932,909.9406527518439,966.692381366411,852.19,967.12,938.24,986.9,822.3,846.97,890.63,988.03,819.86,890.5,908.19,991.03,1011.77,1035.24,924.5,1032.17,961.4,971.54,881.62,1074.16,943.49,959.06,899.18,1018.41,846.4,960.2,1000.67,1044.0,846.09,905.28,886.02,920.88,861.01,918.55,879.25,983.32,885.17,923.52,586.21,553.02,942.57,1033.6,764.13,773.97,923.25,961.65,858.62,930.15,907.82,1380.31,804.23,867.71,864.68,974.02,,
2023-09-04,896.356537468304,943.1389609520851,902.9136524547118,945.6574585471656,849.69,941.28,901.68,963.41,813.77,837.55,884.31,971.22,830.51,894.99,898.11,952.38,1023.25,1025.27,933.67,1020.5,958.0,962.17,914.69,1108.03,939.5,939.91,892.72,1002.28,846.4,964.2,1000.25,1053.94,814.47,873.01,873.62,903.59,847.71,889.73,901.67,954.01,880.75,909.47,586.21,553.02,944.22,1011.29,829.81,831.06,933.82,935.63,856.45,921.67,907.32,1313.69,792.3,864.9,888.85,966.52,,
2023-08-28,891.8310266094771,934.1610593627032,896.3302232965339,934.6294862725621,845.53,935.45,899.21,938.51,804.44,826.52,866.36,953.96,823.76,887.07,899.79,954.06,1044.68,1025.22,922.83,993.83,949.66,953.45,837.27,1026.58,919.63,910.99,890.31,995.83,825.6,953.0,1000.05,1035.64,855.68,891.79,868.09,896.82,847.54,890.79,890.46,969.53,854.59,880.71,586.21,553.02,924.39,983.19,827.3,830.58,933.82,938.89,858.79,916.88,925.68,1338.27,783.4,862.47,886.35,963.18,,
2023-08-21,882.3933138628311,926.094694806517,887.0618106730019,927.0241634120475,833.86,922.95,875.1,933.8,796.09,818.04,861.02,936.46,821.13,885.3,882.98,935.57,1023.29,1014.57,919.5,985.5,940.3,944.89,830.82,1024.16,919.42,919.03,889.5,986.96,822.4,953.8,1001.03,1037.54,845.85,867.56,866.81,895.17,832.12,875.04,890.46,939.35,847.56,873.69,586.21,553.02,921.91,980.71,816.9,818.98,920.0,921.81,858.7,912.89,904.25,1312.48,769.32,793.56,873.85,949.02,,
2023-08-14,878.3841008448416,922.8301434449971,884.3106144649262,924.1598954039387,829.69,922.12,920.82,959.64,780.8,798.31,851.2,921.6,819.08,872.6,887.18,946.5,1001.95,1025.43,919.5,985.5,925.68,931.9,837.27,1024.16,902.77,919.86,870.14,980.51,800.0,893.8,972.83,1021.89,828.77,826.18,860.99,880.72,823.19,864.45,868.91,962.63,836.26,855.01,586.21,553.02,921.91,980.71,820.57,823.82,897.24,924.25,841.15,893.36,883.24,1299.19,771.25,793.52,863.85,947.35,,
2023-08-07,868.6615633224804,900.6404936705026,873.6971703991811,899.8578434068784,811.36,897.12,886.34,913.49,768.52,768.65,834.6,891.47,805.28,832.5,877.1,930.53,991.21,997.52,867.83,967.17,915.97,904.19,824.36,986.25,900.64,896.33,864.5,956.32,801.6,883.4,955.32,974.95,796.99,783.17,852.94,855.07,818.33,846.46,879.25,927.28,781.72,780.27,586.21,553.02,913.64,963.35,824.79,827.98,893.98,909.62,813.22,855.3,871.34,1301.18,739.58,767.67,875.52,904.85,,
2023-07-31,856.5978135794256,862.6261470412926,859.9887750259626,857.9296252902614,793.03,853.78,866.84,867.4,743.77,735.12,814.27,867.62,776.33,799.08,881.3,897.76,1001.76,954.39,867.83,892.17,891.36,862.15,819.53,965.29,886.21,840.89,855.63,912.77,760.0,838.6,924.97,919.87,779.42,764.55,827.3,813.83,787.06,800.24,879.25,896.25,806.37,804.68,586.21,553.02,898.77,916.25,821.56,822.89,882.6,859.21,802.44,828.79,888.08,1260.3,724.01,747.78,828.85,857.35,,
2023-07-24,834.5385967126404,827.9352414083572,840.469112615869,821.6527410864908,759.69,811.28,811.68,821.07,725.49,713.86,799.8,849.45,744.78,773.5,852.73,851.54,948.28,900.9,850.33,875.5,862.03,832.0,774.36,923.35,847.77,807.86,817.72,876.48,758.4,838.6,904.05,905.45,775.2,755.53,799.5,783.9,757.88,762.79,814.6,831.59,764.92,752.2,586.21,553.02,992.53,860.87,799.28,799.58,827.79,808.48,780.62,807.57,833.87,1197.61,713.5,732.07,780.52,831.52,,
2023-07-17,826.0080570243882,820.6977964043117,830.3601752936255,812.2115216677905,755.53,812.12,810.45,816.84,716.71,710.62,786.08,841.06,755.71,783.36,835.08,829.69,926.93,890.29,851.17,876.33,851.62,822.22,774.36,923.35,838.08,803.38,803.21,867.61,742.4,821.0,918.79,922.07,777.07,754.31,795.85,778.72,748.6,750.12,814.6,831.59,757.65,751.61,586.21,553.02,980.96,849.3,795.83,798.28,809.9,805.23,777.82,804.57,817.91,1198.38,707.25,720.99,778.85,830.68,,
2023-07-10,818.493059698556,806.9486861832141,824.6966086128082,799.3158867168773,733.86,788.78,833.14,822.98,716.71,706.36,790.48,841.75,752.5,772.22,835.08,824.65,905.36,868.72,851.17,876.33,844.43,810.79,788.07,933.83,819.48,779.17,791.92,852.28,741.6,815.4,869.07,865.44,780.56,753.74,783.77,762.74,754.21,739.25,790.46,812.63,730.48,710.85,586.21,553.02,970.22,838.56,789.38,785.51,796.9,792.22,777.03,803.44,791.24,1170.9,695.94,709.65,761.35,792.35,,
2023-07-03,820.1230389410068,803.8767176999118,826.4682074366651,796.0097032360362,740.53,780.45,813.23,803.18,716.71,697.88,793.88,843.54,757.63,778.64,831.72,805.32,895.15,847.75,851.17,876.33,842.76,809.07,912.27,1042.71,830.35,786.98,787.08,848.25,758.0,816.6,875.74,879.21,779.83,752.84,785.12,763.76,765.47,740.37,790.46,800.56,743.84,714.97,586.21,553.02,974.35,833.6,793.13,784.99,770.07,763.76,776.23,803.0,785.57,1151.95,715.66,712.42,768.02,804.85,,
2023-06-26,815.6163103646669,810.7745557978009,816.9871449117816,802.360082769356,751.08,788.57,811.38,787.53,716.37,700.35,793.18,842.17,758.67,775.97,829.2,807.84,906.01,858.6,851.17,876.33,848.17,812.23,834.04,959.64,867.65,810.56,795.14,853.9,758.0,813.4,905.23,905.14,771.21,741.79,789.99,768.11,780.36,750.05,807.7,835.91,752.78,721.93,586.21,553.02,852.03,844.79,805.99,793.83,807.93,795.96,780.18,804.65,800.55,1169.94,706.09,698.39,780.52,815.68,,
2023-06-19,815.7916591246108,796.9712974876695,816.9500458552111,789.9377493098195,746.08,770.24,815.59,781.99,715.65,698.44,789.26,819.32,750.18,749.41,837.6,804.48,914.12,849.55,851.17,875.5,846.85,800.46,831.62,937.06,869.48,787.66,795.95,843.41,743.6,796.6,888.26,872.74,753.41,724.06,780.59,757.48,772.22,727.98,807.7,807.46,760.78,714.03,586.21,553.02,852.86,835.7,803.09,768.36,818.5,782.14,793.49,808.7,823.41,1161.51,701.79,687.66,773.02,796.52,,
2023-06-12,818.1119658756361,794.0778019963966,818.4499390241093,785.8415818665654,756.08,768.57,854.44,816.12,713.69,698.18,790.92,819.04,740.62,736.62,839.28,789.35,924.58,829.98,851.17,875.5,844.89,797.99,835.65,945.13,874.03,790.72,798.37,841.8,740.4,791.0,898.0,877.1,738.21,707.8,772.78,750.17,761.31,708.32,842.18,807.46,757.33,702.45,586.21,553.02,852.86,829.91,808.33,778.57,832.32,780.51,788.05,804.68,842.28,1159.38,687.46,684.56,776.35,788.18,,
2023-06-05,807.3524882004426,784.306233421551,806.6392228589499,774.7742800424729,742.74,752.74,829.34,795.32,710.41,697.84,788.21,819.26,743.38,739.24,829.2,778.43,914.29,808.9,851.17,875.5,839.93,792.23,805.01,912.87,868.29,779.2,788.69,832.12,688.4,758.2,894.28,876.49,718.21,693.17,765.23,744.44,752.1,698.77,800.8,774.7,754.44,697.22,586.21,553.02,837.16,815.86,804.01,778.09,801.43,747.18,769.54,789.95,820.1,1138.96,679.29,683.82,777.18,789.85,,
2023-05-29,810.552535230727,786.0278480812556,812.4054602154619,779.9640482358893,744.41,762.74,815.38,764.84,710.41,702.06,789.22,821.38,729.29,727.47,846.01,791.03,924.93,808.81,851.17,875.5,837.22,791.12,812.27,931.42,872.27,784.53,785.47,830.51,688.4,758.2,891.06,875.67,767.8,736.66,762.15,745.14,750.02,699.41,827.53,790.22,770.87,719.54,586.21,553.02,844.6,821.65,796.95,759.08,831.17,771.24,764.04,789.93,816.21,1126.07,677.17,678.7,780.52,793.18,,
2023-05-22,799.2610450693627,781.6148771272053,800.5377623298826,775.0403756423898,728.58,753.57,788.86,775.35,710.45,704.4,795.52,827.09,727.16,730.23,832.56,791.03,914.36,819.71,851.17,875.5,830.19,785.55,801.78,920.13,850.77,774.42,762.89,823.25,688.4,750.2,838.48,845.1,773.08,743.33,753.19,735.33,753.0,704.49,815.46,779.87,775.67,718.74,586.21,553.02,834.68,819.17,791.83,755.24,811.66,767.18,753.79,785.03,813.92,1137.41,680.39,678.15,760.52,788.18,,
2023-05-15,797.8890271693572,782.0097545332367,798.5136098249886,773.6158883672629,732.74,756.9,802.81,774.05,712.15,708.79,824.02,852.38,733.53,743.87,819.96,782.63,892.97,798.3,852.0,876.33,832.84,787.93,815.49,943.51,854.7,770.61,758.05,815.99,687.6,745.4,850.75,852.94,793.08,767.96,756.52,738.45,755.46,711.65,797.35,769.53,770.28,710.41,586.21,553.02,830.55,815.04,794.55,765.83,797.83,755.8,781.06,824.48,795.82,1113.91,691.79,686.03,727.18,779.85,,
2023-05-08,803.9879576058855,795.1723176788726,805.301937025563,786.6339850167789,732.74,760.24,807.78,779.76,717.27,732.01,828.91,867.57,749.58,769.45,814.07,791.87,892.94,787.53,852.0,876.33,849.05,805.89,844.53,966.9,868.54,778.92,766.11,825.67,768.4,827.8,872.66,865.73,810.24,797.64,775.5,759.53,770.72,735.05,769.77,757.46,812.16,770.5,586.21,553.02,821.46,806.77,795.89,781.52,778.32,739.54,781.73,824.15,787.38,1125.72,745.7,747.19,733.02,786.52,,
2023-05-01,823.4777927043866,822.4821119714085,824.6228481797108,815.8186599485331,754.41,791.9,814.42,798.09,723.06,755.36,834.47,879.3,763.77,797.7,830.04,817.08,945.83,840.51,867.83,893.0,868.1,831.49,865.49,999.16,901.02,824.32,800.79,862.77,768.4,827.8,889.64,889.62,820.64,819.18,794.17,784.92,790.68,772.26,814.6,773.84,801.68,792.68,586.21,553.02,846.25,835.7,811.26,807.34,815.72,779.37,766.21,804.69,831.43,1125.54,750.77,737.23,758.02,812.35,,
2023-04-24,834.0223726242547,847.1372609466392,836.1026184070713,841.2404199053234,772.74,820.24,841.96,818.24,727.41,781.05,832.24,891.51,772.66,825.19,825.0,831.37,924.46,851.34,909.5,934.67,884.21,857.74,878.4,1022.54,926.47,859.45,829.01,890.99,792.4,842.2,912.96,907.17,819.18,830.97,810.9,813.43,816.46,803.4,814.6,825.56,830.88,804.21,586.21,553.02,856.99,860.49,823.18,826.02,845.99,816.89,761.31,814.96,838.66,1169.32,766.94,762.99,773.85,829.02,,
2023-04-17,854.5930719713972,874.2556145061407,854.9365572197914,866.918753770841,783.58,830.24,873.7,852.07,723.62,791.71,825.86,895.36,789.23,853.69,856.93,872.55,967.53,883.66,844.5,934.67,892.01,876.99,865.49,1037.87,943.03,890.87,855.63,910.35,792.4,842.2,959.61,934.59,805.6,838.29,817.26,830.54,831.84,818.64,869.77,847.97,815.32,814.85,586.21,553.02,893.36,897.68,830.85,848.64,879.33,830.71,831.36,913.63,894.39,1209.14,745.43,770.79,793.85,846.52,,
2023-04-10,848.6355453852473,879.9261982456147,850.1082183120111,874.2357239259424,789.41,851.07,856.81,849.09,716.12,793.28,818.32,898.78,777.11,861.7,857.77,890.19,978.39,894.51,844.5,936.33,883.14,880.27,859.85,1064.48,933.12,892.19,849.18,909.54,760.4,850.2,949.17,922.09,802.19,846.91,808.71,831.14,817.64,823.74,869.77,847.97,814.08,834.0,586.21,553.02,895.84,913.38,816.2,843.05,873.63,847.22,827.21,922.26,886.62,1214.02,732.15,769.66,790.52,849.02,,
2023-04-03,828.4984983575315,876.2350608154867,826.5519079010968,868.9861149791816,750.24,834.4,797.35,796.78,714.12,804.23,810.14,907.97,756.76,874.1,824.16,866.66,967.73,883.85,840.33,943.0,875.26,885.43,840.49,1051.58,922.09,898.72,831.43,908.73,758.0,851.8,946.55,947.61,809.1,870.24,794.67,830.69,800.89,832.71,840.46,835.91,816.56,858.93,586.21,553.02,863.6,905.94,810.04,845.58,862.25,843.96,775.73,875.66,895.71,1226.84,728.27,788.93,733.02,853.18,,
2023-03-27,813.3252609608658,888.7779127368228,812.5315062342361,884.2005503009742,734.41,846.9,773.08,847.6,713.78,821.92,810.51,931.57,746.06,870.86,806.51,877.59,967.59,915.92,835.33,948.0,872.41,898.6,836.46,1059.64,909.87,904.52,816.92,918.41,763.6,899.0,913.47,942.73,817.39,892.76,788.7,858.56,789.17,847.63,765.46,855.73,761.83,836.17,586.21,553.02,828.89,907.6,787.92,847.09,841.11,854.53,775.14,887.56,861.18,1213.11,736.7,827.22,713.02,872.35,,
2023-03-20,809.0080926854539,897.7851523969188,809.2554618444573,892.1025207520801,739.41,858.57,816.69,857.35,717.57,843.01,809.32,953.27,742.61,872.77,786.34,886.83,914.71,905.98,835.33,948.83,879.29,919.38,846.94,1081.42,902.63,906.23,813.69,936.15,763.6,908.6,886.56,921.18,813.73,895.04,792.37,859.49,781.75,876.0,777.53,855.73,796.68,880.38,586.21,553.02,812.36,891.9,793.91,870.8,832.98,861.04,775.93,904.64,840.45,1227.69,728.89,820.31,715.52,874.85,,
2023-03-13,826.1251886896995,920.0309398064084,827.0617470512245,912.8413509212953,763.58,885.24,831.61,912.1,719.69,854.72,801.49,961.19,754.01,898.85,816.6,910.36,947.02,938.29,876.17,1041.33,886.37,937.25,861.46,1108.03,905.91,922.93,824.18,957.12,747.6,899.0,902.96,956.73,804.79,892.92,796.13,868.32,792.94,919.77,817.18,912.63,791.17,876.93,586.21,553.02,854.51,939.83,802.05,904.86,858.19,891.12,813.91,931.78,859.76,1235.13,724.26,815.34,758.02,900.68,,
2023-03-06,823.647820106176,923.536328559847,823.2122739032452,914.3488872056214,761.91,900.24,801.91,897.78,719.88,854.55,801.89,965.76,765.85,912.43,823.32,937.25,947.29,981.55,876.17,1041.33,879.1,934.06,839.69,1076.58,880.32,901.03,817.72,954.7,746.0,887.0,932.83,984.0,803.98,899.1,790.32,865.44,797.35,943.94,804.25,925.56,800.26,881.26,586.21,553.02,853.69,958.84,798.8,903.46,854.12,902.5,787.45,912.42,865.99,1295.73,722.9,816.71,759.68,889.85,,
2023-02-27,818.026861451123,919.1975158629776,817.2562078541082,909.0345564226102,754.41,884.4,814.69,879.48,721.7,861.03,799.91,970.48,766.67,914.22,804.83,915.4,925.75,927.77,876.17,1042.17,876.24,934.31,849.36,1095.13,890.0,899.45,815.31,949.86,746.0,891.0,937.41,983.64,831.51,935.99,793.28,875.8,788.51,941.6,804.25,895.39,782.86,884.47,586.21,553.02,830.55,929.91,798.43,917.8,849.19,881.41,772.89,899.12,851.21,1265.43,722.1,836.93,759.68,890.68,,
2023-02-20,821.6642271344814,935.8307326646674,820.5988967521862,925.29040654557,759.41,904.4,816.1,899.93,723.11,872.45,791.1,978.1,771.42,918.55,805.67,928.01,946.8,959.56,876.17,1042.17,879.89,952.74,842.11,1096.74,897.88,922.82,818.53,961.15,744.4,882.2,949.52,1002.45,840.38,960.14,796.2,887.99,790.54,967.56,814.6,908.32,805.19,932.94,586.21,553.02,842.12,946.44,798.2,943.07,854.07,896.04,773.87,909.5,858.04,1272.3,720.96,852.61,763.85,895.68,,
2023-02-13,819.3978189008171,946.516769968321,821.168798678672,937.4687507663026,748.58,915.24,802.33,905.54,726.47,885.4,789.96,986.53,768.99,925.09,813.23,950.7,925.02,959.25,876.17,1042.17,877.38,967.07,835.65,1116.9,895.22,914.21,812.89,965.99,768.4,967.8,938.99,1008.45,850.54,979.32,795.98,901.59,776.49,984.4,814.6,934.18,781.77,936.52,586.21,553.02,842.94,965.45,779.08,946.25,849.19,891.16,766.89,915.24,859.63,1279.98,742.14,927.07,764.68,896.52,,
2023-02-06,823.602933661891,978.0570577977766,825.3411546352793,968.9032403313827,756.08,948.57,825.22,967.75,726.47,905.77,779.38,978.67,774.61,951.35,791.39,949.02,947.17,992.18,927.83,1143.83,895.33,1007.3,870.33,1191.9,916.92,963.72,824.18,1010.35,768.4,981.4,936.63,1049.95,839.81,976.31,806.33,937.55,782.85,1009.13,824.08,921.25,825.97,965.45,586.21,553.02,857.82,1019.17,792.23,992.14,866.26,929.37,766.64,946.82,832.82,1261.31,706.53,903.14,788.02,936.52,,
2023-01-30,835.728613481733,1009.7529642203762,837.6975198537609,1003.4578524826061,776.91,996.07,828.25,989.47,725.49,902.15,779.42,978.55,766.93,948.31,827.52,1010.36,990.82,1068.12,920.33,1128.83,899.92,1029.3,844.53,1177.38,919.89,1010.32,832.24,1045.02,718.0,947.8,946.52,1104.67,817.77,957.7,805.46,950.08,793.69,1026.43,824.08,996.25,824.73,998.5,586.21,553.02,881.79,1077.85,793.37,994.71,887.84,986.28,765.06,959.37,884.78,1348.87,686.52,887.02,771.35,940.68,,
2023-01-23,814.2341929342005,997.8786844301807,815.6320668838782,989.1300646294113,761.08,981.9,798.16,977.03,718.08,888.81,778.36,978.66,731.75,935.79,812.39,1012.04,969.18,1067.98,888.67,1098.0,880.02,1016.3,834.04,1187.06,892.72,987.82,812.89,1030.51,712.4,938.2,930.49,1082.35,804.68,949.4,771.17,919.57,770.69,1004.71,793.04,991.94,810.82,974.4,586.21,553.02,861.12,1048.92,770.87,990.39,860.2,973.28,747.86,939.87,882.04,1398.47,680.89,887.59,722.18,941.52,,
2023-01-16,796.1569136362891,998.5315783976625,795.9697728376657,991.1990343752063,742.74,963.57,772.51,962.08,720.97,890.64,780.9,981.89,710.89,933.26,790.55,1073.3,947.68,1067.99,864.5,1073.0,865.6,1008.67,786.46,1151.58,856.4,961.47,782.24,1013.57,704.4,945.4,923.97,1074.8,793.06,943.22,758.14,910.21,760.74,993.94,793.04,962.63,795.67,950.63,586.21,553.02,839.64,1035.7,769.2,994.09,833.37,954.58,721.67,918.91,844.85,1366.92,686.87,900.43,697.18,949.85,,
2023-01-09,791.6753248305226,986.9832780728813,790.6734806944332,975.8018664381881,745.24,966.07,798.17,971.56,734.48,908.92,789.28,989.27,713.33,937.7,772.9,986.83,894.13,1014.47,864.5,1073.0,863.14,1011.03,816.3,1170.13,851.74,973.82,780.63,1020.02,704.4,948.6,990.81,1137.36,778.51,931.44,756.85,913.85,756.93,987.14,748.22,927.28,799.52,952.36,586.21,553.02,831.37,1040.66,775.4,1002.9,824.43,944.82,712.7,907.13,799.18,1330.67,663.67,885.26,698.85,951.52,,
2023-01-02,775.1710427621184,975.6493499831466,769.746360479339,960.3554429237048,680.24,917.74,794.05,996.54,665.24,885.44,814.44,1014.18,709.35,942.69,731.72,1009.52,913.49,1020.92,869.5,1085.5,836.27,993.57,817.91,1167.71,707.73,863.01,773.37,1024.06,679.22,936.6,949.59,1118.02,781.11,936.96,769.21,932.47,759.57,992.74,761.15,972.97,787.95,918.38,586.21,553.02,824.76,1046.44,776.82,1005.76,831.74,973.28,697.05,930.45,830.39,1357.28,658.84,888.24,693.85,945.68,,
2022-12-26,796.5847216863847,992.3884797167686,779.0622123409526,959.8033892315432,654.26,898.15,750.54,979.67,709.85,940.28,836.47,1057.33,706.69,940.37,813.57,1057.33,830.64,1010.84,862.83,1054.67,821.03,979.14,770.33,1090.29,687.97,848.72,758.05,1020.02,658.94,923.13,929.21,1120.24,791.43,950.14,753.75,917.66,767.5,995.4,742.08,948.42,797.78,927.95,586.21,553.02,793.36,1024.13,965.13,1219.35,786.6,964.34,703.41,934.48,774.24,1297.44,701.12,916.45,695.52,949.02,,
2022-12-19,799.9980435944877,997.3468690087919,782.8629847445329,966.1937034692315,665.92,908.15,739.82,968.06,705.34,935.0,845.32,1067.12,712.73,943.99,800.96,1059.85,849.26,999.3,852.0,1042.17,841.91,994.35,737.27,1039.48,692.29,843.17,758.85,1020.83,759.52,984.26,946.04,1115.47,825.25,1001.76,784.68,940.09,779.92,1003.56,715.59,982.61,806.17,937.73,586.21,553.02,780.96,1021.65,953.29,1205.75,771.97,965.16,732.16,963.25,755.13,1310.18,748.44,946.69,698.02,949.85,,
2022-12-12,813.9446557474652,1001.2696370366458,798.878510422447,972.1611814176931,694.26,928.15,793.76,985.05,735.46,970.1,872.36,1090.67,729.77,955.83,787.52,1021.2,849.3,946.64,901.17,1092.17,884.48,1035.02,791.3,1119.32,719.56,834.27,783.05,1032.93,758.06,994.02,955.29,1096.29,860.78,1051.44,816.35,983.49,824.54,1043.16,712.17,907.39,834.69,974.7,586.21,553.02,771.04,990.24,960.52,1205.67,780.91,928.57,745.19,979.34,752.22,1266.45,786.97,971.21,723.85,983.18,,
2022-12-05,862.2067716175762,1057.2616389937875,859.6649012345047,1036.6435305319787,731.76,965.65,814.86,1023.55,764.48,1004.02,883.3,1127.01,781.74,1012.55,858.95,1087.58,924.71,1054.34,934.5,1174.67,922.35,1078.82,828.4,1164.48,753.33,907.75,862.89,1099.86,851.6,1080.12,720.34,902.87,902.49,1108.18,906.39,1079.06,848.31,1074.02,786.53,1011.67,871.69,1018.09,586.21,553.02,828.07,1048.92,950.29,1210.24,828.88,993.61,850.47,1089.96,843.32,1384.67,828.57,999.1,770.52,1034.02,,
2022-11-28,874.1118578173958,1079.6066846169497,872.3990543891497,1060.5814225622028,773.42,1008.99,849.59,1042.49,787.79,1029.12,917.87,1175.83,823.99,1060.3,873.23,1104.39,913.98,1043.61,934.5,1174.67,957.51,1126.43,854.2,1197.54,772.49,941.85,888.69,1134.54,851.84,1082.66,736.31,949.76,945.74,1159.65,882.09,1065.33,868.69,1101.68,788.23,1002.26,893.0,1068.91,586.21,553.02,835.5,1056.36,952.72,1216.49,849.29,1033.8,882.67,1128.72,839.69,1376.87,836.85,1037.65,801.35,1056.52,,
2022-11-21,903.4821033924585,1117.2078247476963,905.9753412711023,1101.8445489854257,830.92,1063.15,914.35,1098.43,809.99,1048.33,918.17,1197.5,859.21,1121.77,904.32,1135.48,956.88,1086.49,832.83,1018.0,985.71,1172.06,884.85,1250.77,794.4,979.13,939.5,1183.73,863.16,1156.86,743.14,972.13,979.16,1205.09,912.67,1116.14,895.03,1140.94,832.68,1068.08,924.44,1118.91,586.21,553.02,869.98,1098.53,959.32,1224.34,894.0,1080.14,910.44,1158.46,850.36,1387.95,844.01,1076.38,848.02,1105.68,,
2022-11-14,938.7437771949603,1146.7963648218288,942.711860996541,1130.1987621044784,871.76,1133.99,999.8,1199.92,817.7,1060.48,909.92,1220.15,892.0,1184.79,961.47,1198.51,1021.35,1172.46,1011.17,1254.67,1002.38,1224.22,913.07,1286.25,713.3,892.59,983.05,1245.83,862.7,1159.53,758.3,1010.79,989.07,1220.05,923.18,1151.01,924.28,1173.89,945.5,1143.29,960.02,1168.5,586.21,553.02,947.9,1175.37,969.48,1237.09,960.67,1158.19,930.25,1186.68,943.84,1484.63,819.53,1101.08,893.85,1159.85,,
2022-11-07,951.1783142963757,1185.3378942278853,956.3939281851782,1169.3840378913637,889.26,1204.82,962.13,1225.87,817.78,1054.68,888.72,1233.45,901.73,1226.81,1004.32,1283.38,1064.21,1269.07,1012.0,1254.67,991.21,1244.12,927.59,1272.54,708.42,917.51,973.37,1261.96,807.06,1189.78,764.32,1052.65,994.52,1221.44,904.99,1156.01,934.79,1191.82,944.64,1147.56,960.02,1189.16,586.21,553.02,1018.15,1286.94,970.76,1259.32,991.56,1224.85,921.85,1182.48,977.33,1600.98,807.98,1131.64,893.02,1199.02,,
2022-10-31,942.5904624844455,1203.4656495546915,942.7306758242316,1192.3338526648083,903.42,1221.49,956.5,1298.71,822.77,1058.18,870.61,1246.65,908.14,1247.18,979.95,1320.36,1031.24,1268.2,1042.0,1270.5,981.57,1250.28,936.46,1285.45,702.52,947.37,927.4,1276.48,807.75,1199.2,732.45,938.92,997.69,1219.24,896.8,1161.73,943.37,1202.5,917.29,1277.48,981.61,1202.52,586.21,553.02,1004.1,1335.7,1014.21,1274.82,975.38,1244.37,909.56,1163.7,952.79,1627.98,794.85,1073.63,894.68,1194.02,,
2022-10-24,950.2315539100694,1212.7697352197324,953.1503041090514,1203.242579763826,912.59,1223.99,978.84,1320.64,826.99,1058.18,868.64,1237.59,923.79,1253.32,994.24,1326.24,1042.82,1322.98,1042.83,1270.5,984.57,1251.5,934.85,1274.96,729.51,978.62,918.53,1300.67,772.42,1143.87,749.58,1084.66,998.42,1214.44,907.86,1173.65,950.0,1204.78,940.37,1310.81,991.94,1192.19,586.21,553.02,1014.02,1343.96,996.79,1252.92,990.01,1254.12,903.48,1161.94,970.51,1603.84,789.94,1050.96,902.18,1169.85,,
2022-10-17,968.3782270311924,1209.459701272745,968.8491726055648,1203.175858775312,930.92,1226.49,983.85,1316.96,827.63,1037.21,846.69,1174.69,910.65,1219.97,1036.26,1341.36,1128.95,1333.84,1042.83,1249.67,979.07,1231.91,939.69,1243.51,747.66,991.8,925.79,1302.28,767.85,1073.33,736.67,1044.21,994.52,1182.49,913.07,1175.77,937.45,1207.77,983.96,1325.34,987.5,1166.06,586.21,553.02,1020.63,1324.95,989.65,1240.92,1031.47,1254.94,883.13,1132.64,1144.09,1647.07,758.78,1009.88,880.52,1124.85,,
2022-10-10,940.7618748314877,1151.018258757686,940.4429242874005,1138.4081803874503,909.26,1192.32,936.69,1176.8,845.82,1011.05,844.59,1155.9,858.15,1149.34,1030.37,1328.76,1075.1,1301.49,1001.17,1191.33,941.37,1155.38,909.04,1187.87,678.7,893.79,911.27,1231.32,767.69,1073.11,710.42,966.88,935.97,1094.13,882.08,1098.98,944.58,1174.25,904.47,1267.22,930.87,1076.34,586.21,553.02,971.04,1262.14,967.89,1213.95,981.88,1175.26,854.6,1093.56,1134.96,1644.48,742.67,986.17,841.35,1084.02,,
2022-10-03,897.9517806678625,1079.0294454953225,903.0840876508186,1069.44086613796,879.26,1148.99,898.05,1120.19,845.82,1005.51,849.61,1172.4,764.77,1102.8,976.59,1223.72,1021.57,1183.47,934.5,1124.67,912.83,1115.5,880.82,1160.45,620.12,803.91,883.85,1103.9,743.3,1060.96,709.2,949.36,919.71,1077.87,859.97,1057.46,897.51,1085.77,904.47,1156.11,887.05,1024.14,586.21,553.02,942.94,1185.28,903.87,1101.45,881.07,1090.71,847.03,1079.18,1017.52,1454.75,744.45,1021.49,822.18,1068.18,,
2022-09-26,901.2109588607807,1078.8026638166345,909.6755944924155,1068.6072051876774,909.86,1192.32,907.67,1102.65,845.82,1003.94,856.77,1192.83,806.21,1102.64,985.0,1221.2,994.69,1150.68,959.5,1166.33,916.56,1126.79,885.65,1143.51,598.13,773.65,856.43,1045.83,752.62,1070.59,740.43,979.63,944.1,1102.26,879.08,1076.64,902.11,1094.26,881.4,1130.47,889.46,1026.71,586.21,553.02,934.68,1180.33,895.52,1091.79,914.96,1079.2,867.96,1098.48,938.55,1493.19,745.85,1053.64,821.35,1113.18,,
2022-09-19,919.580898679969,1104.1066861301404,930.6507602599737,1096.9391769380118,931.52,1205.65,895.87,1143.11,867.51,1014.84,878.22,1200.56,837.2,1145.92,1013.57,1238.84,999.96,1108.06,959.5,1166.33,939.7,1164.79,900.17,1184.64,604.31,804.63,860.47,1078.9,752.4,1134.03,752.11,1003.98,976.62,1134.78,908.07,1110.54,906.79,1107.87,874.56,1106.54,910.27,1059.7,586.21,553.02,948.73,1210.08,894.23,1111.11,920.65,1097.89,907.15,1122.31,950.88,1438.91,808.98,1093.34,824.68,1141.52,,
2022-09-12,942.029944208452,1150.4345488673735,955.4452409257166,1143.0832627847237,969.86,1226.49,878.91,1189.6,897.33,1040.41,910.53,1202.41,858.05,1162.35,1040.46,1323.72,967.79,1172.73,1017.83,1208.0,972.4,1195.98,950.98,1236.25,616.17,853.18,868.53,1117.61,757.71,1134.86,765.63,1030.95,1009.14,1159.17,933.26,1130.79,938.88,1141.74,828.41,1187.73,927.99,1087.71,586.21,553.02,984.27,1258.01,926.45,1160.18,927.15,1149.11,932.55,1176.1,939.61,1555.88,823.88,1080.55,853.02,1141.52,,
2022-09-05,970.132737335948,1163.2241005188898,984.6530898435846,1153.9596328166353,964.02,1178.15,939.99,1214.77,922.9,1057.45,934.06,1184.83,897.49,1183.4,1083.32,1343.89,1000.08,1215.78,1017.83,1208.0,998.05,1208.78,959.04,1220.13,657.51,874.29,898.37,1140.99,818.8,1077.51,767.91,1058.13,1017.27,1167.3,953.22,1139.49,960.41,1150.32,847.21,1144.14,954.27,1092.09,586.21,553.02,1003.27,1266.28,941.07,1189.18,940.16,1153.99,985.31,1179.75,968.29,1566.22,826.63,1017.64,897.18,1119.85,,
2022-08-29,1012.1087288308939,1190.3032256437214,1033.7745497297071,1187.267438700425,975.69,1148.99,977.11,1201.78,935.68,1057.45,942.97,1185.43,900.94,1167.3,1183.86,1415.38,1064.41,1280.07,1017.83,1208.0,1010.09,1176.83,988.88,1208.83,791.75,1014.91,939.5,1140.99,819.18,1077.76,767.1,1034.48,1017.27,1118.52,965.44,1115.13,987.92,1149.79,951.48,1271.49,976.64,1071.96,586.21,553.02,1033.85,1277.85,950.04,1181.68,990.57,1183.26,1011.61,1153.1,1020.32,1666.69,828.52,978.06,897.18,1095.68,,
2022-08-22,999.9027742113714,1120.6304275064954,1018.746986892882,1116.7989906173718,981.52,1093.99,965.06,1108.13,948.46,1048.93,964.64,1195.56,891.47,1077.4,1146.88,1329.66,1064.54,1215.68,1017.0,1124.67,1004.14,1121.95,983.24,1174.96,784.32,924.23,932.24,1058.73,819.14,1049.83,770.71,1002.33,1025.4,1094.13,955.46,1062.44,992.5,1105.51,936.95,1189.44,980.6,1026.89,586.21,553.02,1025.59,1177.85,939.06,1092.64,987.32,1106.84,1003.17,1128.56,1032.41,1600.15,861.66,1009.04,898.02,1076.52,,
2022-08-15,1009.7456972986281,1102.5359997772357,1020.8558927328849,1096.0394556700533,978.19,1069.82,983.92,1099.05,961.24,1065.97,994.67,1233.88,915.4,1091.09,1125.87,1286.81,1064.5,1140.33,1017.83,1125.5,1012.91,1113.63,988.88,1170.13,791.52,882.49,932.24,1032.12,831.8,1052.51,768.69,972.28,1041.66,1110.39,972.6,1072.38,990.93,1081.51,936.95,1115.08,989.79,1039.74,586.21,553.02,1044.6,1179.5,1016.33,1101.05,995.45,1072.69,1015.0,1126.04,1026.94,1527.15,873.38,1023.96,901.35,1079.85,,
2022-08-08,1033.0048828623153,1126.9980796914042,1049.053216651986,1123.0042333146432,1060.69,1149.82,1015.53,1126.93,982.55,1083.02,1061.37,1242.81,980.63,1139.11,1119.99,1271.68,1040.39,1141.99,1046.17,1144.67,1065.14,1153.45,1022.75,1199.96,838.84,923.66,967.72,1061.96,905.29,1120.72,793.25,1026.83,1090.44,1159.17,1022.09,1117.26,1008.59,1096.93,935.24,1111.66,1009.64,1076.52,586.21,553.02,1064.43,1199.33,1012.33,1103.02,1010.08,1086.51,1002.47,1139.84,1016.73,1503.14,921.15,1039.39,943.02,1119.02,,
2022-08-01,1080.5575799903638,1166.9227319966567,1091.205503676266,1159.8787297957338,1147.36,1241.49,1070.6,1177.39,1003.98,1108.37,1099.43,1253.52,1044.55,1180.09,1165.37,1302.77,1147.11,1227.15,1067.83,1217.17,1099.67,1185.73,1043.72,1225.77,846.07,956.09,1021.76,1107.93,907.43,1131.13,779.67,1014.25,1123.69,1189.09,1060.25,1150.35,1044.24,1133.19,1025.84,1199.7,1028.12,1107.21,586.21,553.02,1102.45,1224.95,1086.14,1167.86,1078.37,1154.8,1023.86,1162.05,1133.85,1612.46,979.99,1086.46,980.52,1153.18,,
2022-07-25,1101.0695026181493,1186.9608875532492,1116.0188720177111,1183.230549877816,1174.02,1269.82,1094.29,1197.56,1047.31,1142.24,1135.13,1296.08,1092.57,1221.31,1167.89,1299.41,1125.74,1216.54,902.0,1031.33,1142.77,1218.57,1088.07,1275.77,912.0,1002.81,1045.95,1134.54,1012.94,1181.78,741.08,938.44,1155.48,1207.95,1109.7,1185.44,1077.14,1166.02,1002.76,1142.43,1048.17,1137.33,586.21,553.02,1112.36,1224.13,1097.64,1180.93,1083.25,1176.76,1028.91,1166.92,1112.83,1610.73,1024.21,1126.65,983.85,1155.68,,
2022-07-18,1142.4438357214294,1215.8218726629045,1160.03235239011,1217.9669493426281,1210.69,1291.49,1123.18,1219.37,1060.22,1155.19,1145.27,1309.7,1128.27,1246.3,1207.39,1331.34,1168.94,1259.76,1107.0,1248.0,1201.71,1250.43,1138.07,1299.16,976.03,1032.2,1122.56,1172.44,1062.37,1163.53,728.53,914.73,1197.76,1250.55,1151.69,1223.49,1108.59,1193.67,1010.45,1209.95,1085.21,1172.17,586.21,553.02,1151.21,1269.58,1112.43,1170.72,1093.82,1256.43,1053.33,1188.64,1226.16,1675.62,1058.69,1165.45,1024.68,1184.02,,
2022-07-11,1169.8742855166809,1230.4132133719238,1194.3293366749501,1238.6630799802936,1260.69,1338.15,1189.67,1233.49,1060.22,1155.19,1165.59,1330.38,1139.41,1259.48,1224.19,1321.26,1233.77,1260.11,1142.83,1249.67,1240.36,1292.49,1163.88,1345.13,999.48,1053.04,1174.98,1198.25,1073.69,1186.81,715.79,902.11,1244.91,1297.38,1184.26,1256.89,1142.84,1225.4,1074.56,1225.34,1138.72,1219.81,586.21,553.02,1201.62,1319.99,1112.04,1156.6,1184.06,1230.41,1063.98,1187.83,1219.34,1635.71,1069.31,1172.84,1048.85,1188.18,,
2022-07-04,1198.186865928008,1268.1635599233289,1221.2095515739065,1277.488135910205,1249.02,1321.49,1202.68,1289.24,1073.73,1163.55,1165.34,1331.12,1141.18,1262.41,1237.64,1350.67,1277.17,1292.76,1244.5,1252.17,1273.53,1337.11,1220.33,1394.32,1043.97,1111.17,1213.69,1249.86,1073.98,1204.55,726.55,933.78,1269.3,1313.64,1214.26,1290.41,1174.49,1259.75,1142.08,1227.05,1164.81,1273.87,586.21,553.02,1247.08,1360.49,1178.03,1214.58,1236.91,1287.33,1068.02,1189.23,1223.8,1651.67,1079.69,1186.91,1078.02,1224.02,,
2022-06-27,1215.979163591916,1299.319571454037,1237.5258046321076,1309.5478952645856,1262.4,1327.37,1232.89,1344.48,1065.38,1159.2,1159.22,1319.86,1139.71,1269.2,1262.01,1391.01,1319.88,1378.48,1226.17,1350.5,1286.47,1356.93,1312.27,1496.74,1047.65,1166.06,1220.14,1290.19,1072.46,1191.19,722.26,940.59,1277.43,1321.77,1221.58,1299.67,1226.69,1286.88,1158.32,1326.19,1208.47,1311.72,586.21,553.02,1271.87,1380.33,1205.0,1248.66,1250.73,1346.67,1073.61,1194.26,1282.47,1721.85,934.91,1058.47,1051.35,1199.02,,
2022-06-20,1231.413157760073,1293.5934124925657,1254.9227088167481,1302.2523209293886,1251.56,1319.04,1288.96,1340.7,1046.03,1120.51,1143.56,1238.86,1139.99,1256.96,1299.82,1401.93,1320.26,1411.13,1244.5,1252.17,1297.21,1337.14,1330.01,1466.09,1082.85,1169.68,1239.5,1279.7,1057.27,1115.48,727.18,943.0,1277.43,1289.25,1212.98,1276.9,1240.86,1288.25,1197.63,1353.54,1214.81,1282.28,586.21,553.02,1288.4,1381.98,1237.31,1256.01,1269.91,1358.06,1072.63,1193.16,1264.28,1746.2,851.21,960.94,1050.52,1155.68,,
2022-06-13,1232.4253981092209,1254.0132418506855,1252.9818985001732,1258.9845133839926,1217.4,1280.7,1285.83,1289.97,1024.77,1078.03,1129.12,1223.41,1123.43,1216.69,1327.55,1385.13,1364.17,1382.99,1202.83,1252.17,1276.97,1276.98,1340.49,1424.16,1084.49,1115.36,1226.6,1216.8,1056.7,1114.99,730.71,939.69,1277.43,1248.6,1172.63,1218.89,1238.51,1224.94,1242.93,1339.01,1212.19,1223.33,586.21,553.02,1299.14,1366.28,1240.34,1227.8,1300.12,1309.49,1067.94,1183.58,1318.16,1712.81,851.21,960.94,1049.68,1134.02,,
2022-06-06,1209.8484608777596,1189.331326610178,1220.1892293806256,1186.6915749714015,1167.4,1197.37,1216.68,1184.3,990.94,1049.02,1109.75,1205.92,1076.09,1173.59,1320.83,1333.87,1407.31,1307.84,1197.0,1248.83,1220.35,1205.21,1292.91,1323.35,1059.68,1025.45,1184.66,1134.54,1038.63,1088.83,749.84,893.58,1179.87,1175.43,1112.21,1150.24,1211.23,1167.81,1260.88,1268.07,1161.22,1175.46,586.21,553.02,1298.31,1281.15,1256.37,1195.13,1300.93,1202.98,1027.18,1148.63,1369.92,1696.44,851.21,960.94,999.68,1084.02,,
2022-05-30,1125.652296210041,1118.4437863434682,1130.8853822650228,1113.7354236763908,1032.4,1116.54,1153.87,1122.46,965.76,1040.02,1071.61,1182.38,1037.19,1136.82,1188.36,1241.36,1299.75,1200.28,1112.83,1175.5,1154.12,1151.75,1187.27,1271.74,944.48,914.27,1120.95,1077.28,1034.3,1064.47,734.91,888.59,1131.09,1142.91,1067.06,1118.49,1111.66,1095.99,1150.63,1177.47,1082.85,1098.95,586.21,553.02,1200.79,1196.03,1169.02,1118.43,1202.63,1115.9,1006.76,1130.06,1265.41,1537.17,851.21,960.94,978.85,1071.52,,
2022-05-23,1101.8642328615601,1119.3716980699833,1111.5273693799884,1116.3617286608783,1017.4,1127.37,1170.73,1151.16,951.44,1040.41,1034.44,1184.01,1025.67,1146.0,1155.58,1218.68,1224.11,1124.67,1099.5,1123.83,1130.91,1164.0,1188.88,1295.93,952.16,934.25,1112.89,1082.93,986.04,1077.12,741.17,891.05,1090.85,1147.55,1056.94,1124.36,1068.67,1092.32,1098.49,1103.97,1061.36,1122.5,586.21,553.02,1180.13,1189.42,1126.11,1127.57,1166.19,1096.39,987.57,1123.52,1200.1,1471.47,851.21,960.94,956.35,1087.35,,
2022-05-16,1067.3245788996596,1137.6884636002885,1076.5131233791756,1136.6494809012715,989.06,1143.2,1136.05,1196.49,921.53,1032.06,978.12,1175.64,977.17,1143.73,1136.26,1243.05,1148.78,1167.59,1067.0,1165.5,1095.77,1180.56,1097.75,1297.54,885.53,956.23,1062.89,1099.86,972.66,1123.88,733.08,879.07,1025.4,1159.17,1015.98,1130.93,1023.47,1107.49,1080.54,1139.01,1014.12,1136.27,586.21,553.02,1142.12,1217.52,1086.6,1134.05,1101.95,1122.41,971.27,1126.03,1192.4,1523.44,910.58,1064.92,937.18,1099.85,,
2022-05-09,1036.8784760025444,1160.2578058475087,1052.82405178853,1162.1064584499888,973.23,1157.37,1094.54,1231.14,902.74,1019.49,946.79,1149.83,944.03,1132.9,1104.32,1273.3,1138.54,1221.89,1015.33,1206.33,1079.59,1200.74,1066.3,1297.54,863.53,1010.76,1035.47,1116.8,905.61,1101.64,738.08,884.82,1009.14,1142.91,1003.79,1133.09,976.79,1093.34,1066.86,1201.41,997.17,1140.86,586.21,553.02,1120.63,1265.45,1010.57,1159.3,1071.87,1157.36,950.45,1118.72,1104.76,1527.83,851.53,961.03,936.35,1099.85,,
2022-05-02,1007.7760361334217,1138.6485199331796,1020.1401967159155,1134.2640756000205,954.06,1144.04,1049.87,1188.95,883.36,987.19,913.35,1125.09,916.75,1108.96,1075.75,1273.3,1116.94,1232.54,1015.33,1173.83,1045.67,1168.76,1018.72,1254.8,810.59,958.78,983.85,1074.06,874.8,1072.03,747.28,883.63,992.88,1118.52,979.21,1100.73,942.45,1085.61,1027.55,1221.06,968.25,1115.33,586.21,553.02,1086.74,1245.61,980.71,1161.87,1021.71,1145.15,917.83,1088.32,1120.16,1626.38,804.49,856.84,890.52,1054.02,,
2022-04-25,983.2051992618641,1114.6199722729173,1000.5734349268439,1113.4416177861333,943.23,1121.54,1001.73,1150.02,874.67,960.13,897.18,1118.2,914.63,1105.39,1050.54,1243.05,1041.66,1168.02,965.33,1123.83,1029.02,1147.79,1030.82,1262.06,800.5,954.15,957.24,1047.44,856.7,1035.28,756.13,892.84,992.88,1118.52,969.37,1081.3,915.94,1054.91,977.12,1148.41,946.35,1075.52,586.21,553.02,1066.91,1224.95,955.9,1130.94,974.43,1099.67,908.55,1077.17,964.24,1468.09,804.49,856.84,871.35,1028.18,,
2022-04-11,976.0199859098707,1088.100550817715,995.1418065678909,1086.3531437970184,918.23,1092.37,1021.56,1110.36,874.67,960.13,880.12,1111.24,924.41,1128.81,1048.02,1209.43,988.1,1060.71,924.5,1090.5,1007.23,1120.07,1024.36,1277.38,802.72,907.96,934.66,1040.99,845.46,1036.88,747.74,869.77,998.65,1124.21,968.62,1075.68,925.71,1074.2,926.7,1021.92,953.55,1065.52,586.21,553.02,1064.43,1229.91,942.16,1101.75,952.48,1049.27,929.13,1080.89,939.42,1405.32,804.49,856.84,901.35,1029.85,,
2022-04-04,999.8501982291452,1132.2554111767092,1016.294159662095,1128.353240850924,940.73,1130.7,1038.36,1212.88,871.0,916.55,857.82,1105.0,971.2,1182.7,1073.23,1259.01,1041.74,1103.58,972.83,1140.5,1025.67,1147.47,1011.46,1306.42,835.7,966.77,945.14,1103.09,884.34,1123.95,766.19,888.68,1017.27,1142.91,991.04,1098.31,936.58,1096.12,954.05,1085.17,972.84,1090.03,586.21,553.02,1086.74,1257.18,974.74,1176.24,985.81,1100.49,932.04,1072.14,976.8,1494.09,804.49,856.84,921.35,1039.85,,
2022-03-28,1028.0004345561194,1191.7370794052397,1052.722273716107,1199.4073489121824,974.06,1176.54,999.15,1165.74,856.51,916.55,828.93,1082.24,965.57,1180.64,1132.05,1360.69,1073.89,1275.52,994.5,1196.33,1029.95,1139.34,1006.62,1277.38,978.83,1154.64,951.6,1170.02,763.61,935.89,756.01,862.93,1001.01,1118.52,1054.75,1155.45,959.5,1130.8,972.0,1245.85,980.27,1083.42,586.21,553.02,1094.74,1270.98,972.76,1200.4,1016.71,1155.77,958.42,1075.96,1011.2,1557.02,804.39,856.84,873.85,990.68,,
2022-03-21,1017.6416458704869,1143.9881894663008,1042.0957958777883,1151.6638642859423,959.06,1118.2,993.31,1096.7,859.88,905.98,813.36,1073.12,947.37,1133.23,1147.18,1355.65,1009.12,1135.45,965.33,1165.5,1026.0,1106.64,995.33,1275.77,953.41,1037.18,929.82,1113.57,880.57,1126.48,755.29,855.34,1001.01,1102.26,1023.4,1124.04,964.64,1129.78,914.73,1088.59,983.95,1002.38,586.21,553.02,1059.2,1242.05,964.99,1123.92,935.41,1022.6,972.1,1022.05,986.86,1524.33,845.16,935.49,873.02,942.35,,
2022-03-14,1070.9495643234638,1211.4572204620133,1103.686536468653,1228.778575226751,1166.56,1280.7,1011.93,1170.82,841.0,894.65,813.64,963.78,1014.37,1234.11,1243.82,1472.46,1030.71,1092.53,1045.33,1258.0,1051.8,1122.95,1075.17,1370.93,1044.11,1174.79,986.27,1186.15,790.65,976.01,756.37,816.79,1033.53,1142.91,1062.24,1148.69,999.03,1169.82,954.05,1032.18,1030.6,1071.23,586.21,553.02,1098.87,1298.25,1018.97,1220.78,1017.52,1129.91,971.7,1021.64,987.09,1429.43,804.78,859.3,822.18,892.35,,
2022-03-07,940.1698438914838,1012.9453794303772,956.4517348250604,1012.8775540596729,919.9,1027.37,897.11,990.15,782.76,824.34,767.91,843.96,905.74,1097.78,1082.47,1237.16,1030.7,1103.27,917.0,1066.33,915.6,927.62,967.11,1127.38,882.8,960.17,852.4,934.54,719.05,849.1,668.38,692.98,903.45,955.92,872.53,882.05,907.17,1009.15,889.94,1060.38,872.07,894.95,586.21,553.02,1016.22,1093.29,896.89,1013.8,910.56,969.82,863.13,910.01,1010.27,1478.38,758.16,798.8,768.02,832.35,,
2022-02-28,845.4364813769262,880.7295709253674,857.7380728731765,882.0534311998202,784.06,861.54,833.6,873.39,749.05,791.15,759.23,834.84,771.02,864.38,919.45,990.1,932.88,940.94,842.83,908.0,856.93,858.02,860.65,1005.61,819.82,842.18,827.4,902.28,711.02,832.73,693.17,719.64,822.15,842.1,803.45,809.21,816.32,889.71,836.1,865.51,799.48,789.44,586.21,553.02,903.0,941.23,813.85,851.46,841.45,858.44,789.4,824.26,869.13,1248.94,742.21,778.81,760.52,828.18,,
2022-02-21,811.871167556916,846.5081288811136,825.4348756744228,849.9542952321117,742.4,814.87,805.63,838.13,706.49,752.67,754.59,832.75,742.31,829.21,861.47,927.08,900.71,887.27,823.67,888.0,842.73,843.72,839.69,991.09,802.37,811.83,804.01,882.93,710.83,828.87,709.42,737.31,775.65,801.86,787.94,794.37,781.57,836.33,819.86,865.51,784.05,761.34,586.21,553.02,866.64,906.52,755.05,793.18,826.0,842.99,775.13,800.95,820.61,1180.61,725.78,774.16,754.68,821.52,,
2022-02-14,803.4760351695875,839.7544782552876,818.2293591660317,844.6086579707782,735.73,809.04,792.07,844.72,690.77,741.09,739.96,822.95,727.64,813.36,863.15,929.6,889.79,887.1,810.33,874.67,829.34,829.84,833.24,983.03,792.87,807.18,788.69,871.64,709.97,823.24,710.29,738.2,781.5,817.71,775.91,782.76,771.23,824.99,800.2,865.51,764.9,743.57,586.21,553.02,860.85,908.17,734.59,773.29,816.25,836.49,763.81,787.19,820.81,1187.21,705.96,759.62,738.02,804.85,,
2022-02-07,790.5889228885882,829.0114606364267,804.2724030120796,833.0396320930568,721.56,795.7,782.69,829.98,683.61,737.08,718.28,813.15,725.0,813.19,848.86,927.08,867.91,875.97,800.33,871.33,815.64,814.69,814.69,964.48,779.83,795.38,776.85,860.44,715.74,815.32,717.43,745.69,761.09,786.65,762.85,768.33,766.0,817.33,777.98,844.14,752.09,733.1,586.21,553.02,844.32,892.47,719.24,757.98,801.61,819.11,760.78,780.5,809.47,1190.47,703.33,757.55,720.52,788.18,,
2022-01-31,776.8382514282258,812.0139735329471,788.7800923528401,817.779609397896,709.9,786.54,769.15,811.74,670.91,725.83,699.76,791.03,707.0,793.6,834.58,911.11,857.44,865.5,783.67,867.17,798.42,796.35,800.17,949.96,764.07,782.92,756.86,839.61,706.79,809.74,709.73,737.84,757.11,785.19,744.32,749.23,751.01,791.15,777.98,814.23,737.36,713.13,586.21,553.02,829.45,881.72,699.16,736.73,781.29,814.54,726.33,750.04,855.72,1114.58,678.25,737.11,720.52,788.18,,
2022-01-24,760.6861511991202,795.5974308425868,771.8069321736383,800.6625108112152,699.9,776.54,762.05,797.16,659.49,712.07,684.01,782.54,695.7,781.45,810.21,887.58,846.56,854.62,758.67,854.67,783.89,781.18,803.4,944.32,746.1,769.25,719.76,800.9,706.81,809.56,701.68,723.97,748.98,768.93,729.5,732.71,743.12,775.42,752.34,814.23,719.17,688.48,586.21,553.02,822.84,866.85,689.46,728.29,763.4,790.15,715.68,736.93,818.56,1063.5,661.65,727.17,705.52,772.35,,
2022-01-17,747.2367738130383,778.8132736925202,757.5131055938153,781.4925051902432,692.4,768.2,743.11,792.15,631.03,691.88,669.48,774.89,691.59,777.05,800.96,877.5,825.21,833.28,757.0,803.0,768.91,762.04,775.17,909.64,731.12,742.07,719.76,800.9,683.79,787.51,705.33,734.67,707.52,728.28,709.56,710.67,735.45,760.05,733.53,787.73,706.58,673.89,586.21,553.02,808.79,840.4,677.53,716.49,738.2,757.63,697.17,721.49,812.85,1084.02,654.81,713.72,688.85,755.68,,
2022-01-10,739.5875021167559,764.8787162401575,748.4436018045725,765.2005297681604,682.4,757.37,760.86,778.59,635.29,683.35,666.68,775.8,691.59,777.13,792.56,869.1,814.86,833.68,724.5,771.33,758.31,744.83,779.2,898.35,710.63,714.52,707.48,783.09,676.32,765.91,701.73,729.72,707.76,728.52,692.42,692.44,732.44,748.88,733.53,787.73,693.43,657.24,586.21,553.02,803.83,823.04,676.83,714.43,734.95,749.5,681.21,704.6,809.99,1076.38,644.47,683.11,674.68,740.68,,
2022-01-03,732.753297263011,748.1893536348636,741.5611809599168,746.555106857344,673.23,744.87,755.21,766.78,631.03,683.35,665.38,779.07,677.48,764.82,789.2,851.45,814.85,801.4,772.0,769.67,750.14,734.35,789.69,908.03,666.47,671.48,696.19,773.41,674.56,763.82,680.62,702.34,706.95,725.27,683.94,684.17,729.53,741.93,733.53,764.66,681.36,643.38,586.21,553.02,801.35,802.38,670.06,712.71,728.44,726.73,684.51,703.46,809.46,1051.19,634.86,656.78,670.52,738.18,,
2021-12-20,716.2687246711175,738.0892218398469,723.515043511511,733.9039412002419,675.73,752.37,734.64,744.45,631.03,683.35,672.76,785.2,677.35,761.55,739.62,805.23,785.2,792.46,697.0,738.83,747.52,732.04,724.36,820.93,670.86,667.26,688.13,769.38,674.92,775.2,680.14,702.72,724.83,743.48,683.45,683.53,739.64,751.8,714.46,739.17,689.78,651.92,586.21,553.02,801.17,790.15,678.36,713.76,704.87,718.6,654.48,682.53,732.78,1035.8,608.71,681.57,677.18,743.18,,
2021-12-13,718.8630244283363,741.2812129371447,726.4853976480875,735.6755465682498,674.9,751.54,690.21,728.07,631.03,683.35,687.0,790.04,677.19,759.8,749.7,815.31,795.97,792.47,709.5,745.5,750.06,733.93,709.04,808.83,668.72,662.14,690.55,775.83,646.08,772.77,663.29,701.19,725.81,748.44,685.82,686.18,730.96,740.98,699.07,739.17,703.73,667.16,586.21,553.02,811.09,797.59,688.77,734.0,702.43,715.35,652.22,678.66,727.32,1038.35,621.95,695.99,683.85,748.18,,
2021-12-06,721.87129958399,747.1975146834985,728.9438329719034,741.5824753373597,681.56,754.87,707.09,725.76,639.55,691.88,689.71,793.5,688.33,769.02,742.98,809.43,752.94,770.96,726.17,750.5,757.1,740.65,743.72,814.48,670.35,685.61,690.55,775.83,672.93,778.48,693.59,722.4,741.5,761.04,692.01,692.23,738.07,744.83,649.5,716.95,718.22,684.3,586.21,553.02,814.4,798.42,698.0,741.54,700.8,714.54,653.47,687.34,724.64,1034.53,655.34,718.67,694.68,752.35,,
2021-11-29,745.2311540876065,760.0299787967177,755.3303977576041,757.220518804474,699.06,767.37,756.58,778.97,648.16,700.39,704.6,803.23,692.6,767.0,785.84,832.12,830.34,842.98,720.33,749.67,774.65,758.64,775.17,840.29,686.1,685.61,708.22,794.36,673.24,778.64,686.9,714.81,743.94,779.5,700.09,700.21,747.69,754.79,738.39,787.03,745.41,707.82,586.21,553.02,837.54,820.73,689.49,730.47,733.32,738.11,676.66,716.99,776.07,1038.28,667.21,724.95,706.35,764.85,,
2021-11-22,756.3792006991399,763.9088438630534,768.7532824267147,761.9370103279845,698.23,766.54,819.29,790.41,649.35,699.54,707.34,803.61,705.49,781.48,808.53,841.36,841.09,832.21,752.83,782.17,777.5,761.97,788.88,845.13,696.32,687.59,708.92,796.66,674.18,779.3,686.95,714.07,750.44,762.59,703.46,703.35,745.75,749.47,787.96,787.03,747.17,727.82,586.21,553.02,847.46,830.65,686.97,725.95,748.77,742.18,682.71,717.34,788.51,1056.81,672.37,744.13,705.52,764.02,,
2021-11-15,762.1487803359912,768.6988983853524,772.8659885017186,765.9823415828832,709.06,776.54,793.43,792.1,644.96,686.8,707.85,803.63,709.3,789.46,824.49,851.45,884.03,853.65,747.83,769.67,777.75,766.16,780.82,841.09,691.17,688.96,712.25,798.05,670.96,769.14,692.63,720.14,740.53,761.94,705.67,704.67,746.18,758.03,787.96,787.03,737.81,728.5,586.21,553.02,840.84,827.34,690.15,731.48,757.71,749.5,686.25,726.41,817.87,1083.18,678.7,743.93,706.35,764.85,,
2021-11-08,761.302303792716,768.894686082854,769.5344188981888,763.6822913071031,699.9,770.7,782.56,785.66,644.66,679.52,707.77,803.02,706.94,787.29,817.77,853.13,873.18,853.56,747.83,770.5,775.24,765.09,823.56,821.74,694.16,682.0,716.83,798.95,667.66,763.42,758.09,809.22,737.03,757.14,706.65,705.42,725.88,738.44,767.45,787.03,727.89,733.87,586.21,553.02,825.14,824.87,693.71,736.81,764.22,748.68,703.61,727.67,813.87,1084.41,673.91,741.43,704.68,764.02,,
2021-11-01,753.0180464601591,767.2355933021406,760.7010049408145,762.1305443406977,685.73,763.2,758.54,770.05,636.27,666.73,694.9,773.85,686.06,769.53,809.37,849.77,840.77,842.65,745.33,770.5,771.81,763.11,741.3,815.29,691.69,688.11,715.8,798.81,667.08,762.76,763.34,812.0,722.56,740.88,705.41,704.8,690.2,709.82,767.45,807.55,717.15,734.15,586.21,553.02,813.57,825.69,689.23,731.94,760.96,750.31,708.74,737.69,815.66,1110.34,666.17,726.3,705.52,764.02,,
2021-10-25,745.3287054825944,761.705753562132,754.0607679983381,757.6410597639108,680.73,759.87,746.4,757.19,628.47,666.73,693.33,784.66,671.19,753.21,803.48,848.09,829.98,831.87,748.67,770.5,764.67,756.17,734.85,808.03,682.67,685.17,709.58,794.69,666.91,762.56,730.25,794.88,683.78,712.75,702.62,700.55,713.92,738.58,746.08,787.89,710.87,723.23,586.21,553.02,803.65,823.21,681.77,723.6,752.83,747.06,704.27,730.32,807.08,1100.66,654.61,708.85,704.68,746.52,,
2021-10-18,738.3464019229406,754.9963028914594,746.7240859341954,750.4571683069678,675.73,744.87,740.15,758.72,619.86,653.99,680.85,763.57,663.01,738.02,799.28,840.52,819.22,842.61,727.0,748.83,753.51,743.2,698.56,780.61,689.27,689.46,699.9,783.4,668.58,764.47,728.58,788.8,683.78,712.75,692.78,688.49,696.35,715.0,731.55,787.89,686.69,698.99,586.21,553.02,797.87,815.77,678.92,721.23,753.65,745.43,703.59,716.24,792.83,1095.67,635.76,692.9,685.52,727.35,,
2021-10-11,720.0824751245384,733.0852898313758,726.426417832774,726.2147743379323,662.4,722.37,696.19,716.66,602.78,628.77,673.17,739.67,643.66,713.46,775.75,808.59,797.59,831.72,709.5,731.33,739.3,724.55,693.72,771.74,669.7,670.4,688.79,765.89,681.68,782.49,710.91,764.0,656.82,685.51,675.76,667.13,670.69,697.07,702.49,771.65,643.43,654.21,586.21,553.02,778.03,788.5,672.11,712.37,722.26,716.73,687.3,697.99,781.35,1082.79,610.41,662.35,663.85,707.35,,
2021-10-04,696.5715598551428,704.219336199909,699.7872151628627,695.094087047552,629.06,684.04,675.69,698.18,589.53,611.51,660.7,716.15,613.29,675.05,746.34,768.26,787.24,789.12,677.0,706.33,724.13,703.21,679.2,748.35,645.43,638.42,666.66,737.43,660.14,755.16,683.93,743.47,637.71,660.39,654.3,642.21,644.99,662.4,678.56,730.62,628.13,637.57,586.21,553.02,717.7,723.21,672.89,703.93,710.07,707.79,666.81,676.71,755.12,1047.07,607.67,639.21,647.18,688.18,,
2021-09-27,679.7012951563902,680.8713446781621,683.6304947186363,672.5762030363693,614.9,659.04,658.16,663.63,584.25,598.13,660.15,715.42,598.28,650.51,717.77,737.16,744.35,756.99,661.17,681.33,715.31,687.92,662.27,729.0,631.39,612.48,660.61,717.71,670.26,735.09,659.36,702.26,607.96,620.96,645.67,631.35,629.38,635.25,656.34,686.18,607.03,616.06,586.21,553.02,712.74,717.43,666.43,681.83,689.74,689.9,650.92,655.97,708.68,1000.63,614.82,620.74,647.18,672.35,,
2021-09-20,679.8011808982674,670.3999931822307,684.010367612595,662.8412330608367,611.56,644.04,669.23,662.28,584.25,593.75,651.21,694.07,594.9,642.66,720.29,722.88,744.36,735.49,648.67,668.0,714.81,678.74,664.69,718.51,633.28,602.35,659.66,709.84,674.07,715.42,675.26,685.35,617.96,630.07,641.0,625.75,621.88,619.83,656.34,686.18,587.87,597.46,586.21,553.02,715.22,709.16,663.08,670.0,692.18,679.33,656.65,650.87,701.52,974.6,606.03,613.04,639.68,660.68,,
2021-09-13,675.3510849819783,661.7203114562727,678.1107311220927,652.834395009819,614.9,638.2,648.79,643.97,581.82,592.56,650.13,691.76,595.37,642.41,714.41,706.91,744.33,713.94,645.33,663.83,708.06,671.21,667.11,723.35,629.92,592.33,653.92,705.29,657.97,718.96,665.64,689.69,617.96,631.53,633.97,620.35,618.65,615.79,656.34,651.99,582.02,590.92,586.21,553.02,707.79,693.46,667.14,667.13,693.81,672.02,645.5,645.01,706.23,965.41,589.63,609.78,638.85,660.68,,
2021-09-06,669.9862444798006,656.0680958931925,672.3973383132775,647.0716119745773,613.23,636.54,648.46,640.12,581.01,592.56,649.71,686.57,594.09,636.88,710.21,701.87,744.35,713.96,645.33,646.33,701.88,666.98,646.94,700.77,615.84,582.09,643.71,701.25,642.82,708.43,662.49,688.08,611.13,628.44,628.31,615.47,610.42,624.46,640.1,651.99,577.05,584.98,586.21,553.02,703.65,690.15,659.72,660.13,691.37,668.76,636.88,641.37,707.27,959.87,578.21,599.13,637.18,659.02,,
2021-08-30,664.4858014953023,651.1932162520769,667.8028167957492,643.8455536229277,615.73,638.2,638.95,638.11,582.28,591.83,652.65,687.91,589.97,632.99,703.48,697.67,733.58,703.19,645.33,646.33,696.29,661.47,646.14,700.77,616.37,578.53,643.9,699.77,632.12,690.52,640.25,663.83,613.57,628.2,624.25,612.08,598.82,597.79,640.1,651.99,577.33,584.98,586.21,553.02,699.52,681.06,653.0,647.68,680.8,693.15,622.26,625.94,702.58,959.03,583.88,593.81,628.02,649.02,,
2021-08-23,660.2417801338818,646.110659097128,665.8759641290056,640.0829671156707,610.73,628.2,667.05,648.96,579.81,594.35,659.87,690.84,591.33,634.93,692.56,684.22,714.14,682.68,650.33,638.0,696.91,662.66,658.24,709.64,623.48,580.69,647.38,701.7,648.15,695.86,650.74,668.1,617.79,627.55,626.02,614.92,600.28,598.38,641.81,639.17,582.8,590.45,586.21,553.02,691.26,668.67,651.13,640.76,679.17,651.69,625.52,625.93,634.73,892.51,592.77,596.47,630.52,649.02,,
2021-08-16,667.9272040375804,652.3638981104316,673.3679318287844,646.5919256201545,617.4,634.87,642.78,637.67,579.81,594.35,660.19,691.08,593.49,636.81,709.37,699.35,733.52,692.38,642.83,645.5,699.12,667.4,659.85,712.06,630.15,585.45,650.22,703.9,652.2,696.18,649.67,669.63,612.67,626.08,629.11,618.46,608.26,605.62,641.81,639.17,587.62,595.15,586.21,553.02,700.35,675.28,654.06,644.18,695.43,659.01,639.36,636.91,660.75,911.02,601.6,613.17,643.02,651.52,,
2021-08-09,669.1966256912232,654.6866152023825,673.9680476925855,649.5184256659463,619.06,634.87,651.41,653.01,579.81,594.35,659.76,691.01,594.23,637.81,707.68,698.51,735.65,693.42,642.83,646.33,700.77,670.95,659.04,712.87,631.73,592.51,651.82,706.34,667.24,713.01,658.34,676.13,609.83,622.51,630.13,620.29,611.87,604.16,641.81,647.72,584.4,592.18,586.21,553.02,702.0,677.76,654.27,644.51,698.69,664.7,646.28,643.24,668.21,889.41,594.36,604.25,651.35,657.35,,
2021-08-02,668.171945268652,655.1430334885167,672.9669632883232,650.1001536669735,618.23,635.7,658.93,652.63,553.06,566.94,653.04,690.43,587.87,636.95,709.37,706.07,735.54,704.08,644.5,648.0,697.72,670.38,654.2,716.9,619.28,585.68,649.93,704.46,644.16,692.72,658.91,675.76,607.96,620.96,628.59,620.44,610.62,605.5,641.81,647.72,580.78,588.01,586.21,553.02,702.83,683.54,655.17,645.7,695.43,667.14,648.41,648.14,674.34,897.92,593.55,605.35,634.68,649.02,,
2021-07-26,661.4746282449182,651.8051615406575,666.8849259266275,648.4875878998995,608.23,630.7,650.07,641.91,553.06,566.94,653.22,689.61,583.91,632.69,700.96,701.87,724.87,693.41,644.5,648.83,691.09,665.4,642.11,709.64,627.39,591.78,644.65,702.26,657.8,704.68,637.52,651.62,610.8,624.86,627.0,620.77,604.91,602.63,615.31,627.2,587.12,598.62,586.21,553.02,690.43,677.76,648.88,640.47,688.12,665.51,636.91,646.46,660.01,851.93,594.47,603.0,634.68,649.02,,
2021-07-19,662.2138347404135,653.6456220446134,668.0620296523514,650.8050461051425,604.06,627.37,633.66,630.02,553.06,566.94,642.17,683.54,582.36,632.29,702.64,705.23,735.58,693.36,655.33,651.33,691.54,668.54,645.33,713.67,628.7,596.37,644.39,702.84,650.85,704.35,645.54,664.66,607.71,621.12,628.37,622.63,608.94,601.4,640.95,651.99,577.48,588.97,586.21,553.02,699.52,680.24,648.87,640.92,694.62,672.83,631.26,643.01,649.57,842.14,586.49,601.48,634.68,648.18,,
2021-07-12,654.9607652463034,650.714361909715,661.4871819807848,646.7430191173414,599.9,632.37,632.2,634.82,532.73,548.84,639.06,680.59,575.64,626.24,692.56,699.35,724.84,693.38,655.33,651.33,685.07,664.45,646.94,714.48,615.41,588.95,637.36,698.12,647.17,705.45,641.99,666.64,606.41,618.85,623.73,618.59,597.07,593.11,640.95,637.46,583.4,594.9,586.21,553.02,696.22,682.72,632.89,645.26,690.56,669.58,622.33,637.36,652.99,855.49,579.17,597.07,634.68,649.02,,
2021-07-05,648.1461662168056,647.0276658204214,652.5604887145281,641.8063940116127,579.9,617.37,638.47,651.67,532.73,548.84,630.64,670.66,555.27,608.4,685.0,693.47,724.99,704.28,625.33,635.5,677.1,657.21,618.72,698.35,613.27,589.43,627.68,691.61,639.38,700.7,637.01,669.33,593.32,610.96,611.22,607.63,584.74,574.24,626.43,633.19,585.06,596.55,586.21,553.02,689.6,685.2,633.66,652.47,685.68,667.95,614.35,631.05,673.16,851.89,566.22,588.38,618.85,648.18,,
2021-06-28,639.8994778899445,642.3016349777803,644.7670811512787,635.883188244757,575.73,614.87,638.47,651.67,522.16,541.12,617.54,661.24,557.16,610.48,679.11,689.26,714.14,693.43,625.33,635.5,670.29,651.21,607.43,688.67,598.81,582.26,617.36,683.61,619.71,687.16,632.12,667.86,576.66,598.52,603.25,600.44,581.31,571.2,626.43,633.19,571.97,583.46,586.21,553.02,678.86,677.76,626.38,654.88,675.11,663.89,604.05,618.15,649.15,866.17,552.2,577.56,601.35,630.68,,
2021-06-21,624.9057642069122,630.7285242587571,631.7816255496941,626.985258501248,566.56,605.7,624.58,641.78,507.72,524.85,608.95,652.78,548.79,600.3,659.79,679.18,692.67,671.96,616.17,634.67,662.97,644.28,598.56,679.8,588.75,573.72,601.78,670.28,610.39,683.46,612.05,649.17,568.85,592.51,594.94,590.92,573.76,565.98,610.19,633.19,569.63,582.09,586.21,553.02,666.46,671.97,597.18,625.66,658.04,649.25,597.82,610.25,626.55,839.86,543.98,568.91,593.02,614.02,,
2021-06-14,618.3197175362616,622.94637047829,623.9149529711839,618.4608834552258,554.9,597.37,607.53,604.6,507.72,524.85,602.53,646.31,546.17,596.98,653.06,673.3,713.14,681.67,616.17,634.67,657.46,638.92,588.07,674.96,584.87,564.84,592.91,661.41,605.69,677.79,607.59,644.98,565.6,589.34,587.55,583.26,566.32,560.42,595.66,619.51,561.36,572.44,586.21,553.02,654.07,657.92,590.22,618.68,649.09,641.12,590.17,600.23,623.89,833.13,535.76,557.89,586.35,606.52,,
2021-06-07,608.4882545271398,617.0313581190169,618.5304712961737,611.5872325537138,552.4,589.87,586.29,600.48,502.95,517.73,592.59,636.64,545.25,592.52,647.18,664.89,487.17,681.6,594.5,625.5,650.15,630.33,580.82,672.54,582.67,559.4,588.96,655.09,594.09,661.93,610.46,645.04,566.49,582.91,582.29,577.32,562.35,556.4,595.66,619.51,559.57,571.06,586.21,553.02,654.89,652.14,589.61,620.16,644.22,632.99,591.49,596.0,613.43,822.93,528.48,546.44,585.52,594.02,,
2021-05-31,608.6759425242101,609.6176451599599,614.3914737565749,604.0205178554332,548.23,584.87,593.15,596.65,502.95,517.73,592.5,631.29,540.32,585.91,646.34,658.17,691.59,660.12,594.5,625.5,644.15,622.99,593.72,676.58,576.01,550.5,586.71,652.04,589.7,659.61,601.98,636.63,565.03,582.1,574.9,569.48,553.68,544.3,581.98,601.56,559.98,570.11,586.21,553.02,639.19,630.65,585.55,616.45,632.83,619.98,572.69,582.95,604.7,812.44,532.71,547.67,586.35,594.85,,
2021-05-24,608.3342737291741,609.8903952885413,614.037212091035,604.3382900039763,546.56,583.2,621.97,629.04,503.46,518.63,592.52,631.08,540.77,586.89,640.46,653.13,682.99,654.75,597.83,626.33,643.57,621.55,591.3,675.77,578.05,550.28,588.25,652.86,599.55,663.94,622.27,650.94,559.99,582.75,576.85,572.21,556.12,559.79,581.98,601.56,560.12,571.62,586.21,553.02,640.84,630.65,586.82,617.22,631.21,619.98,574.29,583.5,588.98,796.72,539.38,542.42,585.52,594.02,,
2021-05-17,608.5983364144054,607.2310451992078,614.9655949826694,602.0650670602661,549.06,584.04,635.63,630.64,497.92,511.68,591.28,630.63,536.8,584.44,637.94,646.41,691.61,660.14,574.5,625.5,643.7,619.35,593.72,666.09,578.24,548.27,589.06,651.24,606.14,660.95,610.0,639.2,556.01,576.82,577.4,573.3,554.28,543.56,596.51,601.56,556.54,565.97,586.21,553.02,650.76,638.92,577.77,608.24,636.9,621.61,576.71,584.41,604.32,809.94,530.43,535.62,586.35,594.02,,
2021-05-10,607.7743673252949,605.0796993792411,615.0075515508743,600.2137723942109,555.73,586.54,595.83,587.15,497.92,511.68,579.01,622.25,518.73,569.5,648.02,653.13,691.63,660.16,587.0,626.33,638.17,612.57,590.49,666.09,584.32,550.34,585.67,648.01,587.15,640.93,603.06,626.78,551.62,570.88,573.09,568.83,552.4,541.4,596.51,601.56,550.76,559.08,586.21,553.02,649.11,641.39,575.76,609.4,632.83,616.73,576.34,583.65,609.22,809.79,518.9,519.39,584.68,581.52,,
2021-05-03,596.6384137141802,594.1153576177625,602.1579878012734,588.4486984044007,540.73,572.37,570.5,565.46,496.81,506.4,577.27,622.23,515.07,565.47,627.85,634.64,680.83,638.61,582.83,626.33,628.09,603.06,584.04,672.54,572.57,538.78,578.84,641.95,583.83,633.14,584.2,608.6,547.55,567.38,565.81,561.97,541.44,531.64,577.71,579.34,545.8,554.54,586.21,553.02,642.5,633.96,577.27,608.12,618.2,602.91,566.66,566.43,594.97,791.68,520.19,518.23,585.52,581.52,,
2021-04-26,594.5352590242512,592.0582618425076,599.9120999406977,586.6347581972087,537.4,569.87,573.83,573.31,496.81,506.4,576.69,622.11,513.75,564.38,624.49,630.44,680.86,627.87,582.83,626.33,623.55,599.08,587.27,679.0,576.05,539.77,578.84,641.95,586.37,631.31,578.8,598.77,548.53,570.23,564.23,560.96,539.97,530.8,577.71,579.34,545.8,554.54,586.21,553.02,635.88,623.21,576.6,607.42,622.26,598.03,567.42,575.11,589.67,775.64,515.35,511.72,583.85,580.68,,
2021-04-19,593.5339563084408,590.611844469702,598.1319772112247,584.4297739504024,531.56,568.2,569.16,574.96,497.28,503.03,558.62,617.92,510.6,562.29,627.85,630.44,680.84,638.62,582.83,626.33,618.14,596.06,584.04,683.03,572.29,534.08,578.74,643.67,575.86,621.93,574.44,596.59,547.63,570.23,562.13,559.37,539.48,531.6,577.71,563.1,546.21,554.95,586.21,553.02,626.79,619.91,577.24,608.48,613.32,593.15,571.4,576.9,602.72,786.84,515.94,507.25,583.85,581.52,,
2021-04-12,589.4799692596098,589.5805806043708,593.4688030028617,583.1990373405738,525.73,564.04,561.44,574.26,494.47,503.08,555.44,616.34,507.08,559.81,620.29,628.76,670.04,627.82,582.83,626.33,614.44,595.4,596.14,697.54,570.65,532.1,578.74,643.67,584.73,624.48,589.67,610.73,551.37,574.05,561.37,558.98,536.18,533.5,574.29,563.1,546.21,552.2,586.21,553.02,612.74,612.47,580.04,611.64,611.69,589.9,560.81,566.58,585.1,774.73,514.3,509.44,583.85,580.68,,
2021-03-29,584.5572030600358,590.7815242120402,591.1769468825803,586.4840190175661,522.4,567.37,566.92,574.26,488.55,502.22,540.02,616.79,500.63,560.36,616.93,628.76,670.12,627.89,582.83,655.5,615.77,599.72,580.01,689.48,569.02,539.18,578.91,646.13,585.29,634.63,577.79,606.9,544.87,568.12,562.87,563.17,544.38,557.24,552.92,563.1,537.54,545.58,586.21,553.02,606.13,613.3,557.19,595.11,602.75,590.72,551.15,565.62,575.88,781.75,524.98,524.7,568.85,581.52,,
2021-03-22,585.9205150684434,596.5245855761716,592.3957672744049,591.8574203219417,518.23,564.04,579.82,574.95,486.46,503.03,544.77,615.67,496.08,557.66,612.73,631.28,670.12,638.65,587.83,658.83,619.44,606.73,580.82,695.93,576.77,551.72,579.58,647.53,592.45,648.22,584.71,621.59,538.85,565.43,565.67,567.01,547.93,559.02,575.14,575.07,536.16,544.9,586.21,553.02,614.4,619.91,556.83,601.03,604.38,599.66,565.91,584.96,580.37,787.11,517.08,524.76,568.02,580.68,,
2021-03-15,585.0230323448989,596.025364496253,593.2557868692874,593.1852107828879,524.06,568.2,587.44,589.42,432.34,462.64,530.58,601.47,478.22,547.0,626.17,643.05,680.86,660.15,558.67,642.17,610.9,602.28,563.88,681.42,566.77,549.47,572.95,644.08,570.04,631.68,577.81,606.46,524.22,555.03,555.33,559.71,548.44,565.39,575.14,593.02,534.78,546.27,586.21,553.02,622.66,631.48,545.87,590.09,600.31,598.85,556.66,583.72,600.59,804.04,503.16,517.41,568.02,580.68,,
2021-03-08,567.6709836458335,583.0881397549628,577.1989606901891,582.8004546233439,507.4,558.2,562.56,575.85,432.34,462.64,521.75,584.79,446.67,521.03,611.05,636.32,659.34,638.63,558.67,642.17,596.39,590.66,537.27,664.48,550.67,537.4,556.4,633.0,562.68,623.38,554.44,586.72,495.19,528.93,541.8,547.51,527.09,558.19,555.48,569.08,529.27,540.77,586.21,553.02,601.17,625.69,521.22,557.28,586.49,592.34,543.16,574.16,584.68,799.06,490.71,510.76,567.18,580.68,,
2021-03-01,552.9433086326845,576.9782439241274,563.6731112922498,574.8800049091782,494.9,550.7,524.29,553.5,432.34,462.64,516.22,581.3,436.7,514.06,594.24,625.4,530.26,649.41,567.83,642.17,587.42,583.93,529.2,658.83,542.54,535.03,546.04,626.55,548.89,623.42,542.04,589.74,476.33,512.26,531.09,537.07,519.46,559.06,541.81,581.9,525.14,536.63,586.21,553.02,591.26,620.73,522.57,564.79,573.48,588.28,537.63,568.84,562.74,774.95,472.37,499.04,549.68,563.18,,
2021-02-22,541.281666278004,566.8097553569036,549.0291587815464,564.5816854399259,482.4,540.7,519.91,564.35,432.34,462.64,495.31,560.09,425.92,505.49,574.91,614.47,627.04,638.61,542.0,625.5,575.26,571.93,516.3,647.54,529.69,525.66,530.16,612.19,531.58,610.19,527.84,583.14,482.79,514.45,516.31,522.69,498.42,544.55,528.13,566.52,520.31,533.87,586.21,553.02,581.34,610.82,508.66,550.88,558.04,579.33,526.86,557.57,549.01,778.78,458.25,483.26,533.02,548.18,,
2021-02-15,524.302498055025,552.3096722466848,530.1464008716539,549.3622797130813,469.06,530.7,512.05,558.91,432.34,462.64,486.91,545.96,425.47,508.23,546.34,598.51,605.52,617.08,534.5,608.83,561.66,557.92,513.88,637.46,512.97,508.89,515.17,597.9,520.97,592.18,524.84,572.18,466.01,499.5,501.46,507.96,485.26,526.07,507.62,551.14,512.05,526.99,586.21,553.02,562.33,585.2,492.21,533.95,545.03,562.26,512.51,543.3,542.94,777.45,444.76,466.33,517.18,532.35,,
2021-02-08,516.441743538096,538.4109424534482,523.0003288519508,535.2018815186093,463.23,512.37,506.22,532.39,423.01,450.41,476.3,539.14,419.07,503.26,542.98,583.38,605.53,606.33,501.17,575.5,550.84,546.04,504.2,627.38,504.22,493.59,498.33,581.98,504.98,574.2,505.16,545.94,462.62,488.42,492.01,497.89,473.19,511.49,507.62,537.46,493.87,504.26,586.21,553.02,556.55,577.76,483.1,523.81,533.65,546.81,495.42,526.65,531.44,758.13,436.03,454.13,519.68,515.68,,
2021-02-01,504.1747511189837,527.2670973819233,510.3597762214771,523.559077231449,448.23,499.04,480.66,508.86,417.82,447.56,472.25,536.55,407.72,492.35,529.53,567.42,583.95,584.76,501.17,575.5,541.44,536.84,501.78,629.0,496.39,485.46,485.82,572.68,504.96,571.92,504.77,547.18,461.55,480.41,484.71,489.62,457.07,492.8,488.82,513.53,478.58,487.32,586.21,553.02,530.1,552.96,478.48,517.92,521.45,536.24,484.06,515.89,500.52,729.05,434.89,455.99,500.52,515.68,,
2021-01-25,502.0769591018761,525.5229134803621,508.2879612834694,522.2872417845117,450.73,501.54,485.96,516.04,401.16,434.6,468.48,531.82,404.56,490.05,528.69,564.05,583.69,584.5,501.17,575.5,539.42,535.55,504.2,629.0,496.22,486.37,482.57,570.26,503.38,573.58,502.86,544.77,450.56,475.03,481.57,486.25,456.85,492.08,488.82,509.26,470.1,474.57,586.21,553.02,523.49,546.35,474.12,512.66,519.01,546.0,484.71,517.14,505.5,727.56,421.31,447.72,488.02,514.85,,
2021-01-18,497.25849473133457,521.7077800096368,503.2826720835009,518.554974682164,443.23,497.37,470.34,494.14,401.16,434.6,464.64,530.22,396.81,487.24,527.01,568.26,583.79,584.6,498.67,556.33,532.18,529.42,492.91,618.51,489.98,481.25,474.55,562.95,482.11,558.68,491.93,535.72,448.24,471.23,473.22,480.51,455.28,489.2,488.82,509.26,458.39,460.8,586.21,553.02,527.62,550.49,472.21,509.5,514.95,541.93,473.2,507.81,505.28,725.97,400.69,433.58,471.35,499.02,,
2021-01-11,482.78719568644584,509.2699547247786,488.0113574281275,505.2894753381019,421.56,485.7,445.96,481.66,392.89,423.4,462.65,524.78,389.6,483.21,515.25,559.85,573.2,563.25,473.67,533.83,519.03,517.97,451.78,577.38,466.97,462.41,456.32,547.09,466.7,548.28,462.66,521.9,435.85,463.05,460.18,468.65,443.69,474.3,448.65,490.45,445.31,444.27,586.21,553.02,511.09,533.13,462.09,501.12,499.5,525.67,463.49,502.52,493.95,716.5,391.94,430.95,455.52,490.68,,
2020-12-21,454.643487477965,482.4725261574208,455.33587110424605,476.2173143093469,404.06,464.04,475.05,493.23,384.07,411.81,457.12,503.58,391.08,451.72,449.81,488.22,546.09,556.04,473.67,503.0,506.41,504.48,422.43,532.34,440.29,442.11,445.39,516.6,459.78,542.89,447.48,500.56,414.69,440.41,441.75,451.71,439.2,464.15,443.29,478.33,434.98,428.42,586.21,553.02,481.75,515.65,449.92,489.57,474.99,513.42,454.14,486.87,462.19,660.24,376.38,410.86,451.35,487.35,408.36,451.47
2020-12-14,446.4444127519365,474.93495463094456,442.67089633058373,465.6200997631465,404.06,462.37,458.52,478.1,382.67,405.21,456.25,500.47,388.7,448.93,429.12,475.29,556.7,555.89,473.67,503.0,499.14,495.26,407.11,480.73,433.8,434.84,441.51,511.09,453.82,533.94,452.0,508.27,407.66,438.34,429.4,438.59,433.22,452.85,443.29,478.33,425.33,413.96,586.21,553.02,475.97,506.56,460.39,499.91,470.11,506.91,475.92,480.84,461.59,661.5,372.21,404.36,438.85,474.02,406.8,450.52
2020-12-07,443.87060530856684,467.0850403622501,442.4708120142062,459.0213540047262,404.9,463.2,442.82,466.37,381.98,401.33,454.53,496.71,384.19,440.17,437.74,465.81,545.86,545.05,461.17,478.83,494.47,487.55,399.05,499.28,429.96,429.67,438.45,505.62,451.14,533.26,443.81,498.98,404.52,432.39,426.8,434.89,424.88,439.28,433.89,478.33,411.28,396.47,586.21,553.02,467.7,498.3,445.72,484.21,466.04,494.72,435.88,463.53,464.33,648.23,359.76,386.63,438.02,473.18,398.56,442.6
2020-11-30,442.5410221977525,461.3768680777594,441.9606682447415,453.47899256929554,394.9,450.7,447.44,472.57,382.28,396.34,454.62,495.59,383.87,440.19,442.05,462.36,535.26,545.21,461.17,434.67,491.51,483.16,394.21,489.6,424.39,422.83,435.97,501.55,434.11,514.07,435.57,486.85,398.41,418.17,422.11,427.89,423.44,426.96,433.89,478.33,400.54,379.53,586.21,553.02,469.36,499.12,443.93,476.12,461.98,488.21,432.23,453.05,461.18,650.7,353.18,381.22,426.35,457.35,399.43,443.99
2020-11-23,435.1983312488205,450.70730460739753,434.8648607822548,442.58541173866763,396.56,445.7,445.63,466.2,382.03,392.77,454.73,495.64,382.13,438.26,434.29,452.88,513.35,523.28,461.17,434.67,483.45,473.78,399.85,483.95,416.43,405.92,432.3,493.9,438.96,508.36,425.25,470.86,398.24,416.02,413.6,418.76,421.96,422.21,433.89,459.53,395.56,378.81,586.21,553.02,454.48,478.46,435.57,466.43,454.66,476.83,433.12,447.59,450.44,635.99,345.96,366.22,426.35,441.52,402.01,446.2
2020-11-16,430.6341875511379,443.96725302191754,430.857644676538,435.91240809604693,378.23,429.04,425.13,453.06,383.35,391.44,457.34,496.37,378.45,433.45,432.57,445.98,524.03,523.23,461.17,434.67,479.09,467.98,390.98,483.95,411.99,401.02,431.35,491.51,421.09,487.7,424.0,465.12,396.34,416.93,407.22,411.53,417.07,407.74,433.89,459.53,398.2,383.38,586.21,553.02,455.31,472.68,430.97,460.75,452.22,471.95,419.1,433.78,427.18,622.63,337.0,355.55,425.52,425.68,397.15,440.95
2020-11-09,420.48332558127413,432.71182195354584,419.680440908979,423.01909731127444,378.23,423.2,420.83,423.64,384.37,391.14,462.06,499.29,378.98,432.86,411.88,425.29,502.58,501.77,461.17,434.67,471.19,459.24,388.56,462.99,408.42,388.22,426.81,486.99,417.87,481.44,415.7,457.16,398.41,417.76,401.39,406.14,423.64,412.74,418.51,438.16,401.23,384.76,586.21,553.02,441.26,452.02,428.16,459.25,442.47,460.57,409.06,421.93,414.97,612.13,349.57,357.43,426.35,427.35,396.76,440.91
2020-11-02,423.31796029867746,431.51680167564086,424.4877536572384,423.7996533606594,384.06,419.87,445.54,436.86,386.41,392.77,464.12,504.89,376.31,426.66,412.74,416.67,502.72,480.42,461.17,434.67,474.26,461.94,427.27,476.7,416.17,396.47,430.14,490.33,439.87,493.77,417.91,449.48,394.28,414.06,405.93,411.1,412.62,400.36,418.51,426.2,407.43,388.9,586.21,553.02,447.87,446.23,419.16,448.69,449.78,463.82,411.36,418.72,407.64,598.8,365.88,357.35,428.85,427.35,403.15,448.97
2020-10-26,436.51120394400283,435.60548637692125,437.8419694281449,429.30790595542,387.4,416.54,471.58,463.72,385.94,392.89,463.05,504.89,377.62,424.43,436.88,429.6,535.26,502.2,461.17,434.67,481.67,468.59,414.37,474.28,412.38,390.12,435.48,494.93,448.88,497.55,437.85,453.78,393.53,407.93,409.08,414.17,417.48,402.89,434.75,444.15,411.84,393.71,586.21,553.02,470.18,462.76,422.62,437.5,459.54,468.7,424.11,431.06,435.76,609.57,373.11,367.64,438.02,438.18,400.39,445.72
2020-10-19,444.4479662311575,437.99944280623583,446.7057943290047,432.2552425486149,393.23,428.2,478.52,448.85,385.18,392.17,463.32,506.17,375.74,420.85,449.81,433.05,546.03,502.22,461.17,418.0,486.91,472.17,435.34,479.92,425.92,397.39,437.73,494.83,458.0,496.2,442.64,450.88,394.94,410.65,410.24,415.78,421.36,405.64,452.7,444.15,408.39,397.16,586.21,553.02,485.06,461.11,423.32,438.22,466.04,468.7,421.28,428.15,455.48,619.23,375.08,360.93,438.02,438.18,401.45,446.49
2020-10-12,449.6212530732687,438.92502579691694,450.9152183735087,431.3470514282084,398.23,433.2,466.62,433.64,383.83,388.56,464.0,506.91,374.76,422.1,460.16,435.63,567.38,502.08,461.17,418.0,487.97,472.13,435.34,475.89,422.2,390.7,438.45,494.82,456.57,486.36,463.59,461.32,401.95,420.39,409.82,416.21,425.6,410.38,467.23,444.15,404.95,397.85,586.21,553.02,492.5,462.76,431.08,455.61,463.6,465.45,420.97,426.23,464.09,616.58,375.76,355.16,435.52,438.18,401.47,446.24
2020-10-05,447.18903623485784,436.1634194016321,448.5379982715459,427.8950550515631,399.06,434.87,471.58,415.87,381.52,387.27,465.04,507.72,371.21,422.11,456.71,429.6,556.85,491.53,461.17,418.0,487.88,471.36,428.89,467.02,417.62,387.78,439.38,496.67,458.88,482.35,462.34,455.42,402.36,422.37,409.5,417.59,421.78,410.5,467.23,430.47,406.33,402.26,586.21,553.02,485.88,451.19,435.68,463.31,457.1,461.38,404.12,417.72,456.19,601.83,375.67,355.18,426.35,437.35,401.22,445.74
2020-09-28,445.43384711712855,435.4979788921434,446.98087936602565,428.1762739236376,396.56,435.7,487.94,427.69,381.09,386.89,467.82,511.23,367.87,419.19,452.4,426.15,556.41,480.4,481.17,458.83,488.26,472.62,418.6,475.04,415.83,386.45,438.44,496.66,465.27,486.78,454.52,443.97,409.05,430.72,410.57,419.44,427.36,417.09,467.23,430.47,412.66,410.24,586.21,553.02,481.75,446.23,433.37,460.56,456.29,461.38,400.02,407.68,454.64,598.99,376.94,357.43,410.52,437.35,402.97,447.68
2020-09-21,447.72029186724745,439.6386756198487,448.160552413567,431.7729573369598,398.23,440.7,464.63,417.69,381.85,392.51,470.4,516.12,370.51,423.5,456.71,434.77,578.3,502.23,481.17,458.83,487.74,475.42,411.34,479.88,413.74,386.83,438.37,498.24,456.26,481.08,449.3,437.83,412.61,433.78,409.88,421.46,429.41,420.74,478.34,430.47,418.18,413.96,586.21,553.02,487.54,448.71,439.76,467.41,457.91,471.95,400.05,407.61,464.39,613.93,385.07,378.0,410.52,438.18,398.13,442.31
2020-09-14,446.73795263233103,444.83348615372694,447.6160137714861,437.39396762664666,399.06,444.04,493.89,450.01,383.43,402.22,471.99,517.54,377.07,431.99,451.53,433.91,556.87,480.79,481.17,458.83,487.95,480.6,415.37,478.26,419.66,398.77,441.85,504.87,462.8,498.78,461.47,457.56,414.43,439.48,412.62,427.09,431.68,427.14,460.39,430.47,423.68,424.71,586.21,553.02,479.27,446.23,442.34,472.09,461.17,479.27,401.8,412.67,443.87,600.08,385.38,379.71,412.18,441.52,395.78,439.64
2020-09-07,452.6351133042564,455.7536742370475,453.8740742347824,448.8116207206168,402.4,449.87,513.89,478.44,383.86,408.02,460.45,510.0,381.21,441.28,457.57,449.43,556.77,502.21,481.17,458.83,494.1,492.73,424.24,491.97,419.05,406.73,445.66,512.58,473.99,514.01,458.57,470.35,413.43,438.82,417.9,433.12,435.72,432.79,473.21,462.09,426.44,432.28,586.21,553.02,490.84,466.07,445.81,474.66,470.92,481.71,406.67,432.0,459.39,617.64,382.25,389.86,419.68,458.18,406.57,451.55
2020-08-31,455.2008824033383,461.80805345130466,456.0103743731984,454.4600152507712,405.73,454.04,491.16,466.62,381.9,410.49,460.65,510.0,386.06,447.45,463.6,458.05,567.31,523.52,481.17,458.83,495.36,496.56,424.24,499.23,419.45,414.13,446.31,514.73,466.31,516.9,477.0,487.6,401.97,430.38,419.21,436.03,439.64,437.61,473.21,462.09,428.78,433.66,586.21,553.02,494.98,483.42,446.9,478.56,470.11,495.53,407.55,438.3,461.1,631.32,383.95,394.61,419.68,466.52,406.9,452.36
2020-08-24,451.1877577900984,463.9787060579587,451.43533254971084,457.49140672179016,394.9,448.2,484.3,470.5,381.39,398.73,462.17,510.68,388.27,450.16,456.71,462.36,567.34,523.54,481.17,458.83,491.28,498.07,421.02,502.46,421.64,421.06,444.83,514.69,462.92,517.72,468.08,491.11,403.68,437.78,418.88,436.34,431.3,433.59,462.1,474.06,419.55,430.9,586.21,553.02,488.36,485.9,444.29,476.82,466.04,496.34,403.26,440.75,459.39,627.67,368.4,399.28,420.52,466.52,403.66,449.13
2020-08-17,449.9253206880747,464.79313687869404,450.0357842459922,457.83795499085807,395.73,451.54,480.91,475.05,381.39,398.73,461.91,512.67,388.52,452.06,454.98,463.22,556.33,523.3,481.17,458.83,488.92,498.04,413.76,495.2,418.37,421.49,444.05,515.43,452.48,521.12,469.77,495.51,409.94,432.34,417.69,435.51,432.31,435.21,441.59,474.06,407.85,429.53,586.21,553.02,490.84,489.21,442.26,475.97,463.6,492.28,417.74,454.53,460.97,639.13,369.14,400.61,420.52,466.52,399.98,445.57
2020-08-10,445.678884692308,465.0184297747581,446.8563608131084,458.65636807138117,392.4,449.87,476.78,485.31,380.24,398.73,462.64,514.58,388.01,453.22,451.53,464.94,541.23,535.05,481.17,458.83,485.33,496.9,421.82,510.52,415.38,421.19,441.78,514.61,449.03,525.47,453.73,495.47,402.13,433.39,417.22,435.32,433.6,431.08,441.59,474.06,412.25,436.42,586.21,553.02,479.27,490.03,431.13,465.98,462.79,492.28,417.55,454.03,459.22,652.68,375.84,401.14,419.68,465.68,401.87,448.02
2020-08-03,444.8432383890555,464.8595886952936,446.9528498255301,458.95817772448567,393.23,453.2,483.72,475.54,373.5,409.17,463.2,514.51,389.52,452.35,451.53,466.67,519.83,524.4,481.17,458.83,487.81,497.83,408.11,496.0,414.94,420.35,442.68,514.65,461.13,533.58,462.54,505.54,400.51,433.56,420.5,438.62,432.11,437.5,456.12,474.06,395.04,423.33,586.21,553.02,472.66,487.55,429.28,462.46,463.6,492.28,412.42,449.3,449.45,643.32,374.67,400.8,423.02,468.18,401.55,448.4
2020-07-27,452.4267434104396,469.54530365038187,455.34656866860183,464.59123857826904,394.9,451.54,471.24,477.77,373.5,409.17,463.06,514.48,392.12,454.94,466.19,475.29,541.54,535.36,479.5,458.83,489.76,499.55,443.57,515.97,430.11,430.42,444.81,516.04,459.69,526.43,472.75,516.79,399.2,429.9,422.06,439.76,438.24,444.21,456.12,474.06,432.23,448.4,586.21,553.02,481.75,497.47,423.21,456.3,466.86,493.9,423.61,459.91,465.79,657.15,375.29,398.99,434.68,474.02,393.44,439.89
2020-07-20,447.6047869667205,464.7900446039056,451.19023081033254,460.0238196456915,393.23,454.04,446.45,447.53,368.99,403.71,466.35,513.99,383.57,446.55,457.57,464.94,530.48,524.3,482.83,459.67,489.62,497.45,437.12,507.1,432.42,428.09,444.03,514.49,462.86,530.29,468.37,506.79,400.42,431.2,422.91,440.66,436.15,445.85,456.12,474.06,430.16,447.71,586.21,553.02,478.45,494.99,413.33,449.18,470.92,493.9,420.07,461.51,463.43,660.7,373.56,398.75,435.52,474.02,392.77,439.9
2020-07-13,449.66499027145227,464.16247754956123,454.8285735821694,461.0342145976674,390.73,450.7,479.26,483.15,364.64,398.13,454.47,491.09,374.16,438.3,466.19,470.12,552.2,535.27,466.17,460.5,486.77,494.14,427.44,499.85,428.75,425.92,443.1,512.8,454.26,521.79,459.47,504.63,385.06,425.1,422.26,440.24,428.69,433.21,456.12,474.06,417.07,435.32,586.21,553.02,488.36,499.95,401.28,437.37,471.73,491.47,413.9,456.07,474.55,661.32,369.23,386.56,434.68,466.52,386.34,437.41
2020-07-06,441.90047555793944,457.96660261356607,446.9920288370777,454.5264352982216,382.4,442.37,458.85,447.94,357.36,389.06,455.01,491.09,366.19,433.18,456.71,471.84,540.96,524.05,432.0,456.33,479.05,485.27,410.5,493.39,416.83,414.1,439.95,508.85,454.75,515.7,454.08,496.89,383.59,420.55,419.82,438.17,417.39,422.64,456.12,461.24,410.87,429.12,586.21,553.02,485.06,497.47,393.81,433.6,458.73,470.33,407.1,454.83,466.45,657.36,369.16,387.68,427.18,466.52,367.27,419.03
2020-06-29,431.90726958642915,451.88056128916344,436.56293824390633,448.46354332924074,379.97,439.53,429.26,439.84,351.94,384.92,456.18,491.01,353.12,417.86,435.42,453.97,519.38,513.21,432.0,456.33,473.9,480.79,412.92,487.75,424.47,416.17,437.57,506.59,443.6,504.58,452.3,490.25,382.21,421.6,418.47,436.31,406.02,413.1,450.99,461.24,432.91,449.09,586.21,553.02,485.06,493.34,390.57,433.38,453.04,466.26,401.6,449.51,452.93,639.39,341.02,364.8,364.68,464.85,352.92,405.66
2020-06-22,425.3445605095394,445.4121880114063,428.7347888154823,440.7720332421778,369.14,432.03,431.96,412.42,345.04,380.45,428.45,449.03,345.79,407.93,431.21,455.65,540.76,513.13,432.0,456.33,461.64,470.59,385.5,470.81,407.1,404.35,422.26,496.08,430.52,494.69,434.9,480.36,377.98,418.92,407.16,426.08,387.66,397.83,450.99,461.24,390.9,409.83,586.21,553.02,480.93,490.86,385.88,433.16,442.47,458.94,394.32,443.8,457.01,652.16,340.54,363.07,398.02,458.18,346.76,400.77
2020-06-15,410.859052457454,438.5373243904246,413.81939240705606,433.54071036711383,357.47,422.86,414.63,423.23,338.95,373.12,419.54,442.38,336.48,403.19,408.53,444.73,496.65,491.56,432.0,456.33,452.18,463.29,386.31,476.46,402.47,398.52,410.49,488.33,416.78,484.32,427.79,475.76,370.91,414.04,400.92,420.71,369.01,386.37,430.47,445.0,390.9,409.83,586.21,553.02,460.27,478.46,384.37,435.99,429.46,450.0,384.6,443.73,430.1,618.36,318.02,344.42,384.68,444.85,342.41,399.64
2020-06-08,400.00986223172134,430.2257568155188,402.2122293591246,424.22170814339876,351.64,416.19,423.89,427.03,333.75,366.73,369.11,422.8,329.04,400.66,395.08,432.96,485.95,491.58,417.0,457.17,439.14,454.02,370.18,465.97,382.56,383.42,391.31,480.39,398.89,467.2,414.44,469.45,366.77,410.3,395.38,415.71,368.88,381.72,409.11,427.91,379.88,398.81,645.54,612.35,446.22,472.68,377.5,431.69,418.89,440.25,368.36,431.15,426.42,621.01,316.8,341.57,368.85,444.85,338.25,396.61
2020-06-01,389.36417510247145,424.2155413304142,390.7443339662496,418.0253002336245,349.14,410.36,405.05,418.44,332.56,367.58,367.18,422.33,320.36,391.96,372.39,420.36,464.53,459.43,417.83,459.67,431.6,449.0,366.96,461.94,377.57,378.72,388.44,477.48,399.82,469.07,421.72,470.98,364.16,406.81,395.76,416.08,356.32,371.23,390.3,412.52,356.47,379.53,645.54,612.35,439.6,474.33,376.5,430.72,414.01,437.81,367.77,430.46,397.06,602.81,279.59,310.88,368.02,444.85,331.14,392.39
2020-05-25,380.9664151837565,417.42096198530004,384.2171291051876,412.98313997106294,344.97,409.53,383.56,390.25,325.57,355.86,367.05,422.31,312.26,384.62,367.35,415.31,464.41,470.04,392.83,458.83,427.91,445.76,334.7,457.1,365.67,371.61,379.48,474.21,363.16,437.73,394.97,447.25,365.22,406.89,391.9,412.41,348.99,374.25,390.3,412.52,313.08,348.95,645.54,612.35,437.12,479.29,358.7,412.95,406.69,432.93,367.82,430.53,378.97,591.93,279.13,309.08,353.02,444.85,328.89,392.53
2020-05-18,366.84282939799425,406.20460661593927,371.38959935002543,403.06741107370607,333.31,405.36,367.2,368.02,318.07,343.98,372.91,414.51,303.75,374.33,353.06,409.43,443.07,448.7,392.0,458.83,418.93,435.05,354.05,478.88,345.53,355.74,359.2,463.4,358.08,426.57,367.5,421.65,369.85,409.98,383.69,405.05,339.22,355.09,365.52,381.75,288.97,316.85,645.54,612.35,417.29,472.68,340.39,397.16,378.24,413.42,367.81,430.69,347.08,563.48,237.83,273.04,351.35,444.02,332.33,398.95
2020-05-11,359.54580552441354,405.20229549328263,366.186600977088,403.76516566635223,355.81,420.36,354.88,360.58,322.08,350.41,369.07,409.66,290.53,369.76,346.34,407.75,432.07,437.7,392.0,459.67,415.29,431.5,319.38,467.59,333.92,358.22,354.44,463.61,324.97,399.63,334.6,409.07,374.0,411.44,388.0,409.48,341.48,358.06,365.52,381.75,285.25,322.37,645.54,612.35,403.24,482.59,321.91,387.77,357.1,405.29,368.43,431.46,343.8,563.36,238.27,274.14,353.02,445.68,359.54,429.47
2020-05-04,354.0169183313966,408.58834341507594,360.5607309685254,407.12777347920536,358.31,422.03,346.29,375.87,339.54,368.09,383.36,434.48,298.21,380.8,327.85,406.07,410.47,448.26,392.83,339.5,413.65,432.09,347.6,495.01,333.38,362.82,350.13,467.26,313.69,398.73,300.06,394.8,379.04,415.51,398.06,421.25,360.02,374.33,289.45,358.68,297.23,329.95,645.54,612.35,399.11,481.77,329.36,394.23,338.4,402.85,369.23,432.67,321.9,550.56,250.04,321.91,356.35,448.18,360.41,430.41
2020-04-27,359.53655956758496,421.3459468023716,365.8480282376681,419.61006667908003,369.14,433.69,311.78,361.96,360.47,390.85,399.15,482.17,308.84,392.02,328.69,407.75,389.19,427.0,436.17,538.67,426.97,447.28,354.05,505.49,346.31,385.97,360.91,487.59,330.8,432.81,303.4,404.97,386.6,424.12,412.26,437.57,385.42,395.03,289.45,358.68,301.37,334.9,645.54,612.35,396.63,481.77,340.32,407.9,344.91,425.61,394.87,457.97,320.47,571.92,249.29,320.66,373.85,468.18,366.09,436.19
2020-04-20,377.5810811878771,441.49108552848855,386.82857800905725,441.11290230752786,375.81,445.36,508.93,410.58,371.08,400.73,403.41,494.28,322.85,407.64,347.18,437.16,399.95,480.67,436.17,538.67,443.43,465.8,357.28,507.1,360.48,401.94,379.07,510.25,327.62,458.26,299.42,415.68,390.18,426.4,428.37,453.44,408.25,414.83,318.51,395.43,295.45,333.38,645.54,612.35,405.72,502.43,349.81,418.2,355.47,471.95,409.83,472.01,328.05,584.43,240.59,335.04,377.18,484.85,372.98,440.72
2020-04-06,392.6190457423332,458.2232763800085,403.5375862668031,458.05158745993185,411.64,473.69,305.46,399.1,395.45,427.74,425.0,526.86,341.34,420.83,382.47,461.53,399.54,501.61,477.0,538.67,454.88,478.71,390.34,536.14,382.1,416.77,402.57,525.97,340.65,475.46,297.22,412.7,396.93,438.03,449.31,471.14,427.17,427.96,318.51,415.94,344.76,352.39,645.54,612.35,412.33,512.35,365.79,436.91,357.1,486.59,417.42,477.77,327.12,604.39,297.1,360.25,403.02,494.02,386.24,448.87
2020-03-30,406.6808608321766,467.9650132857182,415.87878501253454,466.75926479516255,409.14,476.19,274.3,407.61,435.88,457.83,444.54,546.59,365.15,443.84,391.72,463.21,431.65,544.42,477.0,539.5,472.49,494.89,406.47,545.81,396.02,423.4,427.48,542.56,394.31,489.87,319.51,420.97,413.11,455.51,465.49,487.36,432.58,437.72,318.51,433.89,413.9,419.75,645.54,612.35,432.99,511.52,380.62,446.29,357.1,484.15,419.54,479.08,338.36,609.37,369.62,405.7,419.68,502.35,402.26,459.87
2020-03-23,429.86356062089686,481.1123000218621,439.11892766069536,478.84982383431066,410.81,473.69,289.18,399.1,481.3,510.62,451.91,554.14,393.85,460.32,407.68,469.94,442.13,544.13,477.83,539.5,499.48,517.6,495.18,555.49,420.22,438.32,453.81,561.26,429.87,513.8,369.93,430.98,444.33,473.88,482.64,504.3,453.45,458.31,318.51,418.5,455.72,474.52,645.54,612.35,471.01,514.83,405.78,467.97,403.44,489.84,428.76,487.69,341.65,606.85,441.79,467.27,458.85,514.85,449.11,482.85
2020-03-16,470.696782875494,513.9754890649646,471.5577378456008,505.1147297844736,399.14,467.86,400.09,434.96,520.21,551.56,544.54,604.09,446.81,508.94,440.46,486.74,495.51,565.36,519.5,572.83,546.43,553.07,464.54,583.72,479.06,475.25,501.15,597.64,474.18,548.92,445.52,495.49,538.39,565.91,498.31,521.15,476.4,500.33,424.49,490.3,481.84,496.17,645.54,612.35,473.49,516.48,470.57,535.44,468.48,523.99,458.12,517.45,461.9,687.97,473.73,492.1,489.68,545.68,465.51,502.5
2020-03-09,516.3415807592747,555.9551416857869,515.3008516267028,546.4257878656786,470.81,521.19,491.08,517.44,547.43,570.27,568.54,624.21,499.86,563.43,487.52,528.76,599.64,627.75,519.5,572.83,583.33,588.83,507.28,635.33,524.48,525.33,549.38,637.5,503.21,566.99,495.61,544.57,538.39,565.91,519.4,541.78,522.66,545.44,516.8,550.13,511.7,534.35,645.54,612.35,532.17,573.5,511.17,580.57,524.58,567.07,502.53,559.86,516.8,730.38,491.62,514.78,515.52,571.52,502.61,540.85
2020-03-02,533.4410946954478,573.8690957444074,532.1609033396867,564.5871472561896,493.31,538.69,537.86,571.08,553.19,577.43,569.06,629.69,510.68,577.28,499.28,538.0,620.77,627.46,572.83,634.5,596.01,604.52,527.44,657.91,549.12,550.52,573.12,658.96,546.05,610.52,535.37,582.92,539.61,573.15,534.02,556.5,534.98,567.45,548.42,571.5,523.49,546.25,645.54,612.35,556.13,597.47,520.17,595.94,549.78,587.4,510.27,564.12,546.79,755.35,487.18,511.39,534.68,591.52,505.96,546.05
2020-02-24,551.5069671002112,588.4381153024904,551.2826168816134,579.4836141120828,515.81,566.19,536.7,569.26,555.44,581.82,569.75,631.77,521.79,589.42,532.89,570.78,663.86,659.85,591.17,652.83,601.55,614.02,605.67,661.14,549.49,557.55,575.45,662.18,534.55,604.53,533.69,584.5,542.05,575.34,538.4,562.45,540.47,569.12,574.92,597.99,526.3,548.67,645.54,612.35,581.75,624.74,530.43,610.37,558.73,597.97,525.21,577.59,572.85,775.89,483.96,508.13,528.02,588.18,535.85,577.88
2020-02-17,546.5477771528202,589.1419546392425,545.3790959947269,578.6230849715685,503.31,557.03,526.62,554.8,558.55,590.17,572.24,643.68,532.03,600.96,523.65,571.62,642.43,659.83,592.0,652.83,599.04,613.02,604.05,668.39,554.32,557.48,572.45,663.1,529.32,597.01,527.87,578.38,547.98,582.5,539.75,564.04,539.63,563.91,556.12,597.99,513.35,536.0,645.54,612.35,563.57,610.69,540.54,625.87,552.22,601.22,521.31,573.52,551.01,765.29,497.83,525.93,529.68,589.02,543.18,587.3
2020-02-10,546.0668601438686,592.8009451038015,545.0686134743106,583.0661151702532,507.47,570.36,548.93,562.07,559.7,594.77,574.06,660.63,529.49,598.27,518.61,571.62,631.52,648.92,535.33,597.83,600.78,617.89,539.54,678.88,557.76,559.89,575.82,668.91,537.73,606.41,530.82,578.59,557.58,588.11,545.93,571.67,544.36,578.02,556.12,574.91,555.23,585.45,645.54,612.35,565.22,608.21,542.1,629.42,574.49,630.58,528.67,581.6,543.83,754.64,509.87,546.59,532.18,591.52,543.45,592.44
2020-02-03,551.4641502350719,604.5532764785661,550.3536975214008,596.6561538243146,516.64,578.69,519.26,554.8,560.17,596.05,572.96,674.23,533.17,603.38,519.45,577.5,652.89,659.58,557.83,612.0,608.0,630.42,554.05,695.81,572.05,586.17,582.93,682.49,555.54,634.39,538.81,598.4,561.81,595.83,558.89,586.67,553.04,594.07,556.12,603.12,579.47,618.79,645.54,612.35,571.01,620.61,541.37,628.26,585.06,641.96,532.87,594.22,553.01,756.15,514.96,565.7,550.52,626.52,553.5,608.82
2020-01-27,559.3992040889733,620.5819225405519,557.4296572980471,613.3495355000779,527.47,592.03,562.57,607.94,561.37,598.86,570.02,673.89,536.98,608.67,516.09,594.31,674.31,691.71,616.17,670.33,616.53,642.46,550.02,703.88,587.28,610.47,592.37,695.79,563.11,650.41,557.79,618.43,563.19,596.4,572.53,597.62,563.62,600.26,586.88,617.65,584.01,624.43,645.54,612.35,583.41,636.31,546.97,636.09,594.82,641.96,541.6,604.31,572.07,793.79,518.89,583.04,561.35,619.02,570.92,625.71
2020-01-20,565.10048005194,631.5078788557289,562.6139523991541,624.5520503795997,534.14,597.86,567.41,630.83,561.41,602.14,565.85,668.89,540.89,614.66,522.81,608.59,685.04,702.43,612.0,682.0,619.69,651.23,572.6,722.43,592.14,623.49,595.4,703.58,569.25,676.73,559.63,641.67,563.19,594.86,572.51,602.74,564.1,603.28,586.88,637.31,566.24,603.77,645.54,612.35,594.15,652.02,554.51,642.03,601.32,657.41,547.89,613.92,585.46,810.65,519.51,584.69,563.85,633.18,563.25,617.61
2020-01-13,569.1511970403413,642.1751487520326,566.1767262981886,635.7486804719464,542.47,607.86,569.1,631.66,562.05,603.55,554.43,662.69,541.58,615.87,521.97,628.76,695.69,734.49,607.83,678.67,623.2,657.32,579.86,733.72,598.97,633.27,597.01,708.03,567.51,680.34,570.06,652.74,561.32,594.77,577.96,606.67,565.93,602.21,603.98,672.35,588.14,623.19,645.54,612.35,608.2,675.98,560.11,649.91,605.39,671.23,551.58,616.75,592.45,824.36,522.55,589.45,573.02,645.68,559.96,613.61
2020-01-06,572.5786020396433,643.3356960117779,570.4495003651189,637.4936180355024,538.31,607.86,594.8,656.45,560.47,605.68,550.95,657.39,534.09,607.64,537.94,645.57,717.1,755.9,586.17,657.0,618.74,651.64,577.44,728.07,589.11,627.67,591.27,705.45,573.06,683.95,579.12,661.45,553.27,585.75,574.99,603.26,560.07,604.07,575.77,614.23,576.3,619.33,645.54,612.35,609.85,679.29,557.11,647.98,604.57,669.6,541.84,597.19,592.79,821.85,517.39,574.25,573.85,645.68,552.98,606.45
2019-12-16,549.6418725555515,610.7290085617394,547.4284488319839,605.7323968815042,529.97,589.53,563.15,604.8,558.83,595.77,556.79,643.71,524.34,595.32,497.6,583.38,677.5,685.12,597.0,667.83,604.18,630.1,558.8,694.92,576.11,604.56,571.84,693.69,553.86,653.32,545.8,628.25,541.4,568.03,565.05,591.1,564.52,598.36,564.66,594.57,566.74,612.03,645.54,612.35,581.96,640.11,548.34,622.61,561.49,627.33,535.64,594.54,561.41,783.58,520.55,552.43,559.68,629.02,547.36,599.63
2019-12-09,552.1343297942897,607.3786751517821,551.5642954931832,602.1533385020681,544.97,598.69,550.09,577.61,557.86,596.71,559.25,643.71,525.9,595.99,511.05,576.66,666.86,685.2,589.5,658.67,605.43,628.01,561.22,696.53,575.13,600.78,575.08,695.38,568.69,659.03,546.5,631.19,537.58,564.29,567.03,592.5,563.08,597.73,564.66,594.57,554.76,602.52,645.54,612.35,572.04,631.02,548.77,616.89,564.74,626.52,544.25,601.09,558.69,773.13,519.25,557.47,559.68,629.02,546.43,596.33
2019-12-02,553.7638619229452,606.4031904198771,554.8962156106281,602.0744051513739,542.47,594.53,534.63,579.18,558.07,594.89,556.87,644.7,529.6,596.27,522.81,583.38,670.17,703.5,528.67,597.83,606.84,628.58,547.51,680.4,573.57,594.0,576.35,696.01,568.76,647.59,560.37,628.78,529.69,557.86,567.32,592.7,565.73,600.7,564.66,594.57,556.27,604.86,645.54,612.35,578.65,640.94,546.63,612.08,568.8,624.89,548.72,605.49,564.05,776.23,515.01,560.01,561.35,629.85,540.46,589.22
2019-11-25,552.4893941610662,603.5660180101049,553.7654690407744,599.7412109085209,539.14,593.69,546.7,586.37,557.96,596.29,556.98,644.86,531.33,598.26,522.81,582.54,659.43,682.05,566.17,636.17,600.82,624.74,562.84,701.37,566.82,589.32,570.7,693.82,560.37,652.24,542.37,620.69,528.64,555.51,563.81,587.71,566.45,597.92,564.66,594.57,556.68,605.0,645.54,612.35,578.65,629.37,539.85,601.83,566.36,623.26,543.23,600.61,565.06,771.18,506.66,557.47,561.35,631.52,543.57,589.93
2019-11-18,551.1309700526539,604.0871569318234,550.531075010726,599.8470643826637,538.31,596.19,546.95,581.24,561.2,598.09,559.17,646.05,530.41,596.25,517.77,582.54,670.05,692.66,562.0,632.0,599.86,624.76,552.35,686.85,568.52,591.99,570.02,693.72,562.26,651.08,542.47,614.02,526.11,554.29,561.61,587.51,566.31,596.76,564.66,594.57,552.55,601.28,645.54,612.35,569.56,626.06,540.86,600.72,572.87,625.7,541.69,605.48,559.33,774.94,501.64,555.72,559.68,637.35,547.31,593.84
2019-11-11,551.928638791014,603.2519999571384,552.629426300384,599.8601690748734,543.31,594.53,541.74,597.61,561.24,597.16,549.98,638.19,532.95,599.07,520.29,579.18,659.38,681.99,547.83,608.67,601.29,625.8,556.38,685.24,568.21,592.0,569.16,693.73,554.05,647.71,543.82,609.24,526.36,553.31,561.54,587.76,567.71,597.24,562.1,594.57,554.34,604.04,645.54,612.35,582.78,631.02,543.91,593.91,574.49,624.08,538.98,613.17,555.24,773.69,500.66,557.76,553.85,638.18,544.79,591.73
2019-11-04,547.8103669159668,602.747722666915,547.9464388286153,599.5809026804695,534.14,592.03,541.74,597.61,559.2,597.52,549.83,636.91,531.47,599.76,516.09,579.18,648.75,671.37,567.83,624.5,598.87,624.68,542.67,675.56,558.18,593.48,565.32,693.79,541.3,650.31,541.07,630.91,531.64,557.46,560.46,586.89,565.24,598.6,562.1,594.57,555.17,607.07,645.54,612.35,568.73,626.06,545.04,594.86,562.3,624.08,534.84,613.7,554.16,765.76,499.28,558.14,552.18,637.35,540.5,586.99
2019-10-28,545.2822088576163,602.1440297604286,544.4334097192916,598.2420850911723,534.14,594.53,527.11,577.86,560.2,596.39,550.76,633.6,533.71,602.6,509.37,580.86,648.8,692.84,567.0,615.33,598.86,622.56,549.93,681.21,552.24,589.93,564.6,693.61,535.53,647.68,538.11,629.82,533.51,559.41,560.03,585.82,566.51,596.68,562.1,594.57,558.89,608.58,645.54,612.35,563.77,629.37,542.86,592.28,555.79,622.45,530.22,607.66,541.1,772.1,508.75,560.6,553.02,637.35,542.76,589.46
2019-10-21,548.3911004573331,603.7755675966991,546.5437408210802,599.3418098217003,533.31,592.03,529.92,576.95,559.4,595.5,560.48,635.59,532.74,598.65,512.73,583.38,659.5,703.54,562.83,620.33,603.62,622.44,563.64,687.66,556.39,591.1,568.79,693.7,549.73,649.98,534.83,630.36,537.66,561.52,562.12,587.47,566.09,594.45,545.0,594.57,563.29,612.3,645.54,612.35,555.51,628.54,542.84,591.93,556.61,624.08,535.03,591.01,541.99,774.15,516.07,563.76,552.18,637.35,551.44,598.73
2019-10-14,552.0708789430485,604.4420499025766,553.7264545256525,602.0741312065908,539.14,595.36,559.01,589.76,560.32,596.04,566.06,638.51,533.85,595.42,523.65,589.26,638.25,682.3,561.17,617.0,608.67,623.64,554.77,683.63,563.46,591.23,575.85,696.11,556.66,645.15,551.59,620.71,540.91,565.18,565.92,589.94,569.3,595.15,545.0,602.26,566.74,616.43,645.54,612.35,557.16,627.71,541.63,590.49,566.36,623.26,544.44,612.64,553.93,767.57,518.36,570.29,557.18,637.35,543.34,590.58
2019-10-07,555.6821374424699,606.0407371104183,560.0466116660359,604.8424830088533,546.64,598.69,565.05,574.8,562.8,598.32,570.85,643.56,538.7,603.57,528.69,589.26,659.76,671.67,580.33,640.33,612.9,630.09,562.84,686.05,563.16,595.88,582.94,701.05,564.8,661.25,554.42,631.31,545.22,570.98,571.2,595.0,571.05,594.99,571.5,602.26,566.89,602.65,645.54,612.35,574.52,627.71,541.98,590.93,571.24,629.77,551.16,619.65,557.32,767.78,520.2,576.78,563.02,629.85,535.85,582.14
2019-09-30,558.2910587295959,612.3393532801643,561.6894624625037,611.1347603993976,543.31,603.69,557.69,591.82,561.09,597.8,566.93,642.12,532.94,596.32,528.69,593.47,712.41,772.55,563.67,622.83,619.0,637.26,569.29,698.95,567.46,603.2,587.63,704.0,580.87,675.86,558.13,642.96,543.75,568.13,576.45,600.36,587.53,602.55,587.74,618.5,567.1,601.56,645.54,612.35,572.04,640.11,537.98,587.05,576.93,637.9,553.97,622.18,561.51,780.45,505.1,562.62,568.02,636.52,539.89,586.09
2019-09-23,560.2112032202317,612.5941099290056,565.6095158011631,611.876744674321,564.14,616.19,546.37,597.77,557.48,591.36,557.24,633.01,532.44,593.85,535.42,595.15,712.39,783.24,549.5,607.83,616.95,634.39,586.22,717.5,567.52,603.87,587.33,702.19,548.47,655.94,546.56,633.67,545.22,568.3,574.62,598.25,590.84,614.4,605.69,607.39,565.81,598.87,645.54,612.35,589.39,650.03,538.73,589.14,578.56,638.71,545.0,611.83,560.39,787.91,497.26,554.35,557.18,616.52,539.93,584.68
2019-09-16,548.6587347796436,597.9396589469986,549.9032861639772,593.7355576438501,544.14,590.36,529.18,579.01,553.68,586.14,550.17,615.43,528.48,586.98,524.49,577.5,638.41,682.47,517.0,565.33,605.23,620.31,552.35,661.85,550.01,582.36,570.17,686.42,539.0,646.21,534.15,626.34,541.64,564.48,558.9,581.9,575.89,597.49,555.26,607.39,564.67,596.29,645.54,612.35,557.99,626.06,548.1,596.12,558.23,620.01,532.24,599.3,551.76,787.56,494.66,549.24,558.02,614.02,540.22,581.91
2019-09-09,549.1503129744942,591.5167768473024,548.6939795779442,586.0982223391692,544.97,587.86,525.21,624.88,553.91,586.47,551.82,610.5,533.77,586.63,525.33,566.57,660.47,683.13,538.67,587.83,603.42,612.88,547.51,649.76,539.51,566.11,571.16,682.57,545.27,636.32,537.03,612.77,550.5,572.77,554.54,575.21,581.96,593.61,555.26,587.74,563.0,594.24,645.54,612.35,554.68,608.71,550.6,592.59,560.67,605.38,528.99,595.72,549.22,770.25,493.63,546.18,568.02,615.68,543.72,581.98
2019-09-02,547.9656121059488,586.2408749421271,549.3028933082326,581.2159018375465,534.14,574.53,528.52,571.08,557.56,588.76,556.72,610.67,533.95,585.44,523.65,562.37,650.05,672.72,543.67,595.33,607.48,610.76,540.26,623.14,551.62,567.55,575.07,683.51,537.58,638.87,535.8,603.19,547.25,567.4,555.26,575.22,588.3,597.38,569.79,587.74,567.18,597.25,645.54,612.35,554.68,595.48,548.91,585.68,562.3,599.69,540.6,594.17,551.76,753.5,508.28,549.36,557.18,604.85,535.16,575.78
2019-08-26,552.4549379061767,587.3492281128441,554.1859745962237,581.751249119851,539.14,573.69,540.91,570.67,559.8,591.68,565.64,609.03,538.56,589.25,529.53,562.37,650.05,683.44,545.33,592.83,609.09,611.29,566.87,646.53,552.19,566.12,577.6,683.53,538.11,630.3,528.34,597.23,554.32,571.63,557.39,576.73,585.72,600.42,569.79,587.74,569.02,597.3,645.54,612.35,561.29,598.79,561.29,593.64,566.36,598.87,540.23,581.04,551.01,753.19,518.57,549.82,557.18,604.85,538.51,577.88
2019-08-19,556.4298111225139,588.3054728329785,560.7117750304936,584.417111013426,537.47,570.36,588.1,614.47,561.22,595.32,585.61,626.53,540.22,586.61,538.78,569.1,649.89,661.82,562.83,607.0,612.38,612.97,574.93,652.98,553.22,562.81,582.48,684.41,545.5,625.96,541.13,600.63,554.73,576.02,559.96,578.34,585.31,600.81,569.79,572.35,570.77,598.2,645.54,612.35,562.12,588.05,560.16,590.75,567.99,594.81,549.62,580.68,559.14,749.85,533.05,557.19,561.35,605.68,533.45,573.76
2019-08-12,559.9929735435999,588.2540918983725,563.5946636932892,582.7949256072433,545.81,573.69,525.54,524.14,563.08,598.98,588.87,632.75,542.23,587.56,541.3,559.85,649.44,656.01,571.17,610.33,619.61,619.48,568.48,641.69,564.68,570.49,588.97,688.66,581.26,651.08,568.57,614.93,560.83,578.78,566.62,585.0,586.15,599.28,569.79,572.35,570.41,598.51,645.54,612.35,567.08,588.05,576.73,606.97,581.0,604.56,562.15,591.47,567.84,751.01,543.05,559.92,573.85,607.35,529.26,567.31
2019-08-05,574.780547159495,601.114777635159,581.4065678630112,597.1537230731244,561.64,588.69,591.24,598.6,564.41,598.85,586.06,626.33,547.49,595.1,564.83,578.34,692.09,687.94,571.17,610.33,627.71,626.55,587.84,661.05,574.85,581.95,598.7,695.33,584.57,648.19,579.4,621.04,543.35,561.71,576.8,594.72,588.26,604.1,601.41,593.72,570.25,597.38,645.54,612.35,593.53,610.36,588.74,618.96,593.19,615.13,573.61,612.32,584.91,762.39,543.87,555.09,595.52,624.02,533.58,572.0
2019-07-29,575.1582454666475,600.2187597489118,579.7012082060514,594.8662641649177,559.14,585.36,593.15,595.79,564.36,596.35,587.62,626.85,551.78,599.24,563.99,577.5,692.0,687.84,575.33,618.67,624.47,622.7,593.48,665.08,574.03,578.27,598.66,694.56,587.39,642.77,571.98,608.73,544.08,558.62,576.53,594.31,582.18,595.86,581.76,593.72,570.09,597.06,603.16,569.97,585.26,606.23,593.13,623.08,589.94,611.88,570.45,609.07,595.03,746.84,544.39,551.73,593.85,622.35,538.96,581.0
2019-07-22,574.1458644145381,600.8107984166578,578.1710695275424,595.6560089172995,561.64,583.69,593.89,599.76,565.97,596.51,586.86,625.28,553.97,602.0,552.22,573.3,670.64,666.49,572.0,617.83,626.46,623.93,571.71,634.43,584.53,583.02,601.96,695.48,601.88,647.04,590.59,622.34,531.96,555.37,583.02,601.46,582.63,593.31,606.54,596.28,570.14,597.16,603.16,569.97,593.53,607.05,594.06,624.88,597.26,611.88,564.08,604.21,585.53,743.88,526.98,546.49,594.68,624.02,539.71,580.52
2019-07-15,579.7431122427078,600.7829908418245,588.4405702720566,596.3895163600621,568.31,597.03,582.98,572.82,562.57,592.06,568.62,613.91,552.34,597.14,587.52,585.9,702.7,698.55,571.17,616.17,619.45,621.45,582.19,644.92,576.03,576.47,596.75,692.89,575.53,632.56,572.03,604.59,542.78,563.42,580.41,599.38,582.04,592.83,590.3,577.48,567.52,595.31,603.16,569.97,600.96,618.62,590.14,620.88,594.01,608.63,562.86,603.53,596.21,754.38,515.21,542.69,581.35,622.35,533.98,577.85
2019-07-08,570.9000775310489,594.60783833689,576.0999067111295,588.3267117476283,564.14,596.19,573.72,578.68,564.74,589.33,564.91,612.84,554.42,599.61,572.39,572.46,681.62,666.75,563.67,610.33,611.42,617.04,578.16,650.56,551.95,560.38,582.69,689.15,570.18,638.98,566.18,606.84,546.27,565.53,575.22,596.45,577.26,587.62,574.06,577.48,569.27,596.38,603.16,569.97,575.34,602.92,592.32,623.51,581.81,604.56,551.38,597.53,586.36,743.92,507.69,537.93,582.18,624.02,532.99,577.79
2019-07-01,571.2962445596231,597.8340476379342,578.2646191322816,592.308651105627,551.64,586.19,552.9,581.66,560.56,590.96,559.22,607.7,553.73,601.93,584.16,583.38,681.47,677.32,557.0,603.67,608.59,613.95,562.84,644.11,566.78,572.56,577.9,686.55,553.85,628.04,551.49,609.11,559.36,583.01,573.86,594.77,587.7,593.82,574.06,577.48,569.63,596.91,603.16,569.97,574.52,607.88,595.53,625.75,574.49,602.12,549.17,599.47,585.47,755.19,504.56,526.76,563.85,614.02,528.95,576.02
2019-06-24,570.7882198081271,595.6208217834738,578.0221191342187,588.7549910810941,544.97,579.53,570.17,577.36,561.12,593.28,559.89,607.23,554.07,601.39,590.04,585.06,659.9,677.18,537.83,579.5,603.05,607.97,575.74,652.98,565.49,564.75,574.21,684.36,553.23,618.89,536.37,589.27,561.8,587.08,574.89,596.28,579.56,583.45,556.12,566.37,570.77,597.99,603.16,569.97,554.68,589.7,596.81,626.97,567.18,593.18,547.07,597.79,574.26,765.07,529.03,549.9,559.68,597.35,532.67,580.71
2019-06-17,576.8975764597824,598.2448198324898,583.0881466734738,589.0612367982186,559.14,587.86,539.67,550.34,566.8,603.31,569.7,602.79,559.97,606.53,593.4,578.34,659.8,655.65,567.83,604.5,607.16,612.07,588.64,666.69,571.59,567.96,579.91,689.39,547.7,617.49,556.65,597.67,564.81,593.83,579.62,601.26,598.53,600.89,556.12,553.55,597.56,613.1,603.16,569.97,568.73,580.61,603.41,634.03,570.43,589.93,558.37,609.74,572.91,744.57,548.75,572.26,576.35,602.35,542.93,599.89
2019-06-10,589.04226011462,609.6352377652797,596.2915168650741,600.3844038316143,562.47,587.86,577.11,559.26,575.1,615.4,603.82,637.85,571.85,612.03,602.64,582.54,659.73,655.58,584.5,628.67,622.49,628.54,599.93,675.56,594.59,587.26,588.11,699.14,583.04,649.38,585.73,626.25,567.82,596.83,587.95,609.99,604.42,613.23,595.43,553.55,603.44,619.57,603.16,569.97,590.22,600.44,609.55,641.81,596.44,602.94,565.01,616.05,576.29,745.3,549.16,579.47,596.35,616.52,554.13,614.97
2019-06-03,612.2971698748221,632.6081646301324,624.0308177299994,627.7335218491261,594.14,621.19,662.82,652.07,579.33,620.95,607.53,655.97,574.71,618.16,636.26,609.43,724.02,687.73,577.0,615.33,642.28,651.67,610.42,687.66,628.88,618.12,609.12,716.17,601.24,668.54,618.76,647.99,568.55,600.25,601.03,623.88,613.95,627.57,627.91,610.81,605.84,647.38,603.16,569.97,623.28,634.33,608.53,640.62,633.84,631.39,585.54,637.5,631.2,774.13,551.16,589.47,635.52,651.52,562.97,628.68
2019-05-27,615.5350112034532,639.5661884225191,629.0910268535155,636.1169102862242,600.81,631.19,635.79,610.75,583.6,624.15,606.32,662.27,567.98,616.06,638.78,617.84,734.66,698.37,625.33,663.67,649.16,663.1,616.06,695.73,637.4,632.4,614.48,721.54,597.6,680.26,622.0,659.03,568.55,600.25,608.6,632.3,617.18,628.46,627.91,610.81,606.04,647.58,603.16,569.97,636.5,645.9,607.61,639.89,642.79,649.28,595.43,645.94,625.87,780.43,558.43,587.26,646.35,666.52,562.98,631.96
2019-05-20,610.6542209729026,639.9031427916877,623.248112167704,636.4626776607664,594.97,631.19,588.85,605.38,582.22,623.21,605.11,652.92,560.88,614.7,633.74,628.76,734.73,719.86,615.33,652.0,646.85,661.59,616.87,698.14,625.05,625.53,611.18,717.94,586.52,670.22,597.55,645.41,564.57,597.73,602.89,626.66,619.06,641.19,626.2,621.92,605.82,647.38,603.16,569.97,638.98,655.81,602.09,637.74,634.66,650.09,596.25,652.5,636.52,803.4,567.16,587.59,627.18,664.02,560.84,630.4
2019-05-13,604.0010970693244,636.7456068424829,614.6113870681373,632.332304797406,586.64,627.03,620.25,622.82,573.19,619.48,614.55,653.12,559.42,611.16,612.73,614.47,711.28,712.49,591.17,627.0,647.36,660.62,601.55,686.85,626.33,624.99,614.67,718.18,606.27,676.34,604.25,652.08,561.88,598.54,604.24,627.13,603.35,630.25,626.2,621.92,605.74,648.92,603.16,569.97,616.67,641.76,596.78,634.36,628.15,646.03,596.95,650.25,604.01,783.7,564.12,582.96,626.35,662.35,563.89,635.19
2019-05-06,608.2206716187651,640.8990896667763,619.287950521356,636.2488681131928,579.97,622.03,687.44,687.28,562.92,615.67,600.95,650.34,555.73,609.69,613.57,620.36,722.05,723.26,624.5,661.17,649.97,660.74,605.58,694.92,625.64,622.41,619.16,717.28,616.8,676.92,611.22,661.82,564.81,597.97,605.87,627.74,600.49,630.58,626.2,621.92,597.81,640.92,603.16,569.97,627.41,650.03,599.04,637.84,636.28,649.28,598.66,652.35,622.91,787.9,564.36,582.71,632.18,662.35,565.08,642.2
2019-04-29,600.1954339176672,637.1486282177509,612.0630670700006,633.7948090654187,583.31,628.69,622.4,628.02,551.93,611.36,594.67,642.28,549.62,606.13,601.8,617.84,732.87,734.07,624.5,661.17,646.27,660.15,607.19,698.14,625.65,625.77,616.53,714.86,604.53,667.95,598.92,641.77,555.95,596.18,604.28,628.26,590.92,626.27,636.2,620.56,591.53,636.09,603.16,569.97,631.54,649.2,595.49,634.85,628.96,646.03,593.94,650.17,626.39,796.03,548.3,570.22,613.85,651.52,548.42,627.98
2019-04-15,581.0312135943877,624.6044279637006,590.3162218071271,620.2874867833249,565.81,617.03,572.48,597.11,581.83,610.01,577.09,638.0,537.75,594.35,573.23,598.51,711.56,712.76,616.17,652.83,626.25,647.63,581.38,691.69,613.23,615.47,602.19,707.02,592.25,653.25,590.9,628.68,529.69,597.73,586.88,616.62,576.69,616.38,614.83,606.88,572.28,618.35,603.16,569.97,620.8,635.98,591.39,635.21,614.33,638.71,581.4,641.04,614.83,783.47,525.96,560.71,597.18,644.02,526.39,612.4
2019-04-08,563.1213826611296,615.9911618357538,570.9982701494805,610.6826843646569,543.31,608.69,574.14,583.15,524.22,608.63,560.98,635.13,523.18,591.75,547.18,582.54,700.73,701.93,592.0,627.83,607.94,639.59,562.84,683.63,596.77,608.57,587.12,702.31,575.47,644.9,581.29,620.85,521.56,589.6,573.73,611.42,554.08,606.41,595.17,593.21,549.28,610.49,603.16,569.97,599.31,625.24,568.41,631.28,598.07,631.39,569.53,633.48,598.86,778.69,516.2,558.08,576.35,636.52,514.46,604.76
2019-04-01,546.5151454883862,611.1194577867007,553.2732991549746,606.3302595377506,526.64,602.03,543.72,571.74,523.5,611.63,553.19,635.69,497.82,585.17,527.85,576.66,668.67,702.03,531.17,592.0,594.33,636.21,533.0,678.79,579.24,605.15,570.48,699.23,560.78,637.37,544.82,603.46,505.3,581.47,561.4,610.23,542.31,599.53,579.79,593.21,534.97,610.39,603.16,569.97,580.3,619.45,552.52,620.37,580.18,627.33,554.47,627.36,574.86,769.57,502.67,564.28,558.02,636.52,507.48,602.63
2019-03-25,532.2750092787729,614.6329249454097,537.1646685894121,610.7378186832592,509.97,594.53,552.4,603.89,518.89,609.18,549.29,632.84,483.52,584.42,506.84,586.74,668.62,712.7,546.17,618.67,583.33,636.27,513.64,690.08,555.13,607.02,556.18,698.46,557.53,649.75,530.14,613.64,497.17,581.47,552.6,609.8,525.58,595.88,543.89,593.21,518.76,608.74,603.16,569.97,553.86,621.1,531.44,622.5,565.55,644.4,547.33,633.12,566.13,773.24,493.84,568.66,540.52,635.68,499.14,599.54
2019-03-18,518.2508049011388,614.6601048509085,521.7015808647195,611.4842308612344,512.47,597.03,532.82,582.65,504.17,603.79,534.03,635.31,480.41,587.27,476.59,588.42,636.68,712.94,507.0,592.0,575.16,637.61,512.84,697.34,546.26,609.88,549.1,697.61,543.67,653.83,528.12,624.23,497.17,581.47,545.4,609.14,511.4,594.26,543.89,606.03,511.78,609.0,603.16,569.97,544.77,626.06,512.82,619.67,553.35,647.65,536.74,620.13,528.24,772.27,483.51,566.81,536.35,639.02,495.52,596.46
2019-03-11,515.5604498815277,615.0544698379186,520.6813382700826,612.8234909713839,508.31,598.69,511.82,614.3,500.01,602.12,526.26,631.54,475.22,579.75,487.52,590.1,626.07,713.06,527.83,614.5,569.58,636.6,512.03,702.98,537.57,609.23,537.24,695.9,529.23,654.96,517.33,628.46,497.17,581.47,541.04,606.51,504.04,591.41,533.64,606.03,509.76,609.8,603.16,569.97,534.02,628.54,514.9,622.93,542.79,647.65,525.76,619.77,522.15,769.71,477.17,566.58,534.68,645.68,488.6,589.95
2019-03-04,509.84047387737337,611.3864466112548,514.608171674603,609.5519130767178,497.47,602.86,496.45,587.11,496.39,601.55,519.7,625.39,472.97,576.6,481.63,589.26,615.28,712.98,522.83,609.5,566.61,633.78,511.22,698.14,533.71,607.28,530.19,691.85,530.1,651.3,517.01,628.4,489.04,581.47,535.8,601.35,496.74,600.92,533.64,606.03,504.14,605.07,603.16,569.97,524.93,621.1,500.1,607.7,540.35,646.03,525.33,621.92,511.0,766.07,457.94,552.99,533.02,644.85,487.52,589.82
2019-02-25,502.7968181149854,605.1562508777658,507.52918769301965,605.2962236145556,504.14,600.36,498.1,593.23,480.62,586.35,506.34,611.66,469.15,571.7,468.19,590.1,615.29,712.99,518.67,609.5,562.6,629.17,474.13,665.08,524.32,599.52,523.7,687.81,507.63,639.44,508.47,615.67,489.04,557.08,529.53,595.59,493.23,581.13,533.64,606.03,496.39,596.81,603.16,569.97,534.02,628.54,497.34,591.52,537.91,641.15,512.48,612.99,517.13,770.23,444.36,543.71,513.85,629.85,476.83,577.03
2019-02-18,497.22555576124853,594.8416292669236,501.5095659930313,593.4072684942753,488.31,589.53,485.05,573.97,472.36,578.5,492.62,602.06,464.62,565.24,478.27,585.9,609.89,681.85,489.5,592.83,549.03,613.03,490.26,683.63,509.77,583.76,503.92,672.7,492.36,628.13,481.33,604.34,471.96,557.08,515.67,580.9,477.54,563.55,510.56,588.08,487.04,587.41,603.16,569.97,517.49,617.8,503.94,596.21,516.77,620.82,501.88,602.01,514.27,764.63,444.71,542.46,497.18,613.18,470.86,567.71
2019-02-11,488.55880324073763,586.9914722413575,490.04491271368863,582.9942038574569,479.14,582.03,477.77,553.39,464.82,570.7,490.72,595.27,464.71,566.01,461.47,571.62,577.6,660.26,477.83,581.17,544.25,605.18,478.97,671.53,504.03,575.17,492.99,663.3,486.21,622.07,469.4,593.11,489.04,557.08,507.86,572.5,468.48,554.17,510.56,576.11,480.79,580.59,603.16,569.97,495.18,596.31,514.46,608.14,507.83,613.51,495.53,590.76,485.27,737.81,447.75,540.49,487.18,614.02,470.12,567.17
2019-02-04,487.81382160520275,584.9111641284426,488.1998456244537,580.1627904325618,473.31,572.03,482.32,586.45,455.89,562.98,489.34,589.22,470.03,565.92,464.83,564.89,577.46,660.11,503.67,600.33,540.91,600.3,462.03,658.63,504.23,575.34,491.49,660.99,487.84,621.51,465.03,592.28,472.78,557.08,500.6,567.53,476.94,561.78,492.61,576.11,480.48,579.35,603.16,569.97,489.39,589.7,518.75,611.69,505.39,610.25,486.52,581.06,487.82,737.94,438.78,528.2,486.35,605.68,471.29,566.4
2019-01-28,488.1701279562781,583.3911064079597,487.3529939955267,577.4863865192111,480.81,573.69,460.67,562.57,465.12,558.83,478.86,577.1,475.63,566.67,463.15,566.57,579.62,663.34,485.33,575.33,537.34,594.29,483.0,677.98,504.9,572.69,492.29,660.23,483.41,615.67,473.13,600.14,464.65,557.08,496.6,563.49,472.8,554.79,507.14,576.11,482.55,580.33,603.16,569.97,498.48,593.0,518.85,611.95,506.2,607.82,458.41,563.87,484.2,739.12,434.23,519.26,497.18,597.35,477.13,571.21
2019-01-21,486.99629959196125,579.545714291191,488.1236653245249,574.0650285874528,479.97,600.36,476.62,568.1,449.6,556.86,469.94,573.16,482.36,573.33,469.87,568.26,579.57,674.0,482.83,561.17,529.51,584.88,483.8,669.92,501.83,564.22,489.85,657.07,480.21,603.87,472.87,594.62,464.65,524.56,494.21,559.88,477.1,560.16,507.14,576.11,481.72,579.27,603.16,569.97,495.18,585.57,511.87,604.86,504.57,601.31,463.19,567.66,493.86,749.83,428.7,512.56,498.02,598.18,467.9,560.41
2019-01-14,485.85985788169916,571.0395317356736,487.35025468772324,564.4806161941952,480.81,571.19,451.33,532.15,450.23,561.69,468.93,573.38,489.5,579.86,482.47,568.26,579.72,642.02,445.33,532.0,516.66,570.02,484.61,660.24,492.78,550.66,484.3,652.39,464.77,576.5,457.49,560.5,480.91,557.08,486.8,551.46,478.09,561.52,488.34,562.44,482.88,580.42,603.16,569.97,490.22,581.43,512.01,606.02,510.27,593.99,483.18,568.12,479.69,715.49,426.95,510.4,479.68,579.85,466.65,559.48
2019-01-07,483.64913432570563,565.8892304521445,482.7023285216384,556.402661544216,483.31,569.53,468.68,535.38,452.58,564.38,476.23,583.26,500.63,589.28,481.63,559.85,568.73,620.29,470.33,582.0,502.1,554.75,467.67,663.47,481.42,537.59,479.79,652.13,453.79,559.43,458.23,570.66,489.04,557.08,489.63,553.81,467.93,549.08,488.34,545.34,497.22,595.05,603.16,569.97,459.64,551.68,516.95,612.02,498.07,572.86,458.52,551.04,477.69,712.13,446.84,539.92,483.85,582.35,471.23,564.61
2018-12-17,512.4285246173986,600.7833548470428,520.7519285638597,598.0439849371313,516.64,606.19,495.71,601.74,471.07,578.6,524.23,628.55,518.99,614.54,542.98,621.2,583.59,648.82,487.0,598.67,540.06,594.33,522.95,724.76,501.86,577.75,507.62,682.08,485.33,607.88,478.14,603.87,529.69,572.52,517.8,580.11,490.74,574.43,509.7,591.5,515.33,612.78,603.16,569.97,466.5,575.74,526.85,626.49,507.47,593.94,491.31,592.43,504.9,748.15,460.19,569.06,503.85,619.02,477.28,572.17
2018-12-10,523.7285695522278,612.3884340662476,535.3838777735207,611.3078965950399,541.64,627.86,477.28,586.86,475.27,586.59,525.53,629.33,526.64,623.0,572.39,650.61,583.74,670.43,487.0,598.67,550.36,605.06,513.28,722.34,504.57,583.12,514.01,690.85,489.62,605.39,478.63,609.21,554.08,605.86,528.57,591.35,504.58,590.31,509.7,591.5,527.05,623.43,603.16,569.97,471.46,586.49,530.67,631.38,507.47,597.19,496.88,599.19,491.34,746.87,478.65,596.84,506.35,620.68,487.82,581.43
2018-12-03,540.5550820995295,629.1810526629687,553.5259038490183,628.007286856226,574.97,660.36,500.09,620.75,497.8,616.82,555.58,655.86,536.36,629.84,593.4,674.98,562.43,670.58,487.0,607.0,565.02,620.8,522.95,734.43,500.66,581.06,523.68,706.29,500.82,633.08,483.85,624.49,594.73,638.38,554.63,613.32,513.46,600.26,509.7,604.32,543.01,638.87,603.16,569.97,484.68,607.15,541.88,644.83,518.04,611.01,506.69,611.77,492.89,748.12,495.48,626.96,512.18,624.85,511.88,606.1
2018-11-26,561.0219510098191,649.1102304198074,574.607614944303,648.6603642602678,598.31,683.69,498.6,620.83,518.88,634.69,576.59,683.29,550.29,641.45,613.57,695.15,585.03,686.75,516.17,633.67,590.27,645.62,550.37,755.4,519.24,603.28,542.86,727.59,522.28,667.95,510.35,663.86,610.99,630.25,579.54,633.87,552.93,641.31,524.23,621.41,563.05,651.32,603.16,569.97,502.04,626.98,557.84,656.53,544.87,637.84,527.91,637.28,521.93,791.43,519.57,634.31,546.35,659.85,529.84,620.84
2018-11-19,578.5751818486875,663.8921404154793,594.1383653959421,666.6094681552254,600.81,686.19,525.05,641.33,551.33,647.09,580.12,689.17,553.43,643.15,639.62,728.76,627.81,729.51,542.83,644.5,609.58,663.55,565.7,766.69,524.59,611.75,565.8,743.03,536.65,679.19,533.54,679.64,610.99,638.38,598.95,648.01,567.23,654.17,565.26,658.16,563.64,651.52,603.16,569.97,515.26,639.38,560.36,650.81,569.26,659.79,551.62,661.29,536.44,815.66,536.07,641.26,568.02,680.68,543.83,625.43
2018-11-12,594.2921932383821,676.8174854761422,609.0929970956084,679.8483773790757,604.14,689.53,564.96,686.3,599.88,655.55,603.8,700.82,561.32,650.77,653.06,743.89,638.77,740.51,562.0,632.0,626.02,676.55,584.24,769.92,539.02,627.13,583.28,750.03,566.69,696.7,550.12,684.97,610.99,638.38,613.29,656.68,592.57,677.42,579.79,658.16,605.25,670.12,603.16,569.97,529.31,646.82,570.4,659.53,586.33,670.36,567.07,674.16,546.44,819.8,549.81,644.21,585.52,694.85,565.27,642.82
2018-11-05,606.9433724387272,683.6419646956984,621.2933279099415,688.5736655604072,614.14,692.86,601.08,700.17,626.38,666.1,613.91,703.48,568.74,653.47,652.22,738.0,670.95,751.25,587.83,657.83,641.82,686.24,576.99,741.69,588.04,652.97,603.76,757.85,579.81,698.65,576.1,697.9,610.99,662.77,623.45,663.12,592.24,671.69,579.79,664.15,607.4,670.34,603.16,569.97,556.59,664.17,571.84,657.78,603.4,682.56,588.9,682.44,573.9,824.09,559.55,647.89,615.52,710.68,576.59,642.5
2018-10-29,607.5028393075293,678.0458274961289,622.4819029435131,684.0904402003496,610.81,691.19,579.67,669.59,634.28,669.52,622.55,706.71,572.06,648.7,645.5,722.88,662.21,754.28,598.67,669.5,646.03,687.68,609.24,765.89,589.71,649.55,612.31,760.13,587.44,698.64,575.28,688.03,594.73,646.51,628.73,665.64,612.27,678.35,596.03,664.15,608.72,668.44,603.16,569.97,570.63,669.13,569.83,640.52,610.72,681.75,602.73,676.75,581.29,835.55,571.17,642.62,615.52,709.85,573.49,633.1
2018-10-22,607.2071388052632,673.322432035953,618.2447161378763,678.1062820053295,615.81,693.69,579.84,653.06,623.96,661.79,631.75,705.71,572.34,647.16,623.65,690.1,673.03,743.67,583.67,653.67,649.55,686.94,589.89,740.08,604.83,659.29,625.08,764.95,611.8,717.5,582.54,699.59,610.99,654.64,633.25,667.14,619.14,681.37,596.03,664.15,608.23,667.76,603.16,569.97,570.63,669.13,577.97,630.89,620.47,688.25,608.11,681.26,594.19,833.98,581.62,638.35,618.02,710.68,579.03,635.07
2018-10-15,611.0815415789874,674.6258036911925,621.7002720097182,679.2777343826444,619.97,689.53,571.49,667.44,611.79,651.83,637.08,701.74,575.5,643.99,616.93,679.18,683.7,765.06,601.17,671.17,660.11,694.57,585.86,722.34,619.87,668.07,632.2,765.65,631.71,720.42,610.36,707.27,610.99,654.64,636.4,665.81,624.96,687.09,630.22,676.97,607.94,660.18,603.16,569.97,591.3,679.05,578.67,631.18,639.99,695.57,617.4,694.21,606.95,836.09,565.78,618.51,643.02,709.85,579.92,634.98
2018-10-08,614.7450400197064,667.2977858014665,627.8585038462728,672.7690218708965,618.31,680.36,620.5,668.19,599.11,632.75,620.68,686.8,573.78,636.3,629.53,680.86,726.69,765.16,587.0,657.0,655.25,683.48,618.92,738.47,619.67,658.6,625.94,748.49,609.39,689.47,607.91,684.58,610.99,638.38,630.27,651.77,623.63,684.76,642.18,676.97,598.9,643.15,603.16,569.97,611.13,688.97,572.37,623.48,645.68,691.5,622.09,677.24,625.85,845.45,556.19,601.81,629.68,686.52,573.87,624.85
2018-10-01,603.0402279829971,644.9166251560358,613.875627259694,647.2112520366419,613.31,657.03,572.98,613.72,596.03,623.45,617.37,674.48,569.18,621.94,614.41,652.29,703.49,730.18,585.33,655.33,641.93,665.94,589.89,682.82,601.97,626.73,610.25,728.1,595.08,672.78,587.14,660.39,578.47,638.38,619.3,635.39,613.71,647.73,630.22,650.47,591.98,628.64,603.16,569.97,607.0,657.56,579.94,619.42,631.04,665.49,622.16,671.12,605.17,804.55,562.66,605.4,629.68,674.02,565.39,611.06
2018-09-24,603.7819848849442,639.4923760369581,613.8176748821126,641.6563012896672,612.47,652.86,597.53,632.4,596.17,620.91,622.12,675.16,572.19,621.91,616.09,645.57,703.11,708.34,580.33,615.33,639.91,661.41,581.83,669.92,602.26,620.82,611.18,728.69,598.83,677.68,593.67,658.28,578.47,605.86,617.34,632.53,607.3,630.79,630.22,632.52,592.34,628.38,603.16,569.97,599.56,641.86,577.64,612.05,631.04,654.1,622.44,669.98,609.19,794.01,566.91,606.8,630.52,674.85,568.69,607.63
2018-09-17,607.771937374365,642.3241338746982,618.162031558964,644.7220634654861,609.97,652.03,598.27,640.25,592.67,618.19,624.4,676.48,575.87,625.51,621.97,648.93,703.14,719.09,580.33,615.33,644.08,663.7,608.44,689.27,607.27,622.61,615.21,728.69,605.45,679.75,596.98,662.64,586.6,638.38,618.07,632.94,609.17,631.01,630.22,643.63,592.24,628.19,603.16,569.97,602.87,646.82,580.09,612.85,638.36,654.92,626.64,672.65,614.29,795.79,562.93,597.52,640.52,679.85,572.44,609.73
2018-09-10,606.8607363460351,641.2081040830967,617.9483413325105,644.8959487767061,603.31,645.36,660.67,691.82,589.08,617.63,621.7,674.55,571.36,619.27,615.25,648.09,703.28,708.51,537.0,573.67,646.61,662.74,602.79,686.05,610.46,621.19,616.02,727.07,609.36,677.39,605.44,661.86,578.47,605.86,617.95,632.17,619.57,642.98,630.22,633.38,589.66,620.85,603.16,569.97,602.87,649.3,574.19,606.38,644.87,653.29,628.4,673.18,631.11,803.01,561.29,591.42,658.85,679.02,566.2,604.13
2018-09-03,600.0755284217425,629.5384122071507,609.6516555673641,631.4162752367383,598.31,632.03,602.4,620.25,587.9,615.98,617.76,654.52,567.26,610.9,605.16,633.8,714.42,708.92,542.0,578.67,643.11,656.45,576.18,653.79,595.29,605.84,612.79,721.43,603.81,664.19,598.13,642.65,578.47,605.86,610.67,622.91,617.02,637.25,630.22,633.38,586.79,618.37,603.16,569.97,607.82,641.86,577.68,608.67,646.49,650.04,619.49,663.6,635.98,794.11,561.53,589.2,651.35,667.35,556.6,592.73
2018-08-27,595.9899466290059,623.3766473573431,606.2706458692396,624.5019108131884,587.47,619.53,614.8,622.32,586.52,614.94,617.77,654.32,562.71,609.48,597.6,622.88,703.25,697.76,556.17,599.5,637.34,649.51,601.18,679.6,597.65,600.7,612.79,719.82,597.08,658.18,591.85,635.9,578.47,589.6,606.83,617.73,608.22,626.6,630.22,621.41,585.19,617.3,603.16,569.97,608.65,631.94,579.67,610.57,637.55,637.84,612.6,647.88,626.17,784.49,561.58,587.05,635.52,652.35,550.0,587.06
2018-08-20,592.6595411155253,620.7196739757671,602.0576197075588,621.5204417944664,588.31,617.03,584.47,607.94,585.73,617.04,617.95,652.81,563.09,607.65,590.04,616.15,703.2,697.7,582.83,622.0,636.07,647.98,603.6,682.82,596.06,600.26,613.6,719.01,597.11,656.65,597.52,640.24,578.47,589.6,605.91,616.3,601.16,617.69,630.22,621.41,586.06,618.71,603.16,569.97,603.69,628.64,570.87,601.2,635.11,634.59,607.37,643.01,613.83,774.07,556.77,584.9,633.85,651.52,551.8,590.76
2018-08-13,591.8935797573793,617.5862703749582,600.9428202052783,617.9701074413784,584.97,612.03,589.18,586.95,585.99,613.52,617.95,652.81,564.29,611.12,588.36,611.95,703.69,687.45,577.0,607.83,635.28,646.37,579.41,660.24,597.73,596.94,613.6,718.2,600.62,650.38,596.05,630.04,578.47,597.73,607.09,616.92,591.54,607.84,630.22,621.41,587.86,615.89,603.16,569.97,601.21,622.02,572.94,602.35,638.36,633.78,607.7,643.04,621.31,771.37,554.26,582.12,635.52,653.18,549.02,587.91
2018-08-06,592.4009860478066,617.2988375387715,601.0886522749314,616.405406730892,580.81,610.36,597.2,606.29,584.67,614.45,617.03,653.03,565.06,612.07,585.0,600.19,714.57,687.6,587.0,615.33,633.83,646.05,602.79,686.05,595.92,594.97,612.79,717.4,604.58,655.59,607.12,645.66,594.73,630.25,606.65,617.19,601.92,617.41,630.22,609.44,587.48,615.06,603.16,569.97,608.65,617.07,576.94,607.12,639.17,634.59,605.59,647.44,628.82,787.48,560.48,583.88,623.02,652.35,545.89,586.62
2018-07-30,586.0187229803671,614.5880290796435,593.1804919429521,613.1466479175576,575.81,613.69,579.92,589.26,581.31,611.22,615.09,653.96,561.19,611.24,577.43,601.03,706.24,701.81,562.83,590.33,628.67,642.44,577.79,661.85,579.04,585.68,607.95,714.98,583.31,642.01,591.39,636.01,578.47,638.38,605.78,616.49,585.57,606.22,617.4,609.44,593.73,620.69,560.79,527.6,598.73,628.64,576.15,608.1,629.42,632.97,600.48,641.97,632.12,791.61,562.83,586.71,602.18,631.52,542.63,583.8
2018-07-23,580.0595314013802,611.8398399877819,586.473107362256,610.9076824352353,573.31,611.19,562.28,590.28,582.2,610.11,620.18,656.52,557.67,607.06,564.83,592.63,706.09,690.92,578.67,606.17,628.12,642.15,577.79,661.85,585.63,592.54,609.58,717.35,601.48,657.82,576.67,620.87,562.21,589.6,607.09,617.94,603.21,596.63,599.45,609.44,593.65,621.62,560.79,527.6,576.42,610.45,571.41,602.87,618.85,625.65,600.6,641.09,604.38,775.1,557.68,582.08,609.68,633.18,541.7,582.79
2018-07-16,585.1821739766193,619.1804489297904,591.3836852201576,618.3482840373243,579.14,617.86,578.56,604.85,582.16,610.92,621.43,656.61,561.61,612.15,568.19,598.51,694.98,679.82,552.83,587.83,634.52,648.57,562.47,647.34,593.78,602.98,614.42,720.57,604.34,660.49,604.65,650.04,594.73,613.99,609.63,621.08,603.41,626.29,615.69,609.44,594.28,622.46,560.79,527.6,583.86,625.33,578.48,613.67,626.17,636.22,608.36,647.87,605.13,777.43,555.66,579.02,620.52,649.85,546.92,588.24
2018-07-09,584.567610155982,619.7051269841968,592.403699095799,619.7867308488221,583.31,626.19,569.18,616.03,580.8,609.09,613.12,650.34,563.3,613.63,570.71,601.87,695.12,701.42,574.5,600.33,634.32,648.44,589.08,669.92,584.86,597.9,612.7,718.91,600.16,652.52,606.57,651.7,562.21,605.86,609.85,621.85,608.97,630.99,626.8,626.54,595.15,622.46,560.79,527.6,590.47,631.12,567.32,606.13,624.54,635.4,612.58,649.37,611.79,786.81,555.1,577.85,634.68,664.02,541.75,584.73
2018-07-02,581.5146596901182,616.0040215027885,593.3075863327879,619.3148746223998,579.97,623.69,615.91,646.14,581.52,609.0,615.54,653.81,554.03,603.05,574.07,603.55,695.4,701.71,581.17,603.67,628.28,642.34,568.92,656.21,587.02,599.63,604.76,715.02,590.53,650.87,569.22,617.73,570.34,581.47,609.5,621.58,599.72,620.35,612.27,606.88,594.67,620.51,560.79,527.6,591.3,626.16,548.11,585.82,620.47,632.97,606.68,648.86,604.25,775.79,555.15,580.9,619.68,664.85,535.83,576.16
2018-06-25,579.3342140413439,615.8861512514601,587.4537735844617,617.8884978770822,574.14,617.03,573.93,601.18,584.07,610.36,619.38,661.69,555.83,603.34,558.95,592.63,673.81,680.11,537.0,565.33,629.23,643.46,586.66,676.37,591.18,605.07,606.57,717.51,594.16,652.57,576.74,625.48,610.99,638.38,613.17,625.45,601.64,621.61,612.27,619.7,596.61,621.92,560.79,527.6,577.25,620.37,555.71,593.25,619.66,633.78,600.73,642.74,594.33,757.03,563.98,591.27,620.52,664.85,545.56,584.26
2018-06-18,586.0812130474717,622.8416033545599,593.7381589970889,624.1798576011946,584.97,626.19,577.4,612.55,585.01,611.26,626.09,668.41,564.46,613.39,567.35,601.87,684.7,701.74,562.0,590.33,636.56,651.16,590.7,680.4,597.62,611.2,611.82,722.21,600.37,657.06,580.91,631.03,570.34,589.6,620.18,632.4,599.95,618.58,620.82,619.7,599.72,624.41,560.79,527.6,583.86,627.81,566.02,603.36,622.91,635.4,603.0,645.39,590.42,757.54,571.56,601.21,619.68,664.85,555.06,593.65
2018-06-11,591.1506621860935,626.8251254168439,597.5888767249556,627.0264351862135,585.81,627.03,551.04,592.53,580.41,609.21,628.63,670.75,569.22,618.0,571.55,604.39,695.51,691.08,582.83,611.17,640.67,655.76,602.79,692.5,599.35,613.08,621.5,728.36,613.32,674.26,587.71,640.09,602.86,630.25,622.48,635.18,604.31,624.71,620.82,619.7,600.65,624.79,560.79,527.6,588.82,632.77,578.07,616.47,627.79,637.84,623.69,663.78,605.11,772.05,566.63,594.31,637.18,673.18,558.2,596.13
2018-06-04,598.1417657400644,634.9633154580416,606.0356983300416,636.0947236137644,596.64,638.69,616.99,656.79,573.81,605.93,628.67,670.95,567.2,617.12,582.47,616.99,706.8,713.11,587.83,616.17,643.74,659.53,604.41,682.82,609.19,623.09,621.5,728.36,621.76,681.83,601.38,656.7,578.47,597.73,622.96,635.64,608.24,631.14,620.82,631.67,588.88,612.57,560.79,527.6,602.04,641.86,583.23,622.3,640.8,652.48,627.72,675.21,618.91,793.95,561.62,589.66,654.68,692.35,559.75,596.93
2018-05-28,596.0753270781394,632.5122455033368,605.428965395115,634.3753917419904,599.14,639.53,587.32,620.93,565.84,598.77,623.67,656.96,556.93,608.25,585.0,618.68,717.16,723.47,574.5,611.17,642.2,658.1,599.57,669.11,611.67,625.23,615.65,722.53,607.98,668.24,599.98,650.41,586.6,613.99,617.86,629.5,610.04,631.35,633.64,631.67,588.44,612.58,560.79,527.6,609.48,648.47,582.12,620.23,642.43,653.29,618.63,669.03,616.35,786.98,561.57,589.89,637.18,674.85,552.93,591.86
2018-05-21,585.8234576592522,620.338571286766,596.2430061885781,622.5353294218892,577.47,617.86,589.22,617.7,556.34,586.33,594.54,639.76,533.89,584.87,584.16,616.15,717.19,723.5,565.33,583.67,631.59,647.32,587.47,668.31,594.71,608.06,597.31,704.21,594.35,654.18,587.68,637.13,554.07,581.49,602.12,613.35,598.06,619.07,613.12,631.67,561.32,588.96,560.79,527.6,608.65,643.51,571.18,607.55,623.73,635.4,613.69,662.89,623.06,792.69,531.34,556.32,617.18,654.85,536.15,575.26
2018-05-14,566.9365587214111,601.8789751537633,575.2706737776759,602.7951286517816,562.47,601.19,545.75,593.74,543.98,575.38,587.01,626.17,522.81,576.04,556.42,588.42,695.39,690.96,570.33,573.67,614.99,630.27,545.53,632.02,575.35,589.44,579.1,686.8,573.28,623.34,565.18,611.2,554.07,573.36,587.99,598.54,588.02,606.07,613.12,612.86,547.61,574.71,560.79,527.6,589.64,622.85,573.34,608.69,612.34,624.83,586.34,633.61,604.23,771.32,520.08,544.25,597.18,634.85,517.35,554.76
2018-05-07,552.0160843926963,587.2631784539523,559.7365470861666,588.6299831101388,548.31,586.19,574.92,609.03,535.16,564.95,582.27,624.0,513.45,564.91,532.05,564.05,663.35,671.8,547.83,567.83,601.73,616.79,556.83,643.31,561.92,577.12,568.2,675.82,566.71,617.75,559.86,607.57,529.68,557.1,577.01,587.73,557.29,576.69,593.47,588.08,540.95,567.64,560.79,527.6,568.16,601.36,547.66,582.49,598.52,610.2,569.66,616.87,586.98,748.41,513.83,538.65,595.52,633.18,508.71,543.98
2018-04-30,545.6190091766986,581.1912844831959,555.2218790475141,583.2766042882778,541.64,582.03,549.71,569.19,523.02,550.63,559.93,603.74,501.9,551.17,532.05,565.73,641.74,671.67,555.33,568.67,595.76,610.68,535.05,628.79,559.03,572.2,558.52,665.4,550.39,602.75,554.76,601.88,529.68,557.1,570.92,581.7,541.63,561.46,573.81,588.08,540.32,567.28,560.79,527.6,568.16,599.71,543.33,576.88,592.83,606.14,562.36,614.31,571.64,738.01,502.99,525.87,584.68,621.52,499.08,535.03
2018-04-23,535.5166893171244,571.2682019760994,542.3753363620998,571.9129678516504,527.47,567.86,528.72,555.72,515.09,541.94,555.34,591.71,499.99,550.21,516.93,550.61,641.94,650.4,501.17,519.5,587.5,602.31,517.31,619.11,551.04,562.09,549.92,657.94,546.55,600.06,541.78,588.23,529.68,557.1,561.21,571.3,530.39,555.75,558.42,575.26,532.34,559.99,560.79,527.6,552.45,586.49,538.35,570.47,577.39,592.31,555.88,606.55,568.39,732.19,498.97,519.45,557.18,613.18,493.53,531.04
2018-04-16,530.096948052859,565.0252422888758,536.225931507334,565.2868229491503,520.81,563.69,538.28,562.68,509.72,535.63,549.48,587.84,497.2,548.68,507.68,543.05,631.24,639.69,547.0,568.67,580.6,594.75,513.28,618.31,545.65,554.27,544.36,649.62,532.81,584.07,538.66,575.16,521.55,540.84,552.73,562.35,527.78,549.25,558.42,575.26,531.42,560.04,560.79,527.6,549.15,584.01,535.63,566.71,571.69,587.44,551.19,601.04,554.32,720.9,493.89,510.47,571.35,596.52,491.75,527.67
2018-04-09,519.976875563175,554.9227907143315,526.2564238867982,556.3299336704699,510.81,552.03,536.82,554.23,506.53,533.8,541.2,581.93,491.35,538.54,493.4,530.44,620.53,628.99,547.0,568.67,574.62,587.36,509.24,615.08,542.56,547.47,525.19,634.67,538.21,586.01,536.44,572.11,513.42,540.84,547.22,556.79,532.23,553.09,513.98,543.63,530.94,560.07,560.79,527.6,532.62,562.52,511.9,542.53,567.63,576.87,540.32,589.29,551.15,711.87,489.54,503.06,585.52,597.35,482.48,517.12
2018-03-26,499.9569669411079,544.8319966038498,501.10592532764144,545.7960586329119,485.81,552.86,481.53,524.07,503.42,529.58,533.79,575.96,479.56,529.93,453.06,516.15,620.42,618.14,512.0,562.83,560.62,575.14,492.31,611.05,529.7,537.17,525.19,634.67,511.8,558.02,513.99,550.83,505.29,540.84,539.7,548.85,525.39,545.07,513.98,543.63,523.84,553.57,560.79,527.6,494.6,560.04,509.86,540.31,553.0,565.49,531.36,575.62,511.74,686.04,474.11,497.67,549.68,588.18,474.56,509.64
2018-03-19,494.67881916208677,535.8989272954449,496.7545138611024,536.3466177111062,474.14,525.36,474.92,501.51,504.66,527.62,534.79,576.09,480.45,528.34,458.95,511.11,588.18,596.64,512.0,562.83,547.37,566.36,485.05,610.24,514.32,525.79,518.34,632.58,504.04,557.78,506.75,554.55,497.16,524.58,537.34,546.03,529.89,551.63,513.98,528.25,532.82,560.99,560.79,527.6,478.9,536.9,490.35,520.53,525.35,549.23,514.62,559.41,516.97,693.05,469.9,493.56,533.85,572.35,472.13,507.04
2018-03-12,493.55154690551757,535.3646582176546,497.36754321336286,536.6239933887549,474.97,523.69,441.61,477.62,503.76,532.99,534.5,576.15,482.48,529.31,459.79,511.11,566.61,596.54,511.17,554.5,548.25,567.4,489.08,616.69,519.78,528.87,519.28,633.41,507.83,564.78,513.06,553.19,505.29,540.84,539.53,548.55,517.77,541.79,513.98,528.25,533.42,560.76,560.79,527.6,481.38,530.29,489.18,517.6,527.79,554.92,510.57,562.09,510.84,684.09,467.31,490.45,537.18,573.18,466.29,502.46
2018-03-05,500.03657344515653,540.0080444178982,506.9895753134553,542.531732164836,489.97,535.36,487.4,508.21,505.63,539.85,537.58,576.23,484.0,530.91,471.55,514.47,577.56,596.77,504.5,561.17,552.64,572.18,501.99,620.73,522.78,534.87,521.54,634.82,503.99,563.75,510.18,561.7,521.55,548.97,541.17,550.35,522.11,546.14,531.07,547.91,536.77,559.75,560.79,527.6,498.73,540.21,494.2,523.82,530.23,555.73,515.23,565.55,508.19,682.41,480.01,499.44,547.18,581.52,465.41,499.4
2018-02-26,502.3081393169098,539.0350584431305,507.78841180690864,539.8703449578807,490.81,529.53,521.04,547.55,507.76,534.44,542.7,578.44,484.93,532.48,471.55,514.47,577.63,596.84,505.33,550.33,550.62,566.41,494.73,613.47,520.3,526.02,539.15,647.73,493.42,545.76,495.32,543.64,513.42,540.84,539.4,545.45,525.94,547.03,516.54,532.52,534.06,558.29,560.79,527.6,497.91,535.25,500.63,528.61,532.67,555.73,510.29,559.31,514.34,691.77,490.14,508.62,533.02,569.02,474.56,508.12
2018-02-19,503.69322032770793,538.3180268441197,508.52397680004435,538.2683058042056,502.47,533.69,484.67,504.41,511.0,542.23,544.8,581.93,489.71,536.34,470.71,507.75,577.47,585.93,502.0,547.0,553.58,568.57,497.15,617.5,525.78,529.39,539.15,647.73,512.04,562.59,502.15,546.26,521.55,548.97,544.94,550.19,524.59,543.25,516.54,514.57,532.26,558.19,560.79,527.6,492.95,520.37,500.74,529.07,548.93,567.11,509.72,552.74,504.44,672.79,496.38,515.5,534.68,569.02,479.52,514.0
2018-02-12,516.4869593906457,551.9131894128598,521.9548996501211,553.6001079623328,504.97,539.53,511.53,537.67,519.18,554.12,550.96,591.63,495.47,543.93,484.16,520.36,595.91,590.4,525.33,571.17,570.26,586.05,500.37,614.27,539.28,547.57,539.15,647.73,530.4,581.82,528.28,571.1,521.55,548.97,558.41,565.62,534.07,556.6,539.62,534.23,533.78,559.88,560.79,527.6,512.92,538.84,504.94,532.82,564.38,583.37,526.11,571.45,527.63,690.26,504.73,521.09,559.68,594.02,489.5,521.81
2018-02-05,524.6997713761068,560.7874051264832,530.6471998553093,562.354638547562,514.97,552.03,516.82,544.11,517.35,557.74,548.6,592.77,498.62,551.43,497.6,533.8,606.85,612.09,546.17,591.17,577.25,593.61,501.99,627.18,541.02,552.57,538.1,646.65,540.94,592.39,539.92,580.98,521.55,548.97,561.29,569.15,534.99,559.42,560.99,569.27,535.9,562.49,560.79,527.6,531.33,562.85,512.48,541.68,573.32,594.75,544.05,588.54,559.32,726.37,498.24,523.98,573.85,604.02,491.02,525.25
2018-01-29,525.381146143051,562.3159928782691,530.2687513254394,563.2976414744462,514.14,553.69,511.45,538.99,510.19,555.06,544.62,592.45,496.04,548.31,497.6,535.48,617.65,612.14,547.83,594.5,576.7,594.22,504.41,630.4,539.93,552.9,538.78,649.16,532.59,590.69,535.51,581.44,521.55,557.1,560.8,569.3,533.44,556.83,560.99,569.27,533.19,558.67,560.79,527.6,537.58,572.44,517.86,547.79,574.13,602.07,544.16,593.12,562.26,730.2,495.52,526.47,527.33,578.95,494.22,528.59
2018-01-22,520.2954885959027,561.0494106787535,524.0136733971043,562.0310619128168,510.81,552.86,502.03,533.86,506.61,542.23,545.13,591.65,491.42,545.07,485.0,529.6,606.78,612.02,527.83,582.0,575.72,596.05,491.5,619.92,538.82,555.62,538.13,646.57,533.01,595.31,535.27,591.43,529.68,557.1,559.61,568.27,537.0,559.67,560.99,569.27,532.78,558.93,560.79,527.6,527.66,568.31,520.12,549.85,574.13,603.7,538.65,587.59,551.74,725.14,492.49,519.74,528.16,579.78,491.55,525.31
2018-01-15,518.2914052608016,560.5128461678627,523.8014022614148,562.4263440471764,512.47,556.19,514.51,536.51,506.61,542.23,546.27,586.19,486.35,540.05,481.63,529.6,606.34,622.32,531.17,592.83,575.09,594.28,515.7,640.08,537.84,555.48,534.06,642.44,527.41,588.97,529.19,587.7,529.68,557.1,555.71,563.94,529.23,559.02,560.99,569.27,529.01,556.76,560.79,527.6,535.92,577.4,522.63,552.76,587.95,619.96,540.11,587.93,551.52,733.23,490.49,516.11,518.16,585.62,481.25,515.1
2018-01-08,518.8652452407879,560.3513139390869,526.0574916071968,563.3952568152251,510.81,553.69,510.62,552.46,506.87,537.25,545.48,582.5,481.27,536.77,501.8,549.77,606.58,622.56,474.5,561.17,570.9,587.73,507.63,632.02,532.12,551.75,530.96,636.93,532.22,586.4,524.35,588.9,521.55,524.58,551.53,559.39,533.26,549.52,546.46,569.27,524.41,551.38,560.79,527.6,520.22,571.61,517.91,546.96,579.01,614.27,529.08,578.21,548.16,734.01,481.64,512.09,506.5,575.62,480.53,513.04
2018-01-01,515.217090285698,551.1572355669762,522.3691383132096,552.4990687776886,510.81,554.53,500.46,537.34,506.1,540.57,538.45,579.61,482.84,531.58,503.48,543.89,617.47,633.45,467.83,537.83,565.52,579.85,500.37,623.14,513.88,525.48,526.33,629.9,524.84,577.74,514.13,583.1,521.55,540.84,545.81,551.93,524.08,528.96,546.46,569.27,497.41,523.58,560.79,527.6,516.09,562.52,516.06,543.31,568.44,602.88,514.21,561.83,545.34,729.78,480.19,511.05,507.33,564.78,475.68,506.94
2017-12-18,508.0766192987419,542.0685441493323,513.92974970064,541.1137090073712,501.64,545.36,495.34,527.05,506.44,531.62,534.97,579.51,478.64,528.32,484.16,521.2,610.16,614.19,608.06,537.83,559.68,572.8,504.48,572.5,509.93,518.73,526.33,629.9,504.94,559.57,508.11,570.41,529.68,557.1,541.53,546.82,511.97,531.24,546.46,556.45,537.41,554.58,560.79,527.6,512.77,557.13,504.47,532.44,553.37,575.1,511.54,560.91,530.03,702.0,480.19,511.05,505.66,550.62,476.51,512.72
2017-12-11,504.4166868117008,536.837790490824,509.9629264269828,535.553698051356,499.14,538.69,474.68,502.34,501.8,526.21,534.67,584.34,481.02,531.18,478.27,516.15,588.72,592.75,608.06,537.83,559.01,569.42,525.45,587.01,508.62,513.04,526.46,630.11,510.85,564.41,507.73,565.66,521.55,557.1,536.82,541.05,519.32,538.0,532.78,543.63,539.49,558.33,560.79,527.6,504.91,539.96,498.85,525.56,555.81,572.66,504.38,553.52,524.85,692.64,485.3,515.29,506.5,551.45,475.6,511.35
2017-12-04,509.82144040588094,540.3843660543666,516.7479917365066,539.9673860404877,508.31,544.53,531.38,539.86,501.8,527.79,536.64,584.34,482.85,533.07,487.52,520.36,599.59,592.87,619.73,549.5,561.62,570.71,506.09,570.08,513.55,517.49,527.16,630.03,513.04,565.14,508.99,572.28,529.68,557.1,538.68,543.03,516.53,534.25,547.31,543.63,537.19,554.39,560.79,527.6,514.0,546.58,504.59,530.16,559.87,575.1,510.69,557.06,527.46,692.6,489.33,516.2,502.33,562.28,477.01,509.81
2017-11-27,511.35440023488997,540.5954536950683,519.5606986811405,539.8411080927868,505.81,542.86,539.81,552.1,498.43,524.55,536.64,584.34,485.99,540.13,490.88,517.84,599.54,603.57,619.73,549.5,561.78,570.9,529.48,580.56,514.27,517.32,529.54,630.76,510.77,563.16,512.06,575.77,529.68,557.1,538.52,542.34,516.28,534.32,547.31,543.63,534.5,552.12,560.79,527.6,523.1,548.23,508.32,533.1,562.31,574.29,515.19,558.76,534.61,704.0,479.62,507.17,504.83,562.28,471.69,505.85
2017-11-20,511.7165661771902,540.7087066902342,520.1925637259525,540.4818063589366,515.81,543.69,520.14,558.29,497.54,522.59,537.49,585.52,486.91,536.81,486.68,516.15,588.87,582.15,620.56,550.33,564.6,572.16,537.54,581.37,520.68,518.4,523.58,623.36,526.97,570.11,535.44,583.46,521.55,557.1,540.29,544.33,524.66,543.57,547.31,543.63,531.59,548.34,560.79,527.6,534.67,550.71,512.36,536.44,570.44,573.48,514.05,556.09,524.75,696.4,472.84,500.96,528.16,565.62,469.71,503.87
2017-11-13,510.15586353674934,535.457296779141,517.8125681505248,533.7289818614103,519.97,550.36,539.56,537.22,495.28,528.17,522.98,569.93,483.95,534.21,478.27,497.67,588.85,571.38,597.23,527.0,562.65,570.3,536.74,582.18,516.49,514.72,523.58,623.36,507.44,556.08,526.55,572.59,513.42,524.58,537.28,541.3,519.77,535.86,576.37,556.45,528.4,544.86,560.79,527.6,546.24,559.8,516.7,541.42,576.95,576.73,509.77,551.33,565.3,717.17,464.44,492.88,525.66,560.62,462.18,497.58
2017-11-06,508.24016348844515,532.2393078087998,521.3894344918007,533.175092811134,501.64,534.53,509.97,527.3,488.42,516.37,524.59,554.62,472.94,523.63,521.13,534.64,570.55,579.96,567.23,497.0,547.42,558.94,527.06,578.14,487.25,500.86,509.41,611.51,491.41,541.08,511.24,567.5,489.03,508.32,528.08,531.58,500.67,519.58,555.0,535.09,514.75,534.11,560.79,527.6,526.4,550.71,502.38,528.53,552.56,562.91,501.17,550.04,550.94,697.27,456.92,488.32,500.66,552.28,452.87,487.71
2017-10-30,495.2792211643829,522.6165325340305,506.7054877647664,523.6543717087992,485.81,523.69,499.06,524.66,484.16,512.11,507.85,553.71,465.66,514.54,501.8,527.08,592.12,590.78,567.23,497.0,535.86,549.92,517.38,560.4,473.88,487.76,502.44,605.36,487.32,543.15,491.3,547.59,497.16,500.19,520.98,522.24,485.24,505.85,512.27,535.09,507.75,527.16,560.79,527.6,501.61,535.01,481.4,509.45,531.42,553.97,485.72,517.57,514.5,684.8,458.42,489.91,475.66,543.12,450.1,483.93
2017-10-23,488.56201057367076,519.2356366806458,498.58025434089404,519.514241834911,484.97,521.19,491.13,522.34,482.11,506.36,508.3,553.12,466.12,515.33,488.36,520.36,559.67,590.57,567.23,497.0,533.16,549.69,493.19,528.95,459.57,482.33,501.7,603.68,482.22,535.71,498.55,556.61,497.16,492.06,520.6,520.68,491.51,512.11,512.27,535.09,515.08,527.48,560.79,527.6,486.73,531.7,487.11,511.54,524.91,550.71,484.75,530.02,502.79,682.53,460.44,491.59,479.0,528.95,444.35,478.09
2017-10-16,489.0764840530258,517.0435672191792,499.7010656775419,517.4865488845649,484.14,516.19,479.31,499.12,486.41,513.13,513.12,552.56,463.43,511.18,490.04,519.52,559.65,579.8,567.23,497.0,533.21,545.17,518.99,542.66,472.82,486.06,502.64,604.68,481.25,536.69,496.84,553.05,497.16,516.45,520.9,516.03,492.07,512.9,512.27,522.26,517.72,525.6,560.79,527.6,480.12,520.13,479.73,503.71,524.1,548.27,478.56,525.46,508.45,688.23,463.44,483.97,471.5,530.62,445.7,477.71
2017-10-09,491.36302747119214,520.0757954490591,503.32596635270534,521.7996239112731,490.81,521.19,483.61,524.49,491.27,517.01,517.13,551.45,461.42,509.36,495.92,523.72,581.22,601.37,567.23,497.0,535.33,549.05,515.77,543.47,476.05,491.88,504.23,603.76,489.86,547.44,489.56,557.61,497.16,500.19,522.23,517.66,487.72,508.81,512.27,522.26,516.81,521.55,560.79,527.6,485.91,527.57,475.36,498.21,524.1,549.9,472.62,519.95,513.58,693.2,465.56,478.33,474.0,533.12,444.92,476.2
2017-10-02,496.33163692709314,520.3259689213754,508.3890716449052,523.1660579532831,493.31,519.53,512.37,521.19,490.59,512.32,517.39,551.22,460.03,503.9,501.8,528.76,581.31,590.72,567.23,497.0,539.83,547.49,512.54,521.69,484.5,495.07,505.68,596.35,487.02,532.16,495.74,548.72,505.29,508.32,521.99,516.08,483.69,501.66,529.36,535.94,515.93,508.0,560.79,527.6,493.34,539.96,481.39,500.56,528.98,553.97,428.28,471.79,504.3,684.1,469.74,474.38,482.33,528.12,457.98,479.1
2017-09-25,500.078630679406,512.0990282367233,508.73766737195484,511.03529377839345,490.81,510.36,497.24,491.93,490.81,509.72,523.85,536.87,457.89,496.94,501.8,516.15,588.96,580.09,553.9,476.17,539.46,537.48,529.48,531.37,482.83,479.13,506.58,589.41,490.67,525.91,502.52,536.66,497.16,500.19,518.76,508.21,490.28,501.31,529.36,522.26,511.35,503.41,560.79,527.6,504.09,525.91,490.24,493.92,533.86,540.14,494.07,527.34,508.17,689.34,470.25,470.68,496.5,517.28,467.45,486.85
2017-09-18,502.1163627823133,505.8086811074359,511.56853758579877,504.9106880108116,493.31,505.36,475.76,469.95,490.38,507.72,524.18,525.9,458.68,491.33,506.0,509.43,599.6,569.23,584.73,489.5,542.21,533.0,533.51,532.98,486.07,470.29,503.97,583.07,494.46,521.93,508.52,532.41,497.16,483.93,521.57,510.04,486.8,497.59,529.36,506.88,505.37,494.87,560.79,527.6,510.7,517.65,484.34,484.83,537.11,536.89,489.27,510.01,526.11,682.57,463.71,459.43,511.5,516.45,465.63,482.05
2017-09-11,503.89883828966776,502.19245974971415,517.5931997474503,502.4254888751618,503.31,509.53,509.31,485.07,484.54,499.37,521.26,526.85,455.28,489.35,517.77,508.59,610.51,569.38,584.73,489.5,544.96,528.8,509.32,507.18,485.49,466.12,503.97,583.07,499.39,511.67,522.62,534.0,497.16,492.06,520.3,504.62,493.22,504.15,549.88,506.88,489.81,480.64,560.79,527.6,525.58,516.0,494.61,492.8,544.42,534.45,496.52,521.12,529.72,672.98,451.28,451.52,490.66,490.62,446.18,462.67
2017-09-04,492.94800928335644,489.6202483939475,508.1834715040348,490.4127146379875,489.14,497.03,519.72,482.1,479.3,492.68,502.87,526.93,443.75,483.13,516.09,498.51,621.48,569.58,584.73,489.5,530.48,518.86,511.74,512.01,456.28,444.36,489.59,576.13,479.14,503.3,489.84,511.83,472.77,475.8,508.21,496.14,485.17,497.63,511.41,488.08,474.89,466.05,560.79,527.6,513.18,499.47,476.34,474.29,533.86,522.26,490.63,513.6,529.33,665.69,452.64,455.67,475.66,489.78,430.12,446.63
2017-08-28,478.01214876017985,484.3280248504891,491.4683784568727,485.15413744578854,466.64,479.53,481.87,469.78,475.47,491.78,502.96,526.93,438.79,480.55,490.04,485.9,556.77,537.15,532.23,464.5,521.92,514.56,494.8,494.27,457.22,448.13,489.85,577.03,474.53,500.42,489.88,515.47,448.38,475.8,500.53,492.35,496.28,504.92,511.41,492.35,475.47,464.44,560.79,527.6,490.86,493.68,459.68,475.12,515.16,516.57,488.32,499.01,512.35,657.28,453.83,459.43,454.83,488.95,422.97,439.56
2017-08-21,475.1534115761599,484.45687238974836,486.8801441109917,484.65499446411894,465.81,479.53,483.19,468.54,478.45,495.32,503.4,526.93,440.46,481.92,479.95,480.02,546.17,526.54,528.9,442.83,522.68,517.34,514.16,516.85,457.67,451.25,475.49,564.95,478.36,509.26,496.2,524.33,464.64,475.8,500.58,493.24,489.99,499.34,511.41,492.35,462.08,455.16,560.79,527.6,477.64,485.42,462.87,477.87,515.97,519.01,479.31,494.93,504.86,651.52,448.11,453.96,460.66,490.62,424.36,442.65
2017-08-14,476.60290204066354,485.17910128158275,490.5392185738997,489.5274461790587,467.47,481.19,515.92,502.76,471.8,493.49,504.06,526.93,440.14,481.59,485.0,490.1,547.29,536.27,528.9,442.83,523.35,519.49,502.06,506.37,456.12,452.8,475.49,564.95,482.95,515.41,494.86,522.03,472.77,475.8,499.89,492.23,492.5,502.14,511.41,492.35,471.45,459.52,560.79,527.6,487.56,497.82,456.78,472.31,517.6,522.26,487.37,508.02,502.59,543.29,443.74,448.38,479.0,496.45,421.42,438.84
2017-08-07,474.3098737397253,483.5702887081422,488.8019787521911,488.1173451005703,466.64,481.19,499.56,491.93,471.08,483.05,488.81,510.59,440.11,481.81,484.16,489.26,568.67,568.4,528.9,442.83,520.3,518.8,521.41,519.27,454.46,452.59,475.49,564.95,472.53,505.17,487.94,523.67,472.77,475.8,498.8,490.68,485.28,495.62,511.41,492.35,456.3,445.79,560.79,527.6,484.25,493.68,463.35,477.75,512.72,519.01,488.43,508.62,474.39,509.63,438.02,439.01,469.83,488.12,416.9,434.04
2017-07-31,469.12380314242637,473.92526852764905,482.0781254696243,476.53299394374295,459.97,472.03,467.33,458.87,469.12,475.29,484.06,508.93,435.41,474.61,478.27,482.54,558.07,557.8,528.9,442.83,514.57,509.51,517.38,514.43,438.85,431.53,475.49,564.95,469.46,498.39,481.83,508.22,448.38,459.54,496.35,482.15,479.72,488.81,493.47,476.97,457.16,444.69,560.79,527.6,477.64,487.07,459.04,470.48,506.21,510.06,480.81,501.91,478.12,513.65,434.95,440.41,468.16,487.28,415.84,432.87
2017-07-24,467.50968266750584,471.74354576253796,481.8715679898907,475.66947986279916,461.64,472.03,475.92,475.05,468.57,470.44,484.06,502.19,438.08,478.06,477.43,477.5,558.09,547.06,539.73,444.5,511.29,504.03,518.19,512.01,447.49,437.3,474.95,564.21,457.99,490.81,480.41,508.36,464.64,475.8,492.77,478.39,470.73,485.56,493.47,476.97,458.36,447.24,560.79,527.6,477.64,484.59,440.86,454.96,507.03,507.62,482.88,500.73,475.83,511.19,430.87,433.62,454.0,476.45,414.59,430.79
2017-07-17,467.46688640147164,470.28884664920713,479.63025846529035,472.6192110531675,459.97,470.36,465.18,460.32,470.4,470.56,484.13,502.19,438.52,477.95,479.11,478.34,558.06,536.27,539.73,444.5,507.62,498.91,517.38,513.63,442.72,431.26,467.69,565.28,463.09,495.37,478.73,506.45,472.77,483.93,490.72,476.63,478.71,487.14,493.47,481.24,473.24,462.01,560.79,527.6,464.42,473.02,445.04,458.58,503.77,506.81,474.76,488.28,478.24,513.77,428.88,428.75,454.83,477.28,421.14,437.23
2017-07-10,465.5143915821349,468.8025795444961,478.87210879850755,471.5312358691989,463.31,475.36,488.52,484.44,472.23,470.35,485.07,503.81,440.13,479.74,473.23,471.62,547.29,547.02,539.73,444.5,509.32,499.35,514.96,510.4,436.77,428.57,467.69,565.28,457.03,486.2,475.6,503.39,472.77,475.8,493.47,479.67,465.75,479.21,493.47,481.24,474.84,464.44,560.79,527.6,469.38,469.72,444.44,458.49,502.96,506.0,476.4,490.22,474.39,509.63,422.65,411.08,453.16,468.95,414.92,431.07
2017-07-03,465.0101496372692,463.5157430688219,478.0260284272899,465.1735026798552,459.14,469.53,484.75,458.84,472.19,468.26,494.28,511.13,441.19,481.02,474.91,469.94,547.29,525.51,539.73,444.5,504.03,491.35,510.93,501.53,442.23,420.27,467.69,565.28,449.94,477.53,462.9,489.4,472.77,459.54,492.08,478.77,458.45,470.9,493.47,465.0,475.77,464.93,560.79,527.6,463.59,460.63,437.47,446.91,498.08,492.99,471.06,484.34,473.48,508.67,419.93,400.72,449.83,468.12,419.98,437.91
2017-06-26,467.4855432889859,465.52075621816283,479.9809055195713,466.6927985973834,469.14,484.53,481.38,450.86,473.38,473.63,497.22,512.72,444.15,482.98,474.91,465.73,547.31,525.52,539.73,444.5,507.33,493.3,514.16,503.14,447.68,423.44,472.58,568.56,453.82,482.1,462.0,488.11,489.03,492.06,493.12,482.3,467.97,482.9,493.47,465.0,480.68,476.01,560.79,527.6,461.94,453.19,444.14,452.7,502.96,494.62,465.06,478.76,467.37,502.1,436.82,415.87,449.0,469.78,425.88,443.25
2017-06-19,475.7367652556075,472.8846235173644,488.7430019841524,473.76968595542013,469.97,479.53,472.12,445.07,479.43,483.52,513.33,515.48,455.11,493.45,482.47,471.62,547.26,536.23,539.73,444.5,515.83,500.44,529.48,516.05,460.23,432.83,482.16,575.74,464.69,483.36,478.02,496.45,497.16,508.32,503.51,491.54,481.36,495.13,510.56,475.26,484.03,483.8,560.79,527.6,476.81,466.41,450.31,458.52,509.47,497.87,469.87,483.9,470.18,505.71,449.24,430.26,452.33,478.95,433.99,453.61
2017-06-12,482.4810301674809,479.9031692260614,495.9335504268288,481.14916938961846,470.81,481.19,489.48,464.0,491.61,503.12,518.63,527.59,459.65,498.51,490.04,474.98,558.04,547.02,539.73,544.58,525.74,509.18,529.48,519.27,471.42,446.32,494.88,588.61,481.2,501.92,490.44,506.83,480.9,475.8,510.89,498.38,488.78,507.9,510.56,475.26,492.64,487.29,560.79,527.6,480.95,468.06,458.49,467.82,516.78,501.12,489.89,497.62,484.97,512.44,448.2,429.51,463.16,488.12,434.37,453.83
2017-06-05,492.5628186096746,494.850454852167,505.62894309490366,497.31067750867584,474.97,486.19,488.57,515.15,495.62,509.64,519.29,534.92,465.15,508.25,502.64,495.15,579.32,568.29,559.73,457.0,536.88,524.63,525.45,524.11,480.87,461.27,501.82,593.88,496.81,524.05,503.74,521.32,505.29,524.58,516.99,506.12,492.94,513.95,524.23,495.77,500.97,497.86,560.79,527.6,491.69,482.11,466.9,477.62,529.79,523.07,505.66,513.43,507.18,535.08,449.46,429.52,475.66,503.12,442.64,462.97
2017-05-29,495.9298398604393,499.66438336533275,509.5516739477054,502.67952587062973,484.14,500.36,501.05,515.15,497.15,512.54,519.76,534.92,465.62,508.7,506.0,503.55,579.26,568.24,559.73,457.0,543.47,531.51,532.7,528.95,482.41,463.71,502.4,593.57,493.69,520.35,509.75,529.03,497.16,500.19,520.64,510.36,503.93,524.0,524.23,495.77,500.05,496.02,560.79,527.6,497.48,496.99,471.52,484.73,530.6,529.57,527.64,524.72,511.19,546.13,449.63,429.02,482.33,509.78,442.58,462.53
2017-05-22,495.7725394067099,498.2890105290427,508.9258602227743,500.2646115297955,484.14,499.53,537.49,515.15,500.35,515.9,522.06,534.96,463.32,506.78,502.64,498.51,579.05,557.29,560.56,474.5,539.4,527.19,543.19,537.82,481.73,459.32,501.71,592.08,479.9,505.38,502.64,524.7,497.16,532.71,521.76,510.47,487.98,525.23,524.23,495.77,503.63,499.28,560.79,527.6,494.17,492.86,478.51,490.43,526.54,521.44,501.85,510.43,511.0,552.82,451.52,430.79,484.0,510.62,445.18,465.32
2017-05-15,495.93800033058574,497.23454799436115,507.5583852979195,497.268770775693,483.31,496.19,505.18,482.76,506.23,521.74,536.06,540.86,466.02,509.51,501.8,498.51,559.98,551.11,560.56,474.5,535.54,524.97,534.32,529.76,479.78,456.76,504.3,595.5,482.59,506.59,489.08,516.67,505.29,500.19,525.08,512.76,493.32,529.37,505.43,482.09,502.71,506.08,560.79,527.6,490.86,487.07,486.19,497.22,515.97,514.94,499.63,512.3,508.12,550.61,474.79,448.77,485.66,512.28,451.96,472.06
2017-05-08,501.4196845282725,506.2584744797183,510.44448669652763,505.00239047543545,484.14,498.69,550.96,537.55,505.93,525.1,551.16,562.75,467.23,511.66,493.4,491.78,560.04,561.93,560.56,474.5,547.24,536.17,526.25,528.95,485.92,466.4,518.75,607.56,503.86,524.78,498.58,527.27,513.42,540.84,533.62,523.34,501.52,538.03,526.8,482.09,522.73,530.08,560.79,527.6,488.39,482.94,498.47,512.49,524.1,522.26,510.88,523.23,491.89,531.63,495.87,467.41,504.83,532.28,468.81,491.34
2017-05-01,516.0316419887052,520.4990253003132,526.0532100881163,519.0260071825141,498.31,512.86,534.35,511.43,507.59,527.75,564.68,571.54,476.26,518.35,511.89,512.79,592.34,594.22,560.56,474.5,563.02,549.56,549.64,551.53,505.67,484.82,533.73,617.77,523.9,538.8,512.32,535.56,521.55,516.45,546.87,534.67,507.43,541.67,526.8,504.32,520.64,527.11,560.79,527.6,510.7,509.39,513.26,528.39,544.42,543.4,532.49,541.41,504.25,551.73,483.48,457.89,514.0,536.45,478.87,505.48
2017-04-24,524.2631213210458,530.0781851484384,536.3923693492796,531.0637034017138,506.64,524.53,578.4,544.91,508.02,529.2,549.16,574.17,478.56,520.84,522.81,522.88,603.04,604.92,560.56,474.5,578.0,562.83,552.06,554.76,516.12,498.92,517.2,606.95,535.38,555.0,537.37,563.96,529.68,532.71,549.7,538.74,511.5,547.86,549.02,519.7,521.45,527.89,560.79,527.6,537.97,538.31,510.89,525.95,559.06,555.59,545.3,553.29,532.39,571.77,474.99,452.48,529.0,558.12,477.51,503.25
2017-04-10,514.6020189357448,520.7220950701279,526.9138768830254,521.2310726231646,501.64,521.19,515.34,513.75,500.14,516.37,522.33,550.5,476.45,523.12,524.49,524.56,608.64,605.14,560.56,474.5,560.32,548.81,540.77,555.56,503.52,484.24,517.2,606.95,498.08,520.46,520.29,541.4,521.55,540.84,532.33,524.08,520.44,540.26,549.02,519.7,513.22,516.82,560.79,527.6,526.4,524.26,502.63,517.74,550.93,544.21,528.5,539.97,536.79,587.63,452.56,435.18,487.33,532.28,463.68,492.53
2017-04-03,502.23328276393073,510.20087549167346,512.7839484299342,510.0594250777439,477.47,510.36,536.0,514.24,496.22,517.39,527.71,557.08,461.31,512.25,507.68,511.11,576.28,578.16,556.4,469.5,543.34,537.04,527.87,553.95,486.08,470.62,508.75,605.67,489.12,512.16,500.88,529.13,521.55,508.32,523.3,516.21,512.54,532.62,501.16,507.74,514.1,518.61,560.79,527.6,501.61,505.25,483.15,503.06,536.29,536.89,515.93,522.46,525.01,568.29,460.67,450.96,476.5,527.28,463.16,492.38
2017-03-27,494.46803732758235,509.08863885099674,501.75721384928823,508.2945677025163,459.97,502.86,469.23,473.67,499.67,518.2,538.7,563.21,464.79,515.87,489.2,503.55,559.92,561.8,545.56,465.33,540.87,538.79,527.87,577.34,484.0,474.47,512.09,609.8,483.8,517.13,495.19,530.9,489.03,508.32,527.44,519.74,514.17,514.66,501.16,507.74,522.09,535.23,560.79,527.6,480.12,503.6,481.63,504.89,525.73,536.08,492.32,521.04,504.7,549.07,469.32,465.03,480.66,531.45,467.66,497.07
2017-03-20,499.83426605855345,517.7731470317266,507.92348907243814,517.3170888790728,465.81,505.36,489.56,503.39,500.09,529.45,547.99,566.92,469.2,519.72,490.04,508.59,560.35,578.38,591.4,537.83,544.99,546.58,534.32,582.18,491.61,485.64,519.48,616.99,496.82,538.95,495.74,537.05,521.55,532.71,533.08,524.87,522.31,533.46,513.98,507.74,533.66,546.16,560.79,527.6,491.69,516.0,491.11,514.38,535.48,546.65,491.58,525.19,489.45,560.11,481.2,473.54,494.0,544.78,474.37,502.15
2017-03-13,512.3313632162929,530.5859201035497,522.8113515442277,531.6692431984313,492.47,522.86,521.34,530.34,507.08,531.62,556.96,576.27,473.63,524.13,506.0,523.72,587.3,605.33,591.4,537.83,560.92,562.49,544.8,591.85,508.48,503.12,531.29,623.02,511.32,550.93,508.74,557.08,529.68,532.71,541.19,531.78,513.6,536.57,536.2,526.54,533.66,554.05,560.79,527.6,509.87,528.39,496.39,519.54,553.37,565.35,502.55,541.41,504.2,577.95,491.42,474.27,509.0,558.12,480.02,508.33
2017-03-06,521.2074491111717,536.9422768974175,530.9591567727836,537.5957182485561,509.14,533.69,534.72,525.05,487.82,531.58,557.03,576.31,476.14,527.7,512.73,534.64,603.47,616.11,604.73,545.33,571.34,568.22,553.67,587.01,518.23,509.11,538.12,622.76,525.74,558.13,533.49,562.95,529.68,532.71,546.35,533.08,528.25,555.18,555.0,543.63,533.66,554.05,560.79,527.6,523.1,535.01,504.0,526.64,561.5,571.85,522.08,556.19,527.24,592.42,489.19,471.91,519.0,560.62,487.45,515.21
2017-02-27,527.5490082977975,539.2756327101083,537.0248346649623,538.7209523944832,516.64,542.86,531.42,505.71,487.82,531.58,556.95,576.17,476.05,527.77,525.33,538.0,592.75,605.4,613.9,543.67,574.33,569.64,543.19,583.79,521.42,510.13,538.12,622.76,530.86,552.5,542.0,562.25,529.68,548.97,546.39,532.6,528.03,555.97,555.0,543.63,535.49,553.6,560.79,527.6,533.84,539.96,512.95,536.21,566.38,569.41,539.08,561.14,540.21,598.13,487.28,471.97,529.0,561.45,494.28,522.98
2017-02-20,528.5199684185959,538.0041479889434,538.7052026159921,537.44617400347,511.64,532.86,546.87,521.25,502.78,536.31,554.79,571.48,475.99,528.87,528.69,534.64,597.04,596.77,613.9,543.67,575.55,567.43,548.03,593.47,523.69,509.26,537.18,622.86,524.02,550.45,541.29,565.04,529.68,532.71,546.3,532.35,528.37,555.31,555.0,543.63,527.15,553.61,560.79,527.6,533.84,541.62,507.89,530.47,566.38,569.41,534.21,556.67,537.72,595.35,487.6,467.04,529.0,561.45,495.81,524.66
2017-02-13,526.2995104385034,537.2176760036183,534.7863761571816,535.5435701299867,502.47,528.69,497.37,510.75,506.78,538.61,554.79,571.48,474.83,527.58,529.53,536.32,596.83,596.57,613.9,544.5,569.83,564.46,560.12,605.56,518.36,507.21,534.93,621.27,521.88,551.52,528.63,565.67,513.42,524.58,541.72,530.12,523.26,540.52,555.0,533.38,525.99,554.61,560.79,527.6,529.71,538.31,510.78,534.99,563.94,569.41,529.89,557.81,544.84,597.91,486.32,465.61,516.5,553.95,496.84,526.47
2017-02-06,522.3825026907681,535.4679437696493,531.1116206820899,534.0649889303634,498.31,528.69,514.06,535.46,508.15,540.23,554.79,571.48,475.01,529.48,523.65,533.8,596.73,607.22,530.56,462.0,568.15,562.03,530.28,585.4,517.77,505.34,534.16,620.47,522.81,547.19,526.59,558.63,529.68,524.58,538.81,528.17,520.4,548.96,544.75,533.38,526.22,555.16,560.79,527.6,526.4,535.01,508.41,537.17,562.31,562.91,532.79,554.99,532.91,587.35,485.97,468.38,516.5,553.95,490.95,520.72
2017-01-30,521.0631601893103,535.287514594745,528.7350559481393,533.5020497490245,491.64,524.53,541.75,549.59,507.76,543.9,554.79,571.63,474.5,528.88,519.45,531.28,596.71,607.19,530.56,562.08,566.62,560.58,535.93,592.66,517.92,504.83,535.78,620.55,524.04,542.12,523.68,554.93,505.29,532.71,536.96,526.42,517.19,543.73,552.44,533.38,525.54,554.34,560.79,527.6,518.96,525.91,504.34,533.24,559.87,560.47,531.41,552.0,527.68,586.48,487.36,471.79,515.66,553.95,495.19,526.43
2017-01-23,517.6113749370232,533.4848522609461,527.8174546429966,533.5754175069973,497.47,527.86,526.79,527.28,508.02,547.26,554.85,571.39,473.44,528.53,516.09,528.76,586.05,590.09,552.23,586.25,565.2,561.37,545.61,599.92,517.28,505.96,537.34,622.18,521.94,548.59,525.76,557.49,505.29,524.58,537.79,527.95,518.4,545.32,552.44,533.38,526.17,562.55,560.79,527.6,518.14,530.87,498.23,527.74,566.38,579.98,531.0,552.8,524.43,582.53,489.65,473.37,514.0,553.12,482.59,514.66
2017-01-16,515.5259066743638,535.5072780402405,528.3173561542018,537.9321954225122,499.97,534.53,505.8,507.53,503.57,544.87,550.64,569.98,472.5,527.89,520.29,538.0,586.06,600.85,552.23,586.25,564.97,565.75,548.03,608.79,515.85,509.62,537.44,620.5,525.24,556.25,524.71,566.96,505.29,540.84,540.03,530.24,517.84,545.43,552.44,543.63,526.26,562.6,560.79,527.6,513.18,535.83,501.3,531.61,554.18,581.61,513.7,542.14,540.25,589.75,490.87,476.08,513.16,566.45,465.93,498.8
2017-01-09,517.6817073576551,540.480872494461,531.7627145469637,544.531698893164,501.64,542.03,529.02,552.35,499.92,539.21,539.0,565.09,468.86,522.47,524.49,546.41,586.23,611.79,553.9,587.08,569.09,572.22,561.74,625.72,518.01,514.42,534.84,611.44,525.01,552.6,533.54,577.85,513.42,524.58,542.12,534.16,512.34,539.22,552.44,543.63,517.92,554.53,560.79,527.6,519.79,547.4,500.48,529.9,541.99,572.66,521.08,546.61,536.28,602.66,472.66,462.7,513.16,566.45,465.79,497.76
2017-01-02,512.5783573727588,536.0736768143805,525.6972357817724,539.6040166080686,501.64,546.19,496.86,528.51,496.09,529.75,521.39,557.96,458.46,510.79,526.17,551.45,589.38,624.62,507.23,541.25,560.67,564.11,547.22,618.47,513.24,507.93,525.94,616.09,516.44,544.93,525.21,569.25,489.03,516.45,530.22,523.5,494.94,521.47,542.18,543.63,508.64,545.33,560.79,527.6,512.35,545.75,503.54,532.92,537.92,553.97,479.65,510.88,531.44,605.52,477.64,471.66,513.16,564.78,464.53,494.2
2016-12-19,494.6103142856503,519.5702632557687,505.52275204468265,521.0687868046082,482.47,528.69,488.07,520.35,483.52,500.73,510.15,546.88,445.95,498.71,505.16,532.96,568.04,603.55,507.23,541.25,543.05,545.86,506.9,580.01,489.58,488.62,501.63,596.15,489.13,525.23,503.06,553.72,472.77,500.19,508.39,504.78,474.33,502.88,526.8,526.54,478.2,516.13,526.89,493.7,508.88,538.11,498.76,525.55,493.94,531.32,505.95,533.27,497.67,573.8,454.24,444.1,485.66,537.28,450.24,485.99
2016-12-12,483.88008841674826,506.13558380701426,494.61089288784234,507.42625955962984,473.31,516.19,474.85,503.91,483.52,500.73,493.96,514.4,438.09,490.13,492.56,517.84,546.32,576.43,473.06,512.91,532.29,532.72,496.41,571.14,479.72,474.78,490.62,585.14,476.17,511.53,492.0,543.38,464.64,508.32,500.57,489.2,469.14,496.44,526.8,526.54,474.27,511.57,526.89,493.7,497.31,523.23,483.49,508.58,483.37,520.75,490.85,518.02,479.61,553.81,435.09,427.36,479.0,523.12,443.85,476.5
2016-12-05,473.4840071139994,493.0386808153867,482.886385830527,493.10016397858413,468.31,515.36,442.28,475.39,477.55,492.04,493.86,514.4,429.35,478.25,486.68,510.27,556.88,597.75,473.06,512.91,516.77,516.33,474.64,544.52,457.42,454.75,476.36,572.5,468.18,503.95,464.33,518.34,464.64,475.8,483.57,474.95,472.02,499.07,502.01,507.74,466.16,486.72,526.89,493.7,489.04,514.97,470.75,491.75,471.99,510.18,480.38,507.4,477.56,554.43,424.82,416.34,464.0,508.95,436.86,467.42
2016-11-28,461.53572930923946,482.41777531231344,470.1289636501139,482.7472244955985,447.47,492.03,443.94,475.23,480.66,492.17,488.43,514.73,424.21,470.6,466.51,490.94,522.52,560.16,466.4,501.25,508.61,507.64,473.83,538.88,452.98,450.9,470.74,567.67,445.6,478.4,461.91,514.15,448.38,475.8,474.99,465.28,454.5,479.42,502.01,507.74,468.62,472.91,526.89,493.7,472.51,503.4,455.27,479.66,462.23,502.05,473.04,499.94,451.46,532.91,435.48,424.13,445.66,487.28,431.6,459.39
2016-11-21,453.9077552170551,470.921782066718,459.48296149141277,469.1445817116225,438.31,476.19,437.9,456.55,477.85,490.63,491.96,518.92,421.5,465.21,453.06,475.82,511.63,544.96,476.4,507.08,495.6,492.6,468.99,528.39,443.65,435.55,463.93,562.5,436.05,473.52,441.05,490.52,448.38,475.8,467.02,457.29,456.17,480.83,483.21,482.95,467.1,479.34,526.89,493.7,455.98,480.26,444.29,465.96,443.53,482.54,459.65,485.57,437.8,508.13,442.86,431.83,444.83,487.28,439.06,465.45
2016-11-14,458.72982450974206,472.583484386477,462.79957185595794,469.9164022945103,437.47,476.19,435.59,458.29,476.4,489.15,495.34,526.26,424.22,466.14,452.22,470.78,502.92,534.09,510.56,534.58,498.44,492.94,468.19,523.56,448.07,435.57,470.51,567.42,449.4,481.14,447.25,489.59,448.38,475.8,479.71,467.42,463.74,487.71,483.21,482.95,468.33,480.73,526.89,493.7,456.81,479.43,443.96,465.91,450.04,486.36,462.62,485.69,430.11,495.17,449.41,438.39,449.83,490.62,455.14,478.58
2016-11-07,466.001728487788,481.71273499535494,474.5782792226709,481.99060574196426,454.14,486.19,461.79,453.91,480.37,492.47,506.99,538.44,428.4,468.0,460.63,476.66,509.49,528.84,510.56,534.58,512.96,509.33,493.19,546.14,461.73,453.72,481.56,576.97,470.8,507.53,481.26,529.65,456.51,492.06,490.53,480.34,486.95,508.53,515.69,482.95,475.04,494.63,526.89,493.7,468.38,489.35,461.29,483.04,464.67,500.18,474.92,497.19,432.56,498.81,456.79,453.14,469.83,503.95,440.05,463.15
2016-10-31,469.64241886115155,488.5604956593296,479.8566306841231,490.1348783296455,462.47,498.69,467.51,490.53,484.11,496.3,506.13,536.64,430.06,467.98,461.47,480.86,532.17,565.51,510.56,534.58,521.41,520.59,498.03,538.88,468.5,462.93,483.64,576.44,477.06,509.98,483.84,534.31,464.64,492.06,496.86,481.39,463.45,484.4,515.69,500.9,474.27,494.42,526.89,493.7,485.74,510.84,470.18,491.09,473.62,510.75,492.82,520.95,451.05,534.39,456.79,453.14,481.5,518.95,430.15,452.33
2016-10-24,469.1342482893896,486.9862609570196,478.59728024018784,487.9829633714602,468.31,496.19,467.82,491.26,477.9,483.35,503.01,535.33,428.76,466.26,463.99,482.54,542.92,565.5,467.23,481.25,520.94,519.23,498.83,529.2,467.59,460.5,481.15,574.1,472.86,509.09,474.65,525.59,448.38,467.67,490.62,477.26,500.67,510.78,515.69,500.9,467.56,490.19,526.89,493.7,481.6,504.22,476.54,495.58,473.62,509.12,497.82,520.83,464.26,542.63,441.22,432.65,477.33,515.62,427.44,450.85
2016-10-17,464.31610855391955,481.53777221958734,477.4391392535577,485.43870729581073,470.81,499.53,498.07,514.24,466.01,475.76,490.75,518.67,424.8,462.32,463.15,480.02,542.88,565.46,467.23,481.25,518.35,514.16,495.61,518.72,465.19,456.61,477.99,568.44,471.06,502.39,477.54,524.33,448.38,483.93,487.07,472.93,467.77,490.48,515.69,500.9,468.9,488.53,526.89,493.7,481.6,495.96,470.8,487.68,470.36,505.06,481.55,505.27,468.9,534.92,441.22,432.65,460.66,498.12,406.89,427.84
2016-10-10,459.89861823373275,470.33942032907686,475.5804676055735,474.28612013873203,458.31,489.53,436.99,439.28,464.09,468.99,486.12,501.03,416.53,451.7,479.95,489.26,538.51,554.64,467.23,481.25,512.23,502.33,478.67,486.46,453.02,439.66,467.56,557.32,448.55,476.91,473.67,511.56,448.38,451.41,477.53,463.24,461.14,483.69,504.58,485.51,440.3,451.7,526.89,493.7,474.17,488.52,470.47,486.83,464.67,492.05,463.06,485.47,454.41,508.62,425.64,412.16,442.33,478.95,396.08,415.08
2016-10-03,450.6138389943132,457.28673671061085,462.68355440722394,458.47980329948405,444.14,468.69,436.99,439.28,448.62,467.62,482.76,500.96,413.87,443.29,468.19,473.3,520.93,532.75,467.23,481.25,496.62,485.73,465.77,473.56,435.33,418.09,459.95,550.77,443.31,471.56,458.73,490.59,432.12,459.54,465.35,450.16,446.09,473.43,481.5,464.15,436.55,448.23,526.89,493.7,452.68,462.9,447.92,463.15,445.97,471.72,458.85,482.09,457.67,512.27,424.0,405.27,445.66,479.78,401.89,421.52
2016-09-26,446.8909997999036,452.46206289849727,458.63363137266845,453.4976644729196,440.81,464.53,439.31,450.52,464.17,470.74,482.76,500.96,412.95,442.46,458.95,462.37,509.67,521.47,467.23,481.25,493.78,481.79,460.93,467.1,430.17,411.96,462.48,554.09,444.62,466.37,461.45,489.71,440.25,467.67,461.68,445.56,461.12,488.04,481.5,464.15,435.83,446.32,535.37,510.65,452.68,457.12,442.91,457.54,445.16,466.84,460.05,483.69,443.57,492.09,422.37,405.03,455.66,477.28,400.18,419.44
2016-09-19,448.51992251450395,451.4808618152798,458.88743925428275,451.28401526591324,436.64,457.03,434.6,436.88,467.97,470.27,483.86,501.36,413.32,444.05,457.26,453.97,501.32,500.25,468.06,482.08,495.03,482.15,463.35,471.94,435.06,415.52,461.59,552.56,445.37,469.44,464.93,488.43,440.25,443.28,461.7,446.12,458.4,488.89,481.5,464.15,435.59,446.73,535.37,510.65,458.46,457.12,451.16,463.67,446.79,467.66,455.41,479.75,442.44,484.64,427.28,411.67,459.0,478.12,406.88,425.78
2016-09-12,450.9727020263829,455.8072875147657,460.6040028115699,455.5187088039485,439.14,467.86,427.16,451.26,487.05,469.63,476.43,499.51,413.03,443.51,465.67,466.57,521.13,522.21,463.9,491.25,492.46,481.32,453.67,467.1,428.04,414.62,460.79,552.53,439.43,467.97,449.34,483.4,432.12,459.54,461.76,447.44,448.2,476.84,481.5,451.32,436.44,446.96,535.37,510.65,463.42,464.55,450.1,462.08,442.72,467.66,458.16,491.39,452.2,495.11,430.56,422.82,451.5,477.28,412.09,432.87
2016-09-05,442.9144697786911,452.4128215150526,449.4816385804931,450.97157339023386,434.97,461.19,447.49,462.17,470.91,473.72,473.77,490.55,413.65,443.9,429.53,434.64,499.82,511.65,463.9,491.25,495.52,487.18,468.19,475.17,424.44,417.3,462.36,554.05,451.78,479.83,463.65,498.95,448.38,467.67,465.67,452.13,438.47,466.33,481.5,469.27,436.99,447.67,535.37,510.65,453.5,460.42,450.74,461.84,450.04,476.6,454.49,482.37,427.99,482.02,430.56,422.82,452.33,478.12,412.78,434.0
2016-08-29,446.5780821292635,456.4128277215035,457.29220505038546,458.19653006322494,429.97,460.36,435.59,449.11,470.69,470.44,463.98,477.69,410.93,442.12,457.26,464.05,512.42,524.24,477.23,492.91,493.98,489.44,452.06,462.27,432.61,425.52,457.32,550.6,444.72,478.92,460.25,498.63,448.38,443.28,464.03,453.77,446.03,466.8,460.13,454.74,430.38,441.17,535.37,510.65,450.2,457.12,449.99,458.18,452.48,476.6,466.41,493.56,452.75,498.23,399.41,385.11,452.33,478.12,398.67,419.31
2016-08-22,438.4522685787645,447.30831092365315,450.51597233393204,449.75784646110407,434.97,461.19,400.3,428.29,468.31,470.65,452.33,472.3,408.78,439.81,453.9,462.37,510.47,522.3,477.23,492.91,484.4,478.03,452.06,458.23,423.31,414.46,447.04,541.73,425.26,452.93,446.29,480.57,448.38,435.15,453.03,440.56,432.59,455.95,460.13,454.74,423.87,423.65,535.37,510.65,447.72,454.64,432.73,438.72,443.53,468.47,453.12,480.73,448.57,508.87,399.41,385.11,437.33,457.28,387.43,407.44
2016-08-15,427.5405026086148,432.6906791436186,437.9757522230215,433.90403342955983,416.64,437.86,431.18,433.92,465.63,472.57,453.37,474.52,403.56,432.4,437.1,439.68,500.91,501.98,456.4,470.41,473.38,461.39,443.19,445.33,414.48,396.65,440.97,535.88,410.65,432.22,436.88,459.3,432.12,435.15,440.88,433.83,418.97,439.19,460.13,429.1,424.98,430.26,535.37,510.65,427.89,427.36,427.07,432.27,430.53,448.15,434.25,461.71,429.85,480.99,398.6,396.59,422.33,443.95,382.04,398.79
2016-08-08,427.23194631777216,429.18996516449505,434.8457899894023,427.9969755449659,417.47,434.53,408.23,412.91,466.18,474.14,462.22,489.11,408.88,436.77,436.26,431.28,499.0,491.47,456.4,470.41,465.18,455.41,452.06,456.62,409.4,389.48,442.23,539.73,412.09,447.06,426.66,449.67,423.99,435.15,437.61,433.53,435.07,449.28,443.89,429.1,433.25,438.53,535.37,510.65,420.45,410.01,428.27,432.86,428.9,444.08,420.85,450.32,424.23,465.2,398.6,396.59,423.16,445.62,394.41,410.65
2016-08-01,433.55489594942827,438.472685064487,438.8785860208822,436.9471128041217,421.64,447.86,399.91,416.63,468.05,475.81,473.8,502.11,418.15,449.64,435.42,433.8,540.81,555.86,456.4,470.41,475.64,470.68,458.51,455.81,411.89,401.94,451.04,549.81,423.33,464.58,440.33,475.68,448.38,443.28,445.77,439.49,453.72,465.32,455.0,444.49,441.68,446.58,535.37,510.65,421.27,418.27,427.07,431.08,437.03,458.71,431.05,462.22,418.14,456.52,408.43,414.62,426.5,458.12,409.12,422.73
2016-07-25,443.34494469823363,451.37740648257284,449.5884079809121,452.14391903985364,435.81,463.69,439.08,460.24,468.95,476.28,477.54,503.41,421.88,453.01,445.5,453.97,509.59,519.27,469.73,482.91,483.84,480.48,474.64,475.17,430.65,417.69,455.58,553.42,428.68,469.29,447.4,479.43,448.38,451.41,455.58,447.74,450.75,464.72,455.0,461.58,443.49,447.38,535.37,510.65,432.84,439.76,435.49,436.35,441.1,464.41,445.53,479.01,434.29,480.89,408.43,414.62,434.83,469.78,419.82,431.79
2016-07-18,447.9754947128517,455.1942823054371,455.5389250298712,456.4760670279988,437.47,461.19,451.45,475.62,468.44,475.6,488.75,515.65,424.04,454.74,454.74,456.49,509.63,506.41,483.06,496.25,488.44,483.65,475.45,473.56,434.24,425.01,459.62,555.8,427.02,478.25,443.38,486.59,448.38,451.41,459.07,451.28,453.43,469.86,455.0,461.58,461.37,455.19,535.37,510.65,435.32,443.89,437.52,440.28,445.97,470.1,444.17,483.18,436.51,482.28,438.76,429.37,438.16,468.95,423.57,434.39
2016-07-11,451.96329097542184,458.4165868778159,462.1331118674251,460.6156993709966,449.97,463.69,440.29,455.11,469.5,473.17,492.01,515.5,429.98,460.6,455.58,461.53,507.18,529.37,483.06,496.25,503.17,492.85,475.45,476.78,439.74,428.99,470.14,558.8,451.55,488.78,469.17,501.45,464.64,443.28,468.08,455.17,463.02,475.52,480.65,461.58,475.64,462.13,535.37,510.65,447.72,454.64,440.9,442.28,459.79,479.85,450.44,490.72,441.11,492.0,438.76,429.37,454.83,481.45,414.77,426.49
2016-07-04,465.6727835468317,466.3317062522529,478.74926495379236,470.3362980280804,466.64,478.69,475.56,486.29,469.2,442.06,499.38,515.45,432.63,459.74,475.75,471.62,539.17,539.85,483.06,496.25,515.61,500.17,493.19,492.91,464.05,439.97,474.44,558.56,463.95,485.13,475.0,490.39,489.03,451.41,475.09,457.99,479.56,486.04,497.74,477.82,476.08,462.68,535.37,510.65,472.51,469.51,446.66,446.46,475.24,483.92,469.84,498.16,467.34,509.15,433.84,431.83,471.5,491.45,418.22,430.24
2016-06-27,468.4883512183507,466.20480884131496,483.147022478975,470.4200390430965,468.31,475.36,465.61,459.96,467.88,478.96,499.48,515.54,431.73,458.79,485.84,474.98,550.22,540.14,483.06,496.25,516.79,498.01,504.48,492.91,469.12,442.11,473.26,558.61,449.92,483.54,460.65,488.63,472.77,451.41,477.32,460.57,469.69,476.76,497.74,477.82,483.8,462.13,535.37,510.65,479.12,473.65,442.11,441.46,473.62,485.54,474.38,497.54,475.58,503.71,433.84,431.83,471.5,490.62,418.69,429.83
2016-06-20,468.32952717438496,468.8749622913523,474.0247574665148,468.7922091410307,463.31,473.69,478.83,485.67,486.16,440.32,499.88,515.54,432.83,458.82,458.11,451.45,540.62,529.46,483.06,496.25,512.55,501.74,500.45,496.14,473.48,448.41,472.87,558.65,456.61,494.92,473.4,501.79,472.77,467.67,479.76,462.73,472.98,482.34,497.74,477.82,483.8,462.13,535.37,510.65,475.82,471.99,452.56,452.34,471.99,487.98,465.69,492.02,469.26,506.27,451.05,437.57,474.83,497.28,448.92,460.64
2016-06-13,473.7283866665784,473.4956150905309,484.41760408016216,476.4295862950855,466.64,480.36,470.57,467.57,442.15,461.79,501.17,515.03,432.27,457.4,481.63,474.14,548.17,551.0,491.4,496.25,518.04,505.36,506.9,499.36,482.52,456.87,474.05,550.96,465.31,493.14,479.41,498.79,464.64,475.8,484.69,463.99,473.93,482.61,497.74,477.82,464.62,437.34,535.37,510.65,477.47,479.43,457.94,455.33,481.75,489.61,476.18,498.78,487.9,512.5,451.05,437.57,486.5,498.95,434.84,444.88
2016-06-06,478.1372513636932,474.7447810666148,490.31956246347704,478.85688297711124,476.64,482.03,493.13,492.53,438.18,420.84,501.32,513.58,428.7,451.82,487.52,471.62,562.0,546.54,500.56,497.91,523.42,504.27,502.06,496.94,494.62,468.25,474.05,550.96,470.89,491.99,492.34,508.74,480.9,475.8,488.36,465.3,472.64,470.28,513.12,477.82,461.62,433.91,535.37,510.65,485.74,476.95,462.06,454.22,485.0,489.61,482.32,497.59,494.74,517.65,434.66,412.16,478.16,490.62,432.57,443.42
2016-05-30,475.57383906181707,470.7095998719757,485.6234366272712,473.4234242249743,474.14,480.36,479.16,467.73,433.58,446.75,495.59,511.17,416.38,440.72,483.32,469.1,560.99,547.67,500.56,492.91,521.56,498.3,491.57,480.81,491.98,467.77,470.35,541.19,466.33,483.97,488.92,497.36,449.11,435.15,482.02,456.25,475.4,470.92,513.12,477.82,457.22,441.97,535.37,510.65,487.39,479.43,454.44,443.39,480.93,484.73,479.97,491.79,493.81,520.24,434.66,412.16,461.5,473.12,440.56,450.57
2016-05-23,461.1086431945747,451.5653443044444,470.77273831598467,452.64937670006543,454.97,459.53,431.23,430.96,427.53,436.44,478.41,484.95,399.9,422.58,469.87,457.33,548.06,535.83,483.9,447.08,511.59,485.01,493.99,484.04,462.29,428.79,460.7,526.73,439.47,453.47,464.85,479.94,448.38,418.89,471.12,439.53,463.48,458.96,489.19,462.44,451.8,421.2,535.37,510.65,465.9,454.64,447.47,433.78,469.55,470.1,460.42,472.19,484.93,509.05,423.19,395.77,446.5,457.28,425.94,434.35
2016-05-16,450.88621589544744,436.8247134916374,460.98859069051656,437.5616944587834,446.64,449.53,449.16,442.44,424.51,421.14,472.24,474.91,393.41,412.52,466.51,450.61,541.51,500.24,483.9,447.08,494.07,465.07,468.99,458.23,443.26,401.07,447.4,512.63,432.52,447.89,446.52,461.91,448.38,435.15,456.47,422.34,448.43,443.24,469.53,433.38,451.18,412.58,535.37,510.65,450.2,438.11,445.72,426.74,450.85,450.58,451.05,462.48,468.93,484.76,423.19,395.77,444.83,457.28,412.31,420.43
2016-05-09,446.5543679436699,431.50303187290325,457.1867734672084,432.6839109659337,444.14,443.69,449.16,427.24,421.61,416.41,464.8,452.96,393.76,409.51,452.22,435.48,519.94,489.43,483.9,451.25,496.63,463.16,464.96,454.2,447.23,401.47,450.69,511.04,450.63,457.26,460.43,465.36,448.38,410.76,459.0,426.69,439.88,437.42,469.53,448.76,451.08,412.11,535.37,510.65,451.03,430.67,434.44,413.91,455.49,451.15,453.94,459.2,453.62,468.52,421.55,379.37,445.66,456.45,407.72,416.3
2016-05-02,448.95120361368254,430.16828704590716,460.32806148003164,431.4654250330913,454.14,450.36,453.54,434.84,408.91,401.2,465.11,451.94,387.21,402.54,458.95,440.52,543.45,506.49,483.9,451.25,500.21,461.95,449.64,438.88,450.38,396.77,448.0,506.06,436.47,440.84,459.37,463.06,448.38,394.5,457.63,419.59,444.07,432.89,484.92,448.76,443.69,399.35,535.37,510.65,455.98,437.28,425.21,404.49,457.11,447.09,458.91,462.57,474.58,485.54,421.55,379.37,444.0,437.28,407.65,415.76
2016-04-25,440.4634261532502,417.00056925375674,451.62955330203073,417.66130343136007,439.97,439.53,429.08,403.43,403.84,401.2,465.9,450.2,377.72,395.07,448.86,426.24,530.52,489.26,483.9,451.25,490.45,447.1,448.83,442.1,442.26,382.31,440.95,496.58,443.74,430.27,454.16,445.52,448.38,394.5,450.9,404.85,443.28,430.6,470.39,430.81,442.66,397.44,535.37,510.65,443.59,423.23,404.85,383.8,474.18,456.84,451.22,448.12,462.68,474.81,400.23,347.41,440.66,419.78,403.58,409.29
2016-04-18,432.20398015233854,406.85990246957255,444.3698843584064,407.14349055415664,422.47,413.69,427.18,418.15,401.67,400.77,458.14,441.81,373.27,389.41,440.46,412.79,532.67,489.27,451.4,422.08,487.07,434.47,437.54,433.23,439.26,372.57,434.25,491.85,417.85,398.03,445.65,431.02,423.99,394.5,440.62,393.63,426.08,408.74,470.39,412.86,435.43,396.98,535.37,510.65,447.72,412.49,415.04,394.14,468.9,452.78,446.34,438.33,452.78,458.5,400.23,347.41,425.66,420.62,385.08,390.98
2016-04-11,419.17542446001045,394.4329289519036,432.0062541599948,394.50490067852195,412.47,402.03,416.35,393.27,400.01,399.58,459.14,460.08,366.52,383.52,427.01,392.63,508.98,452.68,451.4,422.08,469.88,420.25,433.51,436.46,428.78,359.14,428.28,492.48,424.17,412.95,435.5,418.63,432.12,418.89,428.35,387.21,428.02,418.88,449.88,385.51,427.16,403.8,535.37,510.65,423.75,394.31,396.22,391.63,459.96,443.43,434.03,423.24,423.9,416.98,407.61,372.0,423.16,424.78,373.17,379.29
2016-04-04,418.6395842635476,404.1386148368529,431.073354809655,405.8767711072558,408.31,408.69,396.5,390.08,399.24,398.81,456.27,460.05,361.91,387.39,423.65,397.67,519.48,467.51,461.4,462.08,476.85,438.79,433.51,450.97,432.55,376.72,431.35,497.79,432.4,427.61,445.58,437.27,415.86,394.5,430.09,401.78,425.07,416.45,470.39,406.03,419.57,404.99,535.37,510.65,424.58,410.01,405.94,404.71,456.7,452.78,437.75,439.44,438.0,434.61,407.61,372.0,404.83,435.62,365.46,373.89
2016-03-21,397.7556315103349,406.9764415750522,407.45189832738936,409.8171524079155,386.64,413.69,382.47,410.05,394.43,393.4,417.87,435.09,343.83,389.2,390.88,408.59,489.91,488.44,428.06,458.75,460.73,440.04,408.51,436.46,411.11,378.92,415.99,490.27,418.0,434.49,417.95,442.14,383.34,394.5,424.63,401.65,402.36,399.23,408.67,422.3,389.81,394.6,569.26,561.5,387.39,420.75,390.97,409.89,431.91,451.15,431.43,441.84,419.55,456.35,382.98,363.94,386.5,418.12,351.62,362.91
2016-03-14,390.5807027742785,400.25740036427106,400.4498063536439,403.8717486697738,387.47,409.53,369.5,403.85,392.13,386.5,417.87,434.78,334.26,375.35,390.04,406.07,489.64,488.17,428.06,458.75,451.27,434.68,410.93,434.04,401.8,376.65,380.81,459.71,387.05,407.88,406.01,439.47,367.08,370.11,412.18,390.56,404.25,397.4,425.57,422.3,381.04,386.43,569.26,561.5,392.35,416.62,380.15,397.1,414.83,439.77,418.65,431.73,413.32,455.19,346.1,332.79,367.33,398.12,346.21,354.95
2016-03-07,376.2351292901578,381.5961863261594,385.16647986086014,384.4663049602666,371.64,387.86,369.74,383.77,389.91,384.11,417.87,426.03,327.84,361.16,376.59,386.74,457.34,462.3,403.06,432.91,429.3,414.18,391.57,414.68,378.39,352.13,380.81,459.71,368.42,388.16,389.34,416.76,367.08,378.24,395.08,372.17,403.57,399.31,395.81,422.3,375.25,371.25,569.26,561.5,366.73,387.7,353.33,367.64,397.76,425.14,394.41,409.92,385.04,440.75,346.1,332.79,360.66,387.28,343.53,345.81
2016-02-29,370.38534793731645,371.0949152215923,380.98065956261655,374.2604918288353,370.81,382.03,356.35,378.39,395.91,391.91,418.01,426.03,326.42,357.08,375.75,377.5,443.42,445.16,371.4,389.58,418.67,400.35,393.19,408.23,374.54,340.12,375.46,454.36,358.76,384.67,372.05,404.19,367.08,345.72,387.35,365.73,403.74,393.04,400.88,401.33,376.29,371.31,569.26,561.5,361.77,377.78,346.05,351.67,394.51,417.01,377.84,393.84,359.58,415.43,351.83,326.23,360.66,386.45,338.11,337.66
2016-02-22,370.6499955969769,367.69886550378226,379.19863810825336,369.32033608718814,375.81,384.53,359.08,370.71,420.12,426.33,418.17,426.54,332.99,363.33,365.67,369.1,454.03,455.78,405.56,414.58,422.03,399.48,402.87,412.27,380.38,336.15,380.37,453.49,353.76,373.16,376.36,398.16,367.08,345.72,387.84,359.67,403.64,386.85,414.01,401.33,383.62,371.15,569.26,561.5,362.6,371.17,352.46,352.19,381.5,394.24,384.6,397.82,366.26,411.04,351.83,326.23,361.5,373.95,339.23,336.41
2016-02-15,366.6011089070052,357.0406395306585,370.5411174101855,354.47741383392713,369.97,372.03,338.01,333.27,450.43,457.61,443.53,428.17,345.21,372.6,328.69,325.4,443.21,423.51,400.56,408.75,422.15,392.22,419.8,421.94,385.68,331.47,395.21,455.4,385.3,386.25,380.31,404.42,383.34,345.72,397.42,360.45,405.64,388.14,393.17,387.85,392.66,376.42,569.26,561.5,370.03,363.73,349.28,346.37,381.1,384.89,411.48,414.49,361.11,391.03,381.34,314.76,370.66,378.95,344.46,341.9
2016-02-08,390.54766416111164,370.66053968007674,402.5248520568092,370.54054562346585,382.47,380.36,362.64,365.58,506.31,549.04,448.39,428.65,355.19,381.11,386.68,365.73,463.61,452.49,408.9,393.75,445.65,400.66,428.67,430.01,403.36,337.06,410.04,455.28,405.99,378.78,412.03,401.73,391.47,353.85,412.9,364.17,406.86,390.43,415.96,411.91,402.11,379.01,569.26,561.5,395.65,371.99,353.86,350.34,423.62,420.91,434.56,417.78,383.68,409.53,381.34,314.76,399.83,389.78,344.91,340.91
2016-02-01,396.30430066259646,365.3992160300539,407.88131594508593,362.86100946996737,387.47,376.19,362.72,353.52,506.31,549.04,447.66,435.12,360.44,390.77,403.48,363.21,488.31,453.6,379.73,356.25,450.87,390.84,426.25,429.2,403.14,324.46,406.46,454.6,390.58,355.07,405.19,390.93,383.34,353.85,408.86,354.85,406.3,391.95,423.68,411.91,401.8,379.31,569.26,561.5,399.79,362.08,360.45,356.91,426.46,413.59,435.9,405.18,411.66,411.29,388.64,331.55,380.66,371.45,348.45,342.71
2016-01-25,394.64791923413907,363.1890200094899,406.3409504971383,358.86069573866035,384.97,370.36,372.97,337.15,506.31,549.04,447.8,443.12,369.92,408.3,397.6,348.09,474.38,436.45,378.9,355.41,443.13,383.7,437.54,442.1,399.82,322.47,409.17,464.76,390.12,368.21,404.41,389.65,407.73,394.5,412.66,362.94,403.28,396.04,423.68,388.99,427.05,404.31,569.26,561.5,393.17,355.46,355.63,359.47,432.56,416.44,430.12,400.86,395.78,385.84,388.64,331.55,383.16,376.45,350.11,351.38
2016-01-18,398.2287392791153,377.8113465447582,409.90860105697897,373.8668152374293,392.47,385.36,365.69,342.94,506.31,549.04,451.91,445.85,378.26,423.49,386.68,351.45,463.6,436.4,403.9,393.75,455.39,403.66,446.41,458.23,411.76,343.04,424.52,483.94,417.56,396.58,413.37,410.52,407.73,394.5,426.83,384.17,411.75,410.87,438.36,403.12,434.65,412.78,569.26,561.5,402.27,373.65,366.19,374.9,448.82,436.36,441.14,416.04,388.31,403.19,401.75,353.68,393.16,395.62,352.56,363.49
2016-01-11,413.70492071110493,398.0283919464302,426.1941179592123,394.46305958953195,413.31,407.86,451.73,414.67,506.31,549.04,473.87,468.04,387.57,436.5,402.64,368.26,495.96,479.47,403.9,393.75,473.39,423.65,450.45,461.46,422.52,360.53,435.37,498.04,421.69,404.63,429.93,425.28,407.73,435.15,440.99,404.99,422.85,427.14,452.29,423.83,434.14,421.05,569.26,561.5,417.14,391.83,384.25,398.71,467.52,452.62,463.2,441.59,418.12,437.51,401.75,353.68,401.5,409.78,360.86,377.85
2016-01-04,417.7682066196678,404.4104726806897,429.33308060974844,395.1318369177086,418.31,412.86,377.18,364.67,506.31,549.04,478.54,477.91,394.23,448.27,419.45,388.42,501.21,497.59,413.9,410.41,474.09,427.66,445.61,458.23,404.15,340.57,437.03,504.48,416.67,406.94,425.91,426.97,423.99,435.15,443.79,412.17,419.5,428.2,452.29,423.83,423.33,421.57,569.26,561.5,412.18,391.83,396.93,416.75,465.89,457.09,460.71,444.05,426.28,443.18,409.31,363.87,410.66,426.45,366.45,415.28
2015-12-14,437.2407721309294,441.22026936166134,447.4016085766375,434.4846076281616,431.64,440.36,408.1,395.58,506.31,549.04,491.75,524.55,417.25,483.0,437.1,416.99,500.74,504.09,409.73,451.25,481.01,463.74,467.38,494.27,426.75,392.38,455.61,551.96,452.77,468.49,437.84,464.94,448.38,475.8,461.04,457.85,434.27,462.04,473.34,452.18,458.17,475.85,624.69,625.4,435.02,444.65,418.23,450.24,475.58,486.61,441.87,447.32,449.98,495.08,439.64,424.53,443.16,473.12,395.5,442.31
2015-12-07,455.9292655114929,467.54765316463386,462.0896752582831,462.1199407984937,446.64,457.86,467.42,452.54,509.6,551.84,491.17,524.55,424.99,490.43,453.06,453.13,522.2,531.99,443.9,489.58,498.84,491.18,473.83,503.14,444.48,421.1,464.91,563.56,460.85,485.68,470.43,497.43,448.38,475.8,468.45,475.3,449.54,481.52,499.13,473.58,460.47,478.01,624.69,625.4,452.38,467.79,436.1,469.15,491.43,519.13,458.65,479.87,459.97,512.28,427.34,436.01,454.0,493.12,432.05,468.9
2015-11-30,461.96830858629903,478.47342540111975,467.23637357723385,474.135791663113,456.64,482.03,506.27,464.17,509.6,552.2,491.33,524.55,427.12,491.97,462.31,473.3,543.67,554.53,477.23,492.08,501.56,503.04,486.74,514.43,442.98,429.87,460.71,564.01,440.19,481.8,461.06,506.07,448.38,475.8,466.28,479.74,434.64,477.12,499.13,493.28,458.34,477.23,624.69,625.4,459.81,486.8,437.56,470.87,497.94,528.07,460.29,491.0,479.24,528.14,427.34,436.01,452.33,503.12,442.52,478.46
2015-11-23,460.36794878527826,480.0612055475728,463.3998883860666,474.8083225630353,451.64,482.03,447.34,470.79,509.6,552.81,491.71,525.0,432.13,495.67,458.95,474.98,531.86,558.8,477.23,492.08,494.22,501.21,493.19,516.85,442.13,431.79,459.46,565.73,444.68,491.35,459.6,506.28,448.38,475.8,460.4,476.32,434.31,480.23,480.81,493.28,458.46,478.22,624.69,625.4,469.73,491.76,448.3,481.42,493.47,528.48,456.57,489.87,465.79,520.95,436.36,442.56,453.16,503.95,447.84,483.15
2015-11-16,467.55620836947804,487.119972543456,472.66746929737127,483.236958170718,466.64,490.36,485.19,492.67,509.84,553.67,478.54,515.96,432.73,496.05,462.31,476.66,542.55,558.77,500.56,498.75,505.3,513.07,498.03,519.27,453.1,443.03,464.97,567.92,456.29,500.35,481.19,522.39,448.38,475.8,468.97,484.55,449.4,484.47,530.12,507.43,458.51,478.27,624.69,625.4,492.87,506.63,458.07,490.45,508.1,539.05,459.28,493.59,470.83,529.77,436.36,442.56,461.5,509.78,446.59,481.47
2015-11-09,464.9691243664598,485.8165331335064,470.7820582033746,482.85086513489335,459.97,489.53,439.54,459.96,515.32,555.85,479.79,515.96,431.61,493.89,468.19,484.22,555.5,567.43,480.56,497.91,506.74,514.55,470.61,509.59,446.77,439.74,463.43,565.66,451.61,492.96,465.3,510.82,448.38,475.8,470.49,485.59,475.08,510.2,514.41,507.43,458.46,478.63,624.69,625.4,478.0,503.33,458.81,490.17,505.66,539.86,459.85,493.42,471.67,531.45,422.43,430.27,447.33,498.12,438.79,473.1
2015-11-02,454.58386121665006,476.46202273883625,456.99394214339367,471.6289985599202,442.47,478.69,435.86,467.77,500.47,561.45,483.0,516.96,435.31,496.52,449.7,467.42,541.66,567.54,447.23,468.75,492.74,502.58,468.99,504.76,435.49,428.21,459.36,564.03,449.49,482.39,440.98,492.02,448.38,475.8,464.88,479.57,457.15,492.2,487.29,484.88,458.51,478.58,624.69,625.4,449.07,481.01,442.28,474.01,490.62,528.07,453.63,487.35,471.21,530.27,422.43,430.27,431.5,481.45,440.1,474.37
2015-10-26,452.69782180907555,474.0932995594916,454.2163987859254,469.3076906610972,430.81,463.69,435.86,467.77,504.0,570.47,496.01,527.96,444.06,500.16,442.14,460.69,509.36,540.59,443.9,460.41,489.74,500.89,468.99,494.27,436.69,427.94,463.66,568.25,448.96,484.52,443.8,493.8,448.38,475.8,469.4,480.13,481.64,514.74,466.34,484.88,466.78,484.26,624.69,625.4,439.98,478.54,442.26,470.29,483.3,522.79,445.73,481.49,449.36,510.73,442.92,452.4,434.0,483.12,446.6,476.39
2015-10-19,460.4244553826669,480.7232459017943,461.55608963396537,475.2110753308644,443.31,475.36,462.22,467.77,528.34,570.1,498.11,528.75,454.36,507.15,439.62,453.97,534.11,562.12,443.9,460.41,501.79,510.83,480.28,501.53,446.69,440.33,474.83,576.31,468.89,511.79,472.67,520.11,456.51,475.8,481.77,489.2,503.18,529.43,483.43,484.88,467.29,486.98,624.69,625.4,454.03,493.41,452.66,479.69,498.75,533.76,453.48,488.43,457.27,554.25,442.92,452.4,448.16,493.12,449.46,474.17
2015-10-12,470.1685777632367,489.95286390690876,474.9302863934467,488.09248229677746,463.31,492.03,444.84,488.98,528.34,570.1,498.91,529.43,461.35,508.39,468.19,483.38,544.74,578.12,452.23,466.25,511.81,522.8,485.93,493.47,449.54,447.15,476.09,577.48,453.16,498.16,470.97,523.61,472.77,467.67,485.12,492.12,509.84,533.14,504.36,511.85,466.78,486.02,624.69,625.4,462.29,501.68,461.44,485.3,507.69,544.33,462.61,500.41,491.22,559.75,437.18,448.3,457.33,498.12,443.95,464.34
2015-10-05,466.1854696621975,483.6313020760514,468.75737342310475,481.3361548337596,457.47,482.86,494.41,512.9,530.9,572.66,507.17,533.33,469.92,510.9,453.9,467.42,541.52,567.39,447.23,449.58,505.55,516.92,491.57,495.08,447.97,440.57,477.95,578.48,456.74,501.0,470.01,517.19,480.9,467.67,478.99,488.47,511.15,526.0,488.6,496.3,483.36,486.54,624.69,625.4,451.55,489.28,463.14,471.91,500.38,538.64,464.1,500.07,484.6,548.48,437.18,448.3,459.0,498.12,443.6,461.9
2015-09-28,472.76528675914705,484.42812438853326,475.92045930042957,482.1724304172422,470.81,487.03,459.44,499.6,530.9,572.66,516.15,533.33,482.59,514.19,466.51,470.78,553.37,569.59,452.23,458.75,509.16,517.49,505.28,502.34,450.33,439.63,480.25,579.19,447.56,495.34,463.54,505.32,480.9,459.54,483.26,491.0,509.35,524.15,500.97,496.3,491.57,486.59,624.69,625.4,463.12,490.11,471.23,475.61,507.69,538.64,465.19,500.1,475.17,544.37,456.85,463.05,470.66,503.95,452.64,463.64
2015-09-21,485.2293334358197,489.963113438303,487.5569248408013,487.3241866036591,473.31,484.53,475.9,487.75,534.43,574.0,517.75,533.43,485.57,517.37,488.36,488.42,544.71,564.15,456.4,453.75,512.57,518.62,510.93,503.14,454.14,440.54,488.52,584.14,467.24,508.2,479.6,521.58,489.03,475.8,491.06,496.53,510.69,518.99,512.78,496.3,491.62,486.59,624.69,625.4,472.21,498.37,481.67,484.38,513.38,537.83,473.14,502.71,486.3,546.65,456.85,463.05,473.16,498.95,472.5,471.52
2015-09-14,492.51576580003115,495.5384668514506,496.3736343599245,495.0196305242254,484.14,492.03,497.84,511.24,552.2,585.44,527.63,533.5,490.78,518.81,493.4,491.78,566.19,574.9,475.56,461.25,525.72,529.39,523.03,512.82,461.53,448.35,494.65,584.72,478.71,519.41,492.25,531.51,505.29,500.19,503.14,505.25,514.08,519.18,512.78,516.88,491.62,486.64,624.69,625.4,481.3,502.5,492.87,489.44,525.58,545.14,481.6,510.29,511.75,563.49,449.48,442.56,480.66,488.95,466.61,459.12
2015-09-07,493.91126834491297,490.4236648522748,497.23343986094443,489.4782381058245,489.97,493.69,476.18,494.14,557.07,590.31,528.9,533.54,500.06,523.72,500.96,497.67,569.33,584.47,477.23,423.75,524.64,525.72,527.87,520.88,447.76,432.11,492.99,579.76,447.72,482.76,479.15,510.73,505.29,475.8,499.6,495.06,516.53,523.45,512.78,516.88,491.62,486.64,624.69,625.4,482.13,493.41,500.11,480.75,538.59,558.15,475.24,501.88,507.15,558.43,449.48,442.56,481.5,479.78,471.87,459.16
2015-08-31,492.6738756402555,480.18493734904143,494.36994489051943,476.28420138598625,492.47,477.86,452.05,519.92,580.45,614.05,540.32,551.43,513.91,532.84,484.16,467.42,558.5,558.63,477.23,423.75,516.62,503.42,541.57,530.56,467.28,424.98,506.6,587.01,487.75,507.24,479.19,494.66,513.42,508.32,506.1,490.04,518.21,517.45,491.94,498.03,507.44,500.74,624.69,625.4,482.95,466.06,513.08,488.36,525.58,528.88,455.26,481.83,473.23,515.64,494.56,467.97,490.66,485.62,477.3,462.51
2015-08-24,519.5050326061497,498.76025937126667,523.0024042529775,496.4230485026005,509.97,487.86,488.75,482.32,607.11,636.81,567.44,561.11,521.02,538.97,506.84,486.74,574.54,565.03,509.73,461.25,556.99,530.7,562.54,545.08,506.12,451.27,537.39,605.9,509.93,521.35,517.55,520.14,529.68,524.58,536.28,514.99,544.58,551.06,538.17,522.36,533.41,509.37,624.69,625.4,513.53,485.97,532.04,503.15,560.54,550.02,485.04,501.59,516.57,539.19,494.56,467.97,538.16,519.78,498.66,473.73
2015-08-17,546.273397709256,511.60297958176017,550.7878126032596,506.50774267619875,531.64,496.19,527.84,488.1,616.97,649.47,587.34,561.47,529.3,550.37,550.54,501.87,606.7,577.89,528.9,466.25,573.46,538.39,581.09,559.59,523.67,458.88,549.15,614.66,516.95,522.03,539.36,533.91,545.94,524.58,553.02,526.58,556.15,565.66,559.43,522.36,549.98,526.41,624.69,625.4,542.46,496.72,553.26,522.55,582.49,555.71,518.0,519.4,535.94,568.79,530.62,489.28,562.33,530.62,528.3,498.56
2015-08-10,561.4123137251444,522.1040146468097,567.7255536500112,514.8956365154278,558.31,504.53,550.98,521.16,619.04,660.55,595.69,573.06,533.48,561.66,571.55,506.91,625.04,571.57,546.4,482.91,589.15,546.23,587.54,567.66,537.0,467.22,566.22,626.04,540.06,537.51,557.51,536.93,562.2,557.1,561.92,531.92,568.32,579.9,606.0,522.36,572.04,542.43,624.69,625.4,562.29,504.98,557.88,528.86,603.63,562.22,527.51,523.02,552.53,593.2,530.62,489.28,568.16,526.45,541.42,526.33
2015-08-03,573.7625192582049,533.1467645373182,579.4540080100489,524.5933824419049,564.14,517.03,558.66,514.96,620.38,662.13,610.54,575.43,536.03,572.42,586.68,519.52,652.95,599.48,546.4,482.91,599.79,557.83,595.61,576.53,531.33,470.88,579.75,637.2,559.44,516.12,570.74,558.17,570.33,557.1,577.01,544.26,594.04,604.94,611.23,550.53,580.36,546.3,624.69,625.4,573.86,518.2,572.72,543.45,614.2,576.85,557.97,542.8,569.02,612.68,566.33,504.08,573.16,549.78,552.26,541.05
2015-07-27,582.6851878361447,546.9153956349436,591.5243241934229,539.5356617974314,578.31,532.86,594.61,541.74,620.38,662.13,613.97,576.69,536.97,580.72,588.36,529.6,657.24,610.2,553.06,487.91,618.74,572.76,603.67,591.05,560.98,492.48,595.52,649.93,571.11,551.52,584.46,564.0,570.33,557.1,596.55,557.12,618.15,630.72,611.23,550.53,589.76,567.17,624.69,625.4,586.26,533.91,582.21,554.79,625.58,589.86,573.97,546.71,584.58,614.85,566.33,504.08,580.66,562.28,548.41,554.4
2015-07-20,592.9194613999958,558.8625836289843,600.0039149400894,549.540622410589,584.14,539.53,589.74,585.71,624.03,668.95,628.05,587.67,537.18,589.08,595.92,539.68,657.24,610.2,565.56,491.25,630.0,578.91,610.12,594.27,572.06,498.9,602.61,657.95,592.34,556.43,612.17,576.44,570.33,557.1,607.47,569.49,604.26,629.63,611.21,562.09,590.07,570.14,624.69,625.4,599.48,547.13,591.11,563.36,637.77,594.74,583.71,552.69,599.51,629.71,566.33,532.77,581.5,568.95,564.8,584.51
2015-07-13,598.7744669164209,565.6869346489341,611.7468319889747,557.9764960123179,594.14,550.36,589.74,585.71,628.9,674.92,628.35,607.59,535.92,592.63,621.97,550.61,702.19,627.28,557.23,500.41,638.94,589.04,610.93,595.88,572.49,507.34,603.92,665.22,584.98,605.89,610.34,595.54,562.2,557.1,606.07,573.9,600.19,625.25,649.53,562.09,587.29,589.56,624.69,625.4,617.67,568.62,592.56,565.14,646.72,600.43,593.62,566.29,603.51,633.65,566.33,532.77,593.16,581.45,548.91,577.33
2015-07-06,591.374017516181,575.5567048948923,603.8551691596783,567.6955262794073,584.97,567.86,592.3,538.1,627.92,674.18,628.35,617.16,534.2,598.19,609.37,569.1,691.6,653.13,544.73,519.58,634.73,605.74,605.28,599.92,553.16,512.87,603.23,667.18,584.45,582.34,584.98,589.96,594.72,589.62,603.73,579.58,623.12,642.43,628.55,582.48,587.34,589.41,624.69,625.4,601.14,580.19,567.45,561.15,633.71,616.69,583.72,575.67,592.75,624.66,581.9,537.69,585.66,594.78,550.81,602.92
2015-06-29,588.4435627146546,578.9777952535375,600.9240369732263,572.2195112279759,578.31,568.69,576.85,558.6,620.01,672.36,627.38,617.25,532.02,595.75,601.8,572.46,659.48,638.17,567.23,547.91,633.41,605.29,613.35,609.59,570.25,523.05,600.1,665.61,599.21,586.45,588.53,593.68,570.33,589.62,605.9,582.26,622.31,642.21,610.01,582.48,589.1,590.54,624.69,625.4,593.7,580.19,560.06,564.85,632.08,618.32,581.67,572.02,579.14,620.14,581.9,537.69,584.83,594.78,552.93,605.15
2015-06-22,592.366017443899,582.074996062705,606.2211269270298,575.505059302665,582.47,572.03,603.04,566.2,611.86,672.36,631.03,618.41,533.14,598.54,605.16,569.1,667.96,638.08,567.23,560.41,643.87,609.55,613.35,608.79,578.09,528.18,602.23,668.82,600.04,589.79,609.96,605.1,570.33,597.75,608.92,590.17,624.5,644.99,636.38,593.4,588.06,590.9,624.69,625.4,604.44,585.15,568.6,574.79,636.15,617.5,595.23,582.21,587.64,629.25,567.92,549.16,585.66,593.95,546.98,600.57
2015-06-15,587.7636703282495,584.0043267900046,602.7755596374401,578.0521959883587,587.47,581.19,612.14,567.85,611.61,672.11,607.44,629.25,526.81,595.91,605.16,572.46,680.98,648.95,567.23,560.41,637.61,612.5,608.51,607.18,570.5,531.54,591.66,670.34,588.42,598.03,584.22,599.99,570.33,589.62,602.1,590.92,628.48,649.57,619.66,593.4,586.0,590.9,624.69,625.4,601.14,587.63,556.94,578.61,632.08,619.13,586.81,588.69,592.42,634.67,567.92,549.16,571.5,590.62,539.65,596.25
2015-06-08,580.5857393628072,587.7746152541273,594.996391763937,583.9612975184328,574.14,580.36,575.28,591.82,610.39,670.9,607.4,632.52,523.22,593.15,595.92,574.14,647.7,631.75,568.9,562.91,632.02,619.57,603.67,605.56,569.81,543.35,590.25,672.68,581.28,602.67,583.37,603.88,570.33,589.62,598.66,597.49,624.71,644.66,619.66,597.62,586.56,591.16,624.69,625.4,585.43,587.63,559.71,585.24,612.57,604.49,578.69,595.34,588.95,626.08,558.3,557.36,571.5,603.12,531.96,589.85
2015-06-01,580.050192990582,591.464402908819,592.2006472123401,587.0060510530866,569.14,580.36,593.46,565.13,611.0,671.51,607.66,641.48,522.12,592.44,593.4,584.22,651.04,652.25,568.9,562.91,628.05,624.66,598.03,599.92,568.25,547.01,585.46,672.55,573.75,601.0,585.46,613.79,562.2,589.62,596.32,599.49,614.61,636.29,619.66,597.62,578.2,591.06,624.69,625.4,579.65,587.63,553.48,579.62,610.13,610.19,583.99,608.98,592.02,627.41,558.3,557.36,560.66,603.95,539.81,599.69
2015-05-25,581.3213476317991,594.7001829945397,593.454770479498,590.4928108811715,569.97,584.53,585.28,574.47,610.76,671.63,607.85,627.97,521.54,593.25,600.96,596.83,657.8,669.73,561.4,562.91,625.28,627.08,599.64,603.14,563.17,545.72,584.73,672.55,575.09,610.54,575.48,613.54,570.33,589.62,594.74,597.49,610.72,632.19,599.24,597.62,567.45,580.32,624.69,625.4,578.0,591.76,539.91,566.5,608.51,612.62,577.48,604.86,602.82,641.67,562.4,559.82,561.5,604.78,545.59,607.73
2015-05-18,577.1004504112698,592.4232870060899,590.6047051159843,589.116058192403,551.64,571.19,566.18,565.04,607.23,668.22,607.76,628.06,518.43,591.36,595.08,593.47,657.02,668.94,560.56,565.41,621.43,626.21,593.19,599.11,564.08,547.72,585.61,672.48,575.96,611.86,574.08,611.73,570.33,589.62,596.29,598.13,635.92,617.14,599.24,597.62,570.3,582.64,624.69,625.4,582.13,594.24,547.89,574.97,603.63,613.44,582.98,615.69,602.46,643.1,562.4,559.82,562.33,605.62,529.56,590.28
2015-05-11,578.5123408082401,594.0801313250456,592.8902472341356,591.3662116853624,564.14,580.36,588.09,604.14,605.89,671.38,608.58,628.79,515.67,589.87,595.08,590.94,648.55,658.33,560.56,560.41,625.02,627.83,586.74,590.24,570.29,551.8,588.0,671.62,584.71,606.51,585.5,618.34,570.33,589.62,596.77,597.22,585.65,598.53,612.03,597.62,569.41,582.28,624.69,625.4,587.91,595.06,548.18,575.13,606.07,614.25,582.69,609.76,608.18,647.6,556.66,551.62,565.66,611.45,527.58,591.22
2015-05-04,573.5199365443217,587.9120240176068,591.3320068847354,586.577235397618,559.97,577.03,587.26,586.78,594.81,659.45,582.9,612.03,509.4,587.65,596.76,587.58,654.82,652.81,573.06,567.91,626.74,624.71,587.54,597.5,566.76,546.22,584.64,668.48,575.74,601.27,588.29,616.53,562.2,581.49,591.78,592.24,551.97,576.4,612.03,597.62,551.7,564.3,624.69,625.4,584.61,590.11,545.9,576.0,607.69,609.37,584.7,607.93,611.66,644.8,556.66,551.62,563.16,609.78,505.16,569.84
2015-04-27,569.4260034822894,586.0019974919838,584.6502822076325,582.4710090477746,564.14,580.36,581.97,593.64,573.87,639.86,571.35,603.88,501.8,579.56,589.2,581.7,661.59,667.09,563.06,556.25,618.93,621.45,610.17,632.36,558.13,539.91,573.33,661.18,562.32,586.55,582.45,612.4,554.07,573.36,584.53,585.75,546.45,572.53,603.82,597.62,546.01,558.47,624.69,625.4,583.78,591.76,550.7,584.05,602.0,607.75,576.39,597.2,593.1,639.0,514.86,512.28,534.83,590.62,512.09,582.2
2015-04-20,556.4737476850137,574.6237671832201,570.5985706781871,570.4526629051135,552.47,571.19,556.27,551.24,568.4,635.59,555.52,603.35,490.88,570.39,577.43,574.14,650.91,658.55,553.9,547.08,602.72,607.48,590.82,634.78,544.22,529.42,557.27,649.13,535.1,563.97,557.9,592.95,529.68,557.1,570.55,572.94,536.48,574.66,603.82,581.98,537.13,556.09,624.69,625.4,567.25,576.88,539.5,575.58,589.81,595.55,548.1,569.51,596.57,642.74,514.86,512.28,519.0,578.95,501.84,574.41
2015-04-13,542.4915387694987,559.3708365146616,553.642102289074,553.3495976888793,525.81,544.53,554.76,552.55,569.12,634.01,554.87,603.35,489.33,569.16,553.06,552.29,613.53,614.74,533.9,527.08,580.81,585.17,584.36,636.39,530.67,507.78,544.07,640.76,533.83,557.93,560.33,585.02,529.68,557.1,562.31,564.43,518.86,553.46,582.8,562.32,529.84,577.06,624.69,625.4,544.11,553.74,525.52,560.08,584.93,588.23,527.2,550.98,586.14,615.01,518.96,513.1,520.66,580.62,496.53,573.0
2015-03-30,538.0946256881913,560.5975265330526,551.1659617606166,555.694030733495,533.31,551.19,545.44,573.56,570.1,650.2,555.53,603.35,484.31,567.24,543.82,543.05,637.3,636.36,533.9,542.08,585.21,587.42,579.53,652.52,530.87,511.12,545.59,644.04,531.6,551.49,555.36,588.17,513.42,557.1,565.07,571.84,519.63,561.71,558.68,562.32,529.49,581.78,624.69,642.35,550.72,566.14,511.53,560.95,570.29,588.23,545.04,571.37,578.2,607.1,524.7,530.31,516.5,579.78,483.54,562.13
2015-03-23,531.0559909233831,561.6693107190883,543.6478646175897,557.2764583633884,519.14,548.69,520.48,512.15,570.1,650.2,555.29,603.35,483.31,568.03,529.53,546.41,606.26,626.79,528.9,569.58,580.72,590.57,573.88,650.1,530.21,520.12,548.11,648.86,539.05,564.79,554.22,585.65,513.42,557.1,565.17,576.43,532.09,579.65,558.68,562.32,529.12,588.68,624.69,642.35,539.98,567.79,509.96,564.4,568.67,592.3,534.42,577.7,559.16,601.12,524.7,530.31,501.5,578.95,479.49,559.92
2015-03-16,533.5050823653686,574.2729312816244,545.6558875164981,571.2676285768132,523.31,564.53,540.07,572.32,562.8,647.77,554.75,603.75,479.61,566.68,536.26,559.01,616.13,643.06,523.06,581.25,587.09,606.28,555.33,637.2,532.02,535.2,547.03,649.33,541.01,573.77,551.45,607.13,497.16,557.1,563.06,585.46,538.88,597.58,561.2,584.18,528.97,590.04,624.69,642.35,543.29,578.54,512.3,570.44,559.73,600.43,541.16,582.61,558.19,618.21,500.3,531.13,475.66,561.45,484.94,569.39
2015-03-09,522.6068770574553,573.1285973467651,535.262011466869,571.9067970224752,515.81,572.03,529.9,567.69,557.32,645.94,532.38,603.26,471.03,563.77,526.17,564.89,602.38,648.69,513.9,579.58,578.43,605.7,541.62,628.33,518.35,533.83,536.55,643.6,524.7,573.55,538.98,599.31,489.03,557.1,552.2,586.18,527.83,587.71,561.2,584.18,515.64,584.96,624.69,642.35,533.37,579.36,499.51,563.29,545.09,598.8,539.2,581.69,556.16,633.39,500.3,531.13,460.66,545.62,470.03,556.29
2015-03-02,506.0874241705166,566.4785885188852,519.7451601897558,567.3902248626442,503.31,573.69,525.69,585.37,542.71,631.33,531.5,602.71,453.32,549.05,511.05,564.05,584.19,647.57,498.06,568.75,560.58,600.09,521.46,605.75,502.17,527.28,516.6,633.93,509.26,565.85,519.31,598.47,472.77,532.71,539.47,579.54,500.59,566.14,526.59,584.18,465.23,532.07,624.69,642.35,515.19,578.54,482.37,549.9,531.27,593.92,518.83,581.18,529.69,627.02,477.44,506.69,449.0,533.12,453.1,538.06
2015-02-23,492.98845987679323,556.0672099022644,507.2851204227251,558.1947797598001,492.47,560.36,499.33,566.28,515.32,594.2,505.64,575.93,450.19,543.12,493.4,551.45,562.72,633.6,484.73,552.91,550.5,592.58,507.75,596.88,497.34,522.97,508.71,624.2,497.44,547.03,511.88,595.4,472.77,524.58,528.71,568.3,476.69,554.88,526.59,584.18,471.01,542.4,650.11,667.77,502.79,569.44,470.99,539.61,529.64,589.86,498.59,569.21,504.85,604.1,477.44,506.69,438.16,522.28,439.84,523.65
2015-02-16,481.26643826351966,539.5601766795079,496.5480015712738,542.1674823904217,482.47,547.03,475.03,540.09,490.36,545.51,490.12,551.22,431.21,521.16,489.2,544.73,564.21,629.9,464.73,531.25,537.57,574.7,499.69,588.81,486.14,503.9,493.41,605.78,484.11,540.83,498.96,573.1,448.38,467.67,512.33,549.8,448.83,529.52,515.58,565.97,455.73,527.11,650.11,667.77,497.0,560.35,456.2,517.37,522.33,580.1,486.79,553.77,503.89,594.61,420.27,450.42,423.16,522.28,423.57,507.41
2015-02-09,463.35222291516783,518.2865539728724,476.1557285839229,518.9830794481552,467.47,527.86,480.9,534.3,450.18,510.81,460.27,526.8,416.01,507.24,474.07,523.72,544.87,611.63,452.23,517.91,512.13,547.9,491.62,579.14,462.36,477.96,468.44,582.53,442.58,492.35,474.99,544.57,448.38,467.67,482.47,520.11,438.01,519.6,487.47,541.2,442.09,519.88,650.11,667.77,463.12,525.64,445.81,498.52,490.62,552.46,464.25,532.2,493.13,580.73,420.27,450.42,439.83,522.28,413.74,498.65
2015-02-02,436.6413087803489,491.54155954367724,443.8812656082713,488.06602399775966,436.64,499.53,408.66,478.35,438.02,501.07,457.54,525.43,418.35,510.91,436.26,482.54,501.88,569.72,414.73,488.75,477.04,517.98,473.07,565.43,433.61,449.63,439.9,565.3,427.37,480.54,447.57,519.3,415.86,475.8,456.61,494.23,398.45,488.55,457.47,502.81,419.78,497.57,650.11,667.77,435.02,496.72,431.9,483.27,458.1,524.82,443.04,514.78,445.51,546.01,405.51,439.76,444.0,525.62,404.17,488.0
2015-01-26,433.7567836737908,487.0658726690268,438.02928110099043,481.3935207900453,433.31,492.03,405.03,455.71,440.69,502.54,457.15,526.44,430.81,524.78,429.53,481.7,493.22,563.2,402.23,482.08,464.8,507.64,465.82,558.97,425.88,440.0,435.29,563.07,417.24,469.7,447.72,519.27,415.86,475.8,449.5,487.51,403.0,491.06,457.47,502.81,422.05,499.63,694.0,721.65,434.19,490.93,439.52,489.14,443.47,514.25,429.16,499.68,438.89,540.29,405.51,439.76,473.16,539.78,409.24,492.02
2015-01-19,432.912809458687,487.07278513836616,438.09802825258544,482.1462926192203,430.81,488.69,414.12,501.74,456.89,512.33,464.01,537.43,449.12,542.28,420.29,469.1,489.61,555.38,413.9,490.41,461.41,505.48,467.43,559.78,425.75,439.47,440.34,571.4,422.9,481.65,429.53,505.94,448.38,475.8,458.72,497.33,422.86,502.53,441.81,487.74,426.59,504.8,694.0,721.65,435.02,490.93,440.24,493.8,443.47,515.88,426.91,497.52,428.29,520.71,428.46,472.55,494.83,566.45,405.43,486.99
2015-01-12,447.83255008597354,504.45559334356585,453.3008601875206,501.5005795895922,446.64,512.03,453.04,526.04,520.19,540.64,468.8,540.22,463.33,556.12,434.58,488.42,493.61,563.64,408.9,488.75,473.63,524.24,479.53,577.52,438.42,458.3,457.27,590.79,436.96,500.93,448.92,525.79,448.38,492.06,478.83,520.18,477.73,542.39,460.33,505.74,445.19,525.25,694.0,721.65,448.24,502.5,456.79,503.52,449.16,527.26,437.78,510.15,430.69,521.81,428.46,472.55,519.83,591.45,420.64,499.31
2015-01-05,470.00062510013385,524.2330230384149,476.02795225038903,521.7962344520898,479.14,543.69,529.65,601.32,567.51,558.14,489.45,555.74,497.24,585.54,461.47,518.68,499.93,579.63,434.73,507.91,488.37,541.98,494.85,588.01,442.83,454.47,479.82,614.92,452.55,521.05,463.48,543.99,448.38,516.45,505.82,551.19,487.26,547.95,460.33,532.8,462.34,542.61,694.0,721.65,466.43,508.29,469.72,514.75,461.35,534.58,463.65,531.86,458.38,558.44,448.37,495.6,532.33,605.62,442.09,515.23
2014-12-15,512.8414395915643,565.805262374826,517.0089139241484,562.6084711702672,499.14,563.69,529.65,601.32,609.21,638.94,570.51,638.59,553.09,637.76,487.52,545.57,545.32,625.04,490.56,552.91,541.14,589.54,544.85,642.04,502.37,517.18,530.17,659.59,515.42,581.16,507.05,588.07,529.68,573.36,552.69,587.3,554.45,609.0,507.67,574.5,516.26,594.47,710.96,730.14,519.75,564.87,528.53,567.04,500.23,567.18,499.36,566.96,469.86,560.56,516.2,555.33,559.0,631.45,491.02,555.38
2014-12-08,542.9732561254168,590.4993875390418,544.9238741682259,586.7564774556596,524.14,584.53,529.65,601.32,611.03,661.31,605.57,659.64,577.13,656.54,520.29,570.78,577.41,646.36,536.4,587.08,571.01,616.67,573.07,665.43,531.12,541.77,558.1,682.67,550.4,607.14,541.36,611.67,529.68,581.49,577.07,614.52,560.08,611.74,534.66,591.67,552.01,609.34,710.96,730.14,546.81,592.75,544.92,585.56,540.88,596.44,536.04,603.45,500.89,588.3,550.72,594.02,574.0,644.78,534.24,586.85
2014-12-01,567.5156736495027,610.8981953819674,575.0684918074793,610.1293456697819,569.97,609.53,524.12,562.56,615.45,665.72,623.07,676.8,588.96,665.76,558.95,597.67,598.92,657.11,565.56,622.91,604.19,644.43,589.2,689.62,558.95,570.43,580.16,702.44,556.24,621.38,565.92,639.8,578.46,638.4,600.14,635.61,597.77,653.52,594.29,631.13,570.6,640.75,710.96,730.14,568.3,615.07,557.63,596.56,573.4,615.96,552.55,617.87,538.15,613.06,550.72,594.02,593.16,663.95,542.85,594.7
2014-11-24,581.9650264930019,624.9493803743933,589.8862684348858,624.5604453479259,584.97,629.53,568.99,610.49,629.75,690.38,623.97,678.13,599.43,674.99,581.63,620.36,641.94,689.38,576.4,634.58,616.06,654.72,598.07,696.07,565.2,578.85,588.31,708.78,574.21,638.56,576.37,651.78,578.46,638.4,609.13,643.45,610.43,666.16,594.29,631.13,578.66,646.95,710.96,730.14,580.69,633.25,565.16,602.52,589.66,631.4,565.85,635.71,556.43,631.48,573.67,609.6,599.83,669.78,555.36,606.64
2014-11-17,589.4553041479704,636.4853562404229,599.2432967925539,638.9462620983107,599.97,644.53,584.03,654.87,629.75,690.38,631.8,689.53,609.95,681.14,587.52,631.28,652.39,699.81,586.4,632.08,632.86,672.49,601.3,700.91,577.53,597.6,604.99,718.16,579.72,641.23,596.76,669.62,586.59,630.27,619.9,651.55,612.91,667.14,610.48,646.36,578.87,646.74,710.96,730.14,584.83,644.82,572.34,607.77,597.79,645.22,589.35,650.43,564.77,648.42,573.67,609.6,604.0,669.78,552.43,602.59
2014-11-10,597.5842601669459,641.3550694986583,606.2394340641059,642.3371606950107,599.14,647.86,585.69,646.36,632.49,693.11,634.34,690.09,612.52,684.0,600.12,644.73,654.95,711.01,586.4,632.08,635.18,675.04,624.69,704.94,575.62,594.52,608.11,718.93,588.7,643.3,595.04,667.33,610.98,638.4,627.65,655.82,612.44,667.63,610.48,646.36,578.87,646.33,710.96,730.14,584.83,643.99,581.19,615.32,597.79,647.66,595.61,654.92,575.75,659.75,572.13,605.68,610.66,669.78,566.76,616.14
2014-11-03,603.1467282074924,642.658907862719,608.6467917614079,640.9899022841458,606.64,649.53,585.69,646.36,647.4,708.33,652.28,705.22,616.05,683.7,601.8,642.21,663.08,721.24,588.06,617.08,635.59,673.76,631.95,699.3,573.7,589.68,610.43,720.57,585.9,638.18,584.55,657.33,610.98,638.4,634.71,661.09,615.42,672.58,595.85,646.36,579.07,646.95,710.96,730.14,585.65,639.03,589.71,620.85,595.35,646.04,610.44,667.51,596.01,666.8,572.13,605.68,619.0,670.62,580.55,629.84
2014-10-27,606.5713927728766,643.21931557314,611.9908607682306,640.3487022940644,605.81,640.36,562.78,642.76,672.21,729.33,655.33,708.89,622.81,688.73,600.96,638.0,654.44,715.83,603.9,615.41,632.95,669.98,648.88,707.36,578.37,590.52,614.63,723.87,585.2,634.19,592.65,651.85,610.98,638.4,647.05,667.19,629.97,685.09,595.85,646.36,591.47,653.14,710.96,730.14,590.61,635.73,597.92,627.11,600.23,645.22,611.84,669.63,572.68,651.91,619.47,639.07,634.0,673.12,588.39,637.11
2014-10-20,611.3033657719379,644.3097912381976,616.797511752617,640.3640569089353,626.64,647.86,632.05,646.52,697.32,751.85,673.28,709.06,633.99,698.37,578.27,606.07,643.48,699.48,616.4,622.91,652.58,681.88,652.91,704.14,603.03,604.52,636.5,736.86,617.14,657.63,619.01,668.42,610.98,638.4,660.98,677.08,640.18,694.16,595.85,634.84,616.06,661.41,710.96,730.14,605.49,631.6,611.18,638.47,621.37,657.42,621.14,670.2,567.71,647.46,619.47,639.07,654.0,685.62,588.22,636.61
2014-10-13,645.2014435273078,667.8664656792572,656.360677065327,666.3973347911182,650.81,662.03,676.02,674.46,702.18,756.57,694.28,731.71,637.62,701.92,644.66,656.49,699.63,721.26,640.56,658.75,685.7,701.93,668.24,709.78,627.28,623.77,664.69,754.85,639.56,679.71,664.43,697.18,643.5,670.92,677.11,690.71,657.07,712.05,682.31,667.88,633.82,685.17,710.96,730.14,641.02,653.08,625.76,652.14,657.14,677.74,643.31,693.68,638.97,684.35,627.96,647.92,663.16,698.95,602.36,650.82
2014-10-06,652.3035175323969,677.2935461616387,664.053489809579,676.813147747267,659.14,676.19,623.7,649.67,702.18,756.72,695.16,733.6,640.16,704.57,658.11,674.14,721.13,742.76,639.73,657.08,696.18,714.2,674.69,712.2,629.78,632.93,664.69,754.85,635.9,679.03,658.43,701.08,671.14,703.44,681.2,696.63,664.08,717.59,682.31,686.23,633.82,685.17,710.96,730.14,657.55,678.7,632.5,658.42,658.77,683.44,656.35,705.49,650.11,695.65,627.96,647.92,663.16,704.78,607.11,656.4
2014-09-29,656.3606296405965,681.0014500849336,665.7176073703374,679.3393616312228,655.81,677.03,656.68,679.46,705.83,759.92,695.99,740.17,639.39,703.72,661.47,680.02,727.64,753.57,635.56,649.58,693.57,713.92,685.17,716.23,627.95,631.43,666.4,756.59,638.41,687.12,650.43,691.92,671.14,703.44,682.45,697.45,665.94,719.8,686.47,674.68,633.82,685.17,710.96,730.14,653.42,677.88,627.93,654.57,657.95,685.87,648.49,697.99,641.31,686.24,637.9,658.61,663.16,707.28,628.73,678.13
2014-09-22,658.8252133833942,684.3431212059266,668.5892052572508,682.9032296363314,658.31,683.69,684.61,692.72,722.58,777.11,704.14,741.59,640.52,704.52,660.63,678.34,721.15,747.07,638.06,650.41,696.84,718.78,682.75,712.2,632.95,637.1,669.67,759.69,643.31,693.57,665.7,705.47,671.14,703.44,687.27,701.51,665.99,719.56,686.47,686.77,642.09,693.23,710.96,730.14,660.03,679.53,628.93,655.59,665.27,692.38,663.27,708.6,652.15,705.95,637.9,658.61,651.5,712.28,625.87,675.68
2014-09-15,661.1754753078908,687.8733502511839,674.1997124105742,689.0566617763553,661.64,687.03,722.88,730.91,723.49,778.03,704.31,741.68,639.68,703.93,665.67,684.22,729.7,751.32,643.9,657.08,704.94,725.36,682.75,712.2,636.7,641.93,674.45,761.23,649.45,696.8,665.26,704.67,671.14,703.44,691.25,704.2,671.03,724.81,698.99,697.02,642.09,693.23,710.96,730.14,666.64,684.49,629.52,655.36,674.21,697.26,662.84,709.85,652.15,701.25,632.98,655.34,651.5,712.28,617.36,666.61
2014-09-08,661.073042670137,687.46467985822,674.0556585709401,688.2609605160162,665.81,692.86,671.55,693.96,723.19,777.73,704.4,741.43,637.98,702.27,673.23,693.47,751.05,769.45,643.9,655.41,705.68,726.19,682.75,712.2,620.7,632.52,673.46,760.35,649.55,697.7,656.89,705.91,650.0,694.5,692.91,705.24,673.53,725.75,684.41,697.02,640.02,690.75,710.96,730.14,666.64,694.41,636.42,662.1,675.03,698.88,667.91,711.24,665.11,714.54,632.98,655.34,651.5,712.28,610.73,660.04
2014-09-01,660.9148566206221,689.585080870544,674.0659095732734,690.9048728329145,641.64,673.69,702.63,731.4,723.49,778.03,704.75,741.43,635.69,699.36,673.23,694.31,731.33,761.54,642.23,659.58,702.78,723.74,682.75,712.2,636.12,641.6,672.74,760.38,637.5,688.67,651.38,700.9,650.0,694.5,694.86,706.01,674.42,723.17,684.41,697.02,634.03,690.95,710.96,730.14,655.07,691.1,633.38,658.83,669.33,695.63,664.77,718.42,655.04,704.37,635.54,660.43,652.33,713.12,616.56,666.75
2014-08-25,655.5533108997606,683.5420840815372,666.0289058417285,682.5459686660536,628.31,666.19,662.96,690.0,723.49,778.03,705.94,741.68,631.8,696.49,653.9,672.46,730.77,754.51,633.9,650.41,697.73,719.18,697.27,729.14,632.28,639.6,676.23,761.35,646.12,697.07,644.34,697.2,668.8,705.38,696.38,706.61,666.29,714.06,670.78,685.41,634.03,690.95,710.96,730.14,650.12,680.36,641.89,666.54,663.64,695.63,658.98,718.99,649.39,698.95,635.54,660.43,654.83,713.95,615.86,666.33
2014-08-18,660.00710649169,689.6720423329306,670.8065187770885,689.687154248619,623.31,667.86,673.45,703.38,723.49,778.03,713.44,741.69,631.7,696.13,660.63,687.58,726.44,763.06,638.9,651.25,703.88,725.07,701.3,734.78,635.89,644.53,681.71,763.65,647.16,704.16,651.08,705.62,668.8,705.38,702.58,709.43,668.9,716.36,670.78,685.41,646.22,690.95,710.96,730.14,646.81,686.97,645.93,670.47,664.46,698.07,661.38,720.39,648.37,706.58,651.93,664.53,661.5,720.62,622.26,668.61
2014-08-11,664.5505569641007,693.315206363965,676.0643858356044,693.1060737262346,644.14,673.69,671.14,718.67,723.49,778.03,716.93,741.69,631.75,693.47,671.55,697.67,730.73,773.78,644.73,648.75,700.49,723.66,702.91,738.01,639.17,644.31,686.68,764.43,655.64,703.65,659.65,706.02,668.8,705.38,704.79,710.42,668.9,716.79,670.78,699.37,650.15,691.16,710.96,730.14,647.64,688.62,647.52,670.42,671.77,699.7,659.9,715.41,654.9,744.93,651.93,664.53,664.0,720.62,625.56,671.92
2014-08-04,668.5213980301776,690.9185841074107,680.1136818734587,689.45901683524,657.47,677.86,664.03,697.52,723.49,778.03,723.01,742.63,638.16,699.08,676.59,695.15,740.38,772.71,660.56,655.41,696.56,716.35,706.95,734.78,635.79,638.52,693.63,764.32,660.74,696.42,656.85,702.56,668.8,705.38,707.93,710.59,670.46,717.71,686.4,699.37,652.01,688.68,710.96,730.14,660.03,694.41,655.06,677.79,679.09,698.07,672.32,711.75,654.82,716.77,665.15,658.16,672.33,721.45,628.1,677.01
2014-07-28,676.9315238775874,692.3949573849304,686.0982027376172,688.3817710545173,657.47,672.86,639.98,655.45,723.49,778.03,729.45,746.31,643.59,705.36,684.16,695.99,739.22,767.25,665.56,652.08,712.09,718.84,705.33,735.59,654.98,642.61,696.89,764.45,668.2,691.88,672.98,701.61,668.8,705.38,710.14,710.3,671.46,717.57,686.4,687.55,662.13,688.68,710.96,730.14,663.34,687.79,663.26,684.13,682.34,696.44,688.03,718.64,662.26,707.43,665.15,658.16,676.5,718.12,646.07,695.35
2014-07-21,679.9321681644876,692.3466735104623,690.5500149333642,688.781951946839,662.47,673.69,712.22,711.9,723.49,778.03,729.54,752.8,645.25,708.34,680.79,682.54,741.35,764.01,663.9,652.08,722.62,720.66,719.85,742.04,662.83,641.98,702.48,768.62,677.9,696.38,677.3,698.06,668.8,705.38,710.82,713.43,671.41,712.84,706.92,687.55,680.93,708.1,710.96,730.14,669.95,684.49,667.32,687.01,695.35,698.07,674.95,699.09,654.61,699.26,681.54,675.37,680.66,721.45,647.56,696.42
2014-07-14,686.1197401393193,696.3088293817862,697.6759204670093,692.7055921480019,662.47,674.53,712.22,711.9,719.69,774.22,729.54,753.36,646.05,710.95,692.56,686.74,764.94,761.85,678.06,667.08,728.44,726.39,710.98,742.85,658.87,640.43,707.14,774.21,677.37,701.75,689.58,715.85,668.8,705.38,714.46,722.62,680.23,723.68,722.33,712.14,678.74,711.46,710.96,730.14,688.96,689.45,671.13,692.85,709.17,709.45,684.2,708.36,685.67,708.74,681.54,675.37,690.66,724.78,644.1,697.04
2014-07-07,688.9440925175622,703.3867000719378,701.1288065926125,701.2929731763226,667.47,681.19,716.35,710.74,715.12,769.66,730.72,754.18,646.32,711.93,696.76,695.15,773.58,770.5,685.56,674.58,735.24,734.63,713.4,747.68,673.12,656.82,709.53,777.29,693.93,713.96,687.75,720.93,648.3,696.8,713.79,727.23,681.07,725.7,722.33,712.14,678.53,711.46,710.96,730.14,693.09,700.19,672.8,695.57,714.86,720.02,690.2,717.83,681.13,704.05,671.61,673.34,693.16,731.45,646.22,699.94
2014-06-30,687.364635896123,706.0553753980643,700.1812061733008,705.0448724259202,672.47,689.53,744.36,754.05,710.71,763.57,730.3,752.41,645.3,712.01,689.2,687.58,773.64,781.28,698.06,687.08,738.93,742.18,706.14,740.43,677.45,663.68,706.89,776.28,694.51,714.26,690.18,725.37,648.3,696.8,711.28,726.61,680.49,730.0,720.88,712.14,668.82,709.39,710.96,730.14,701.36,711.76,670.0,692.84,716.49,726.52,703.62,728.8,699.77,731.74,671.61,673.34,692.33,735.62,635.76,691.39
2014-06-23,684.0419095275302,703.1625466317597,697.7047847546257,702.588864679178,671.64,695.36,709.65,719.5,702.64,752.92,714.77,739.7,633.41,703.06,695.08,697.67,784.45,789.95,670.56,666.25,732.38,737.0,710.17,753.33,669.77,656.93,694.83,768.13,675.55,695.19,689.4,722.69,648.3,696.8,706.36,722.39,674.15,725.17,720.88,712.14,669.03,700.09,710.96,730.14,699.7,710.93,669.56,692.59,709.98,720.02,678.23,718.85,694.67,726.82,653.02,653.65,681.5,728.12,631.75,687.6
2014-06-16,675.1664139973843,694.5552077535491,687.459578900411,693.0090202245515,659.14,707.86,709.57,723.14,702.79,753.07,714.84,739.7,624.75,695.74,688.36,691.78,779.93,782.21,675.56,669.58,714.94,719.99,693.24,743.65,655.83,641.08,682.96,760.39,662.65,685.23,664.53,694.85,646.18,699.94,696.61,715.76,677.16,733.86,707.53,685.97,669.03,700.09,710.96,730.14,684.0,696.06,651.02,680.09,692.1,703.76,677.24,708.71,686.76,710.47,653.02,653.65,666.5,715.62,630.59,689.77
2014-06-09,667.4135874023823,690.2710630354923,680.4745848398917,688.610249054953,642.47,672.03,700.81,712.48,704.47,754.14,714.84,739.7,624.36,696.13,676.59,684.22,740.83,752.76,664.73,672.08,710.07,716.63,694.04,743.65,655.51,640.83,683.17,763.02,670.06,686.53,675.82,706.07,646.18,699.94,695.65,715.44,673.82,736.29,707.53,685.97,669.03,704.23,710.96,730.14,668.3,688.62,648.95,683.77,682.34,703.76,667.79,700.12,671.98,695.48,652.49,665.66,664.83,718.95,618.97,684.29
2014-06-02,663.4297025853435,696.986279460999,674.4665240124976,696.4763986393916,648.31,689.53,700.81,712.48,705.83,755.66,714.84,739.7,623.33,695.08,655.58,695.99,751.34,767.55,666.4,673.75,715.31,725.58,687.59,748.49,657.27,649.59,682.96,763.59,668.02,687.34,673.27,716.2,646.18,699.94,694.83,717.19,676.42,745.28,697.52,701.73,670.47,705.26,710.96,730.14,671.6,696.06,645.87,681.41,688.85,709.45,676.32,714.3,679.05,711.28,652.49,665.66,665.66,727.28,616.03,685.16
2014-05-26,662.3364994736958,698.4370849886601,672.959558686906,698.2031483451792,644.14,685.36,713.21,730.16,708.57,758.86,714.01,739.79,622.54,696.35,654.74,702.71,751.37,768.65,659.73,673.75,711.45,724.48,689.2,750.1,652.64,649.86,678.97,762.75,658.95,684.03,668.45,716.15,646.18,699.94,694.93,715.76,668.79,737.78,697.52,701.73,668.41,703.19,710.96,730.14,669.12,696.06,642.19,678.87,683.97,709.45,669.83,712.34,683.98,716.45,641.84,655.0,664.83,727.28,617.06,687.52
2014-05-19,657.7051974966498,692.2157739623643,669.5429717322471,691.2741912277487,644.97,689.53,689.57,723.96,709.18,759.46,714.01,739.79,618.75,690.68,654.74,680.02,749.15,773.93,653.06,666.25,704.74,721.44,682.75,746.88,648.83,646.1,675.88,760.3,643.15,670.38,650.76,703.58,634.97,697.37,691.22,714.04,665.9,737.55,697.52,701.73,662.0,697.82,710.96,730.14,661.69,696.06,637.91,676.08,684.78,714.33,661.24,709.74,665.61,715.73,641.84,655.0,664.83,726.45,612.55,681.59
2014-05-12,660.7272325452343,691.4016953650296,674.8792643233477,690.1213194107609,636.64,677.86,684.94,689.09,710.71,760.98,714.01,739.79,619.91,693.4,670.71,690.1,727.74,754.67,655.56,668.75,706.04,715.68,682.75,746.07,651.22,643.73,680.15,762.18,660.03,682.82,664.17,712.5,634.97,697.37,692.43,716.24,662.79,747.09,679.75,689.79,661.79,699.47,710.96,730.14,657.55,688.62,641.76,680.72,685.59,712.7,655.09,702.6,650.12,700.42,662.33,667.3,661.5,727.28,612.95,683.19
2014-05-05,661.3213578223293,694.1209545820282,675.9342305147002,694.4606895221824,646.64,684.53,728.25,740.82,710.71,760.98,714.98,740.25,619.19,692.99,658.95,679.18,732.06,754.7,662.23,675.41,714.67,725.49,684.36,756.55,659.91,652.27,686.4,766.13,665.99,690.21,675.42,717.64,634.97,697.37,694.58,719.55,672.27,742.26,702.08,689.79,661.79,710.63,710.96,730.14,666.64,691.93,643.09,683.07,699.42,719.21,668.32,707.02,667.21,708.31,662.33,667.3,659.83,702.28,604.81,674.63
2014-04-28,667.686578228396,698.6261168416514,684.9773020703453,699.7382573508045,650.81,689.53,670.48,698.01,710.71,760.83,714.22,741.1,618.09,692.76,691.72,706.07,753.41,776.05,663.06,676.25,714.93,727.13,685.98,763.81,656.24,652.82,685.38,765.95,665.01,689.41,672.6,714.07,634.97,697.37,693.41,718.81,676.12,748.67,702.08,706.71,662.21,710.84,727.91,730.14,671.6,696.88,642.89,684.09,698.6,719.21,674.71,714.72,678.44,728.52,647.58,657.46,632.33,711.45,603.16,672.4
2014-04-14,654.3072837891258,690.5580796046662,668.9307615875674,690.966790749336,639.14,687.03,657.5,686.42,710.71,760.68,700.85,741.0,606.48,688.14,666.51,686.74,748.96,765.16,662.23,675.41,700.32,720.12,677.11,755.75,647.2,647.58,671.72,763.69,658.14,691.83,657.06,706.45,638.43,703.34,683.63,715.13,669.66,737.59,688.49,691.81,654.77,709.8,727.91,730.14,654.25,687.79,629.13,677.38,681.53,710.26,665.97,706.98,663.95,705.12,639.08,657.9,625.66,706.45,597.76,669.91
2014-04-07,648.9788939617478,689.8903662067208,662.2686746372124,690.0378938724115,629.14,682.86,653.12,704.05,708.88,759.16,701.69,741.29,609.58,689.99,655.58,680.02,727.58,758.79,662.23,675.41,691.78,719.14,676.3,758.97,645.37,648.41,669.51,763.74,658.38,693.59,669.79,719.23,638.43,703.34,681.37,714.16,664.71,738.11,688.49,691.81,656.42,708.15,727.91,730.14,645.16,687.79,631.39,681.55,675.03,712.7,654.93,698.11,648.72,699.25,639.08,657.9,613.16,707.28,596.19,669.7
2014-03-31,644.8776268324725,688.9342369980029,656.0994464057461,688.3953620199918,627.62,684.75,611.55,653.14,706.45,756.72,701.76,746.38,602.07,688.62,651.38,687.58,740.43,775.93,661.4,675.41,690.87,719.76,673.07,760.59,640.45,646.35,667.0,763.61,643.56,682.99,655.73,714.94,628.38,697.04,674.48,710.36,665.6,740.26,668.33,691.81,658.9,711.46,727.91,730.14,628.63,681.18,633.17,684.66,675.03,711.89,636.98,694.77,661.98,714.97,636.62,662.82,614.0,708.12,595.88,667.58
2014-03-24,634.1601397027562,683.2616326170663,643.3529070841837,682.3012613773885,620.96,683.08,644.69,690.24,706.45,756.42,701.27,753.87,607.66,693.14,623.65,666.57,727.69,765.34,637.23,666.25,685.87,715.66,665.01,754.14,635.19,642.74,666.41,765.44,643.32,682.79,639.29,697.55,628.38,697.04,666.37,704.78,664.86,744.61,662.45,690.02,659.32,711.87,710.96,730.14,612.93,672.92,632.73,685.36,669.33,703.76,631.14,684.58,641.59,700.69,636.62,662.82,619.83,718.12,588.84,662.94
2014-03-17,635.90194318007,688.4929941910602,645.943570983724,688.8470354010169,626.79,690.58,652.63,700.49,706.45,756.27,701.27,753.59,612.94,697.63,621.97,666.57,710.68,754.76,640.56,689.58,685.69,722.67,674.69,764.62,640.45,653.22,668.0,770.25,647.77,691.43,645.02,708.7,628.38,697.04,673.15,714.09,668.58,748.28,662.45,690.02,659.52,723.44,710.96,730.14,622.02,680.36,632.86,684.98,666.9,707.01,627.2,684.94,641.73,705.36,646.46,677.29,622.33,723.95,589.75,664.55
2014-03-10,641.5238366879875,698.307368585883,651.3883070601597,698.7550006523678,626.79,698.08,669.74,722.64,699.14,749.42,699.7,753.87,614.56,700.69,627.01,677.5,717.17,771.97,656.4,716.25,691.72,732.48,673.88,763.01,646.88,664.55,671.14,773.2,650.62,693.04,651.92,722.85,628.38,697.04,676.66,720.66,668.25,748.19,681.81,704.36,659.73,728.19,710.96,730.14,635.24,691.93,639.74,693.25,672.59,717.58,633.61,701.26,640.78,717.85,646.46,677.29,624.0,723.95,598.12,675.01
2014-03-03,647.3612885166697,703.2374476188012,656.8920761607674,703.3649213222636,631.79,702.25,621.64,672.23,706.45,756.72,701.43,753.87,618.72,702.04,642.14,695.99,727.9,780.56,663.9,727.08,698.33,738.08,673.07,767.04,650.67,668.81,670.18,772.32,649.28,689.43,651.15,722.67,628.38,697.04,677.29,721.04,670.75,750.7,681.81,704.36,651.46,719.93,710.96,730.14,641.02,701.84,636.16,690.51,676.65,721.65,641.72,710.55,659.43,732.05,635.8,671.56,624.0,723.95,605.65,684.55
2014-02-24,647.4861808931881,705.5077295558135,658.5728362489214,706.957947705459,638.46,704.75,671.64,719.91,706.45,756.72,684.18,753.19,623.61,702.93,643.82,700.19,727.92,791.3,665.56,728.75,693.96,736.47,677.11,767.04,646.98,668.11,666.14,770.64,641.25,686.64,648.6,720.69,638.93,707.22,679.69,724.34,673.54,753.63,670.66,704.36,651.88,721.79,710.96,730.14,641.85,705.98,633.75,688.74,673.4,723.27,633.26,706.22,654.12,735.11,635.8,671.56,626.5,723.95,602.9,681.2
2014-02-17,646.3156133067669,703.8484316710654,655.8424501967978,704.4663776056245,634.29,701.41,653.12,697.02,718.31,774.37,684.18,753.75,622.36,703.26,644.66,695.99,722.59,779.55,656.4,719.58,689.01,735.14,671.46,765.43,643.6,666.96,659.71,769.12,629.53,687.52,651.56,718.87,638.93,707.22,677.06,725.21,655.66,733.67,670.66,704.36,651.46,721.99,710.96,730.14,636.89,703.5,636.35,692.34,666.9,728.15,630.89,702.67,653.1,726.03,627.61,672.38,624.0,723.95,606.7,684.56
2014-02-10,638.5291817315507,701.9155519203916,648.6005978085428,703.2553888131175,621.79,698.08,659.9,725.45,723.49,803.59,684.73,755.27,620.63,700.88,632.89,691.78,719.35,780.59,647.23,711.25,681.81,732.87,676.3,771.88,636.45,664.6,655.13,769.22,630.19,688.24,636.87,713.62,638.93,707.22,674.14,723.93,666.77,746.63,657.72,704.36,644.23,720.13,710.96,730.14,626.97,695.23,633.66,690.4,661.2,728.15,624.72,699.82,642.8,724.62,627.61,672.38,624.0,723.12,593.96,674.45
2014-02-03,638.193508915744,701.252027008926,647.8627629859509,702.1380986866512,620.12,696.41,643.7,701.9,723.49,803.59,684.73,755.76,621.17,700.27,632.05,690.94,719.37,781.68,648.9,710.41,681.42,732.94,676.3,771.07,635.02,664.1,653.5,769.22,627.77,683.7,627.52,704.62,638.93,707.22,676.56,726.3,660.89,740.79,657.72,704.36,635.55,714.14,710.96,730.14,625.32,694.41,623.84,678.8,661.2,728.15,625.9,710.56,643.81,734.82,622.69,669.61,624.83,725.62,598.47,679.1
2014-01-27,638.2223369255145,701.3212667186059,648.1223741911905,702.2182963223881,624.29,700.58,648.08,702.81,725.92,803.59,686.01,758.91,623.42,702.92,630.37,689.26,708.66,778.48,643.06,709.58,682.69,735.85,687.59,776.72,632.53,662.27,655.25,771.73,628.34,684.32,633.96,712.45,641.68,703.68,677.64,726.44,660.49,740.94,657.72,704.36,637.62,714.14,710.96,730.14,626.97,693.58,620.97,678.85,657.95,733.84,619.91,703.76,636.63,727.91,622.69,669.61,624.0,723.95,600.78,680.75
2014-01-20,637.7233693119846,700.0626906796808,646.2149585361421,699.7314928297948,618.46,692.25,628.83,674.62,735.05,803.59,685.39,766.03,622.32,702.39,626.17,686.74,704.34,773.09,642.23,711.25,681.31,732.48,677.91,771.07,632.37,661.43,655.25,771.73,646.23,704.4,641.19,715.04,641.68,703.68,680.08,728.45,663.91,744.67,657.72,704.36,635.55,714.14,710.96,730.14,624.5,692.75,630.17,688.48,660.39,733.03,611.66,697.96,629.17,720.69,635.8,683.55,633.16,733.12,603.44,682.75
2014-01-13,642.3537033675497,704.6070601150062,650.1872670813924,704.6802800005443,625.96,698.91,636.1,687.93,736.27,801.76,686.25,766.22,626.17,706.64,627.85,685.06,712.95,761.32,643.9,720.41,688.22,738.54,681.95,775.91,637.5,669.18,660.06,775.71,646.62,704.83,647.65,726.75,641.68,703.68,683.6,734.8,659.0,738.15,670.77,704.36,635.76,714.14,710.96,730.14,631.11,701.84,633.09,692.46,669.33,742.79,608.46,694.5,645.45,722.53,635.8,683.55,637.33,736.45,609.35,689.35
2014-01-06,647.7466821110023,712.8496204584067,657.632435346797,714.870566333525,624.29,701.41,668.83,717.1,736.27,803.59,687.11,766.16,624.31,704.17,638.78,701.03,719.62,787.32,647.23,722.08,698.15,751.15,694.04,785.59,644.0,676.35,663.11,777.13,631.76,696.24,657.17,731.92,641.68,703.68,689.04,740.51,663.12,743.56,670.77,720.03,639.07,712.28,710.96,730.14,633.59,704.32,634.91,695.48,675.03,754.17,626.68,705.66,645.64,731.76,623.51,678.63,634.83,735.62,609.38,688.25
2013-12-16,646.0872675035996,712.2537115189582,657.5342141215219,714.4183254504001,634.29,713.08,633.87,696.77,735.97,802.98,687.2,766.05,619.34,698.81,644.66,712.79,701.16,783.86,652.23,733.75,689.82,743.56,659.36,750.91,637.75,671.89,659.3,778.88,641.42,710.31,662.33,746.03,659.49,711.88,688.12,739.95,654.14,739.87,656.08,706.39,640.76,721.11,722.48,750.14,638.84,712.88,640.74,700.84,667.58,751.98,618.13,708.88,625.48,718.96,632.53,692.57,639.83,740.62,606.55,684.39
2013-12-09,652.1882911531442,719.486843843336,664.8399967853657,722.9535519272679,641.79,720.58,649.16,736.61,735.51,794.77,678.66,765.38,620.02,699.87,660.63,724.56,719.42,799.98,653.06,724.58,696.93,754.97,653.72,744.46,642.6,678.33,657.41,776.96,634.81,692.89,650.72,741.86,659.49,711.88,688.34,741.3,662.07,742.61,672.38,718.12,640.58,719.44,722.48,750.14,644.62,715.36,642.08,702.75,674.89,760.93,633.56,726.19,639.39,733.61,628.43,676.99,629.83,753.95,609.08,686.58
2013-12-02,653.9358887852171,718.4992418117791,666.596670306646,721.7317212884033,630.96,711.41,662.55,722.64,736.12,774.83,678.66,765.66,619.18,696.28,668.19,731.28,722.67,805.38,653.06,716.25,697.65,751.9,668.24,751.72,640.59,674.9,655.11,772.11,635.7,693.86,649.21,732.45,659.49,711.88,686.28,740.64,679.09,746.46,663.82,718.12,640.95,706.32,722.48,750.14,644.62,715.36,632.13,693.09,664.32,752.8,630.13,720.85,653.06,756.97,628.43,676.99,629.83,729.78,612.49,689.61
2013-11-25,650.3288151464002,710.9283714983013,662.994989797748,713.6278610781842,635.96,713.08,628.25,703.8,732.17,765.09,678.66,765.66,619.92,697.35,671.55,731.28,733.53,803.38,632.23,696.25,692.88,741.07,659.36,744.46,631.9,661.19,650.26,767.48,613.73,682.82,653.34,728.74,659.49,711.88,676.62,732.13,666.15,745.93,663.82,697.66,641.25,696.33,722.48,750.14,639.66,705.44,630.46,691.82,664.32,742.23,626.22,711.48,661.98,747.88,607.94,667.98,629.83,729.78,603.87,680.61
2013-11-18,644.4071369404082,705.6198052114846,655.8204698016951,707.8792587705041,627.62,706.41,678.08,732.31,730.49,763.72,679.18,766.09,608.19,689.07,659.79,718.68,722.77,788.33,623.9,698.75,685.25,735.11,652.91,738.81,620.69,656.5,645.38,766.75,614.01,683.13,643.15,723.6,686.82,729.34,666.47,723.08,663.48,743.01,663.82,697.66,634.47,685.16,722.48,750.14,631.4,693.87,635.93,697.49,654.57,736.54,618.01,711.53,660.19,732.4,607.94,667.98,630.66,729.78,599.55,674.88
2013-11-11,635.3519852456534,702.0182192159645,644.2569672705806,703.238980776581,614.29,695.58,629.68,704.28,730.18,763.42,680.18,767.22,611.4,692.56,636.26,703.55,702.41,778.7,622.23,702.08,675.05,734.57,669.04,757.36,614.17,658.68,644.09,768.48,635.23,697.26,629.79,718.6,686.82,729.34,665.37,721.44,681.61,762.28,646.45,697.66,634.38,686.82,722.48,750.14,623.96,691.39,636.01,699.39,644.81,738.97,603.28,696.0,637.28,733.21,626.79,680.11,629.0,729.78,598.22,673.99
2013-11-04,641.3057582054237,704.9878954366488,652.3834315136917,705.6634496367441,617.62,698.08,629.68,704.28,730.18,763.42,695.82,780.12,640.61,724.99,655.58,712.79,713.16,798.03,642.23,689.58,679.1,736.76,656.14,741.23,614.67,656.92,648.92,772.43,635.38,697.43,633.24,717.0,686.82,729.34,665.63,721.86,678.75,758.19,646.45,696.62,649.66,709.16,722.48,750.14,633.05,700.48,645.53,707.82,650.5,737.35,612.75,707.22,629.94,735.25,626.79,680.11,634.0,733.12,595.06,669.88
2013-10-28,647.3697540082076,710.3274060414407,657.1084025382423,711.3269987913202,621.79,702.25,656.51,690.49,730.49,763.72,696.66,781.66,650.24,733.48,646.34,711.95,707.68,775.38,653.06,702.91,692.19,743.96,681.14,760.59,628.39,667.04,660.95,781.37,639.12,701.12,663.62,739.42,686.82,729.34,679.17,735.28,692.63,770.7,669.88,696.62,647.8,709.94,722.48,750.14,637.19,703.79,654.06,714.2,659.45,740.6,625.11,715.42,631.8,719.13,630.89,684.21,644.83,743.95,604.23,677.08
2013-10-21,657.0081903071158,720.0190324337133,666.5351443621918,721.2693368096469,641.79,717.25,649.07,702.48,730.64,764.63,697.37,780.78,648.45,731.46,662.31,724.56,731.3,794.71,653.06,703.75,699.22,755.87,679.53,763.01,631.73,675.23,662.29,781.93,639.62,701.67,661.44,747.67,686.82,729.34,686.9,741.92,699.67,775.34,669.88,722.52,648.01,713.37,722.48,750.14,649.58,714.53,662.85,721.07,662.7,750.36,648.25,729.89,665.45,752.4,630.89,684.21,654.0,752.28,610.29,683.73
2013-10-14,657.7624565532994,721.4112484355543,668.0097583034533,722.5977384798732,650.12,726.41,655.93,720.08,729.12,767.53,695.86,781.22,661.14,741.52,663.99,728.76,734.56,814.06,632.23,695.41,698.68,754.94,688.4,746.88,627.97,671.55,662.37,782.73,641.97,706.99,657.65,742.43,695.06,727.97,688.54,743.34,702.05,777.29,669.88,722.52,647.89,701.22,722.48,750.14,652.89,720.32,668.23,725.55,657.82,747.1,628.06,719.68,655.32,751.22,634.17,690.77,659.0,753.12,610.37,683.84
2013-10-07,659.5120206560165,721.3266074223322,670.0189876550451,722.2120283166557,635.96,715.58,642.96,706.61,732.01,779.39,698.11,783.63,673.08,748.14,663.99,730.44,723.76,803.25,628.9,689.58,702.22,753.91,705.33,754.14,633.4,672.39,666.47,786.95,641.22,706.16,668.26,747.73,692.67,725.57,692.53,745.77,718.18,786.93,669.88,712.18,649.37,710.05,722.48,750.14,659.5,719.49,672.66,728.9,660.26,743.04,636.41,729.73,636.66,728.6,634.17,690.77,671.5,754.78,613.18,684.43
2013-09-30,671.7502037912086,729.689030311668,681.1999759921148,730.3143761744905,652.62,727.25,662.13,742.89,742.36,794.31,713.16,797.87,674.54,747.25,679.11,736.32,723.92,790.56,628.9,684.58,705.88,755.68,703.72,753.33,642.77,682.26,671.35,794.25,671.18,737.25,663.22,741.22,692.67,725.57,704.32,756.47,728.94,792.62,669.88,712.18,667.7,722.5,722.48,750.14,671.07,720.32,675.35,728.15,665.95,746.29,631.47,724.07,652.15,745.0,666.13,723.56,684.83,760.62,636.54,704.24
2013-09-23,685.254403546498,738.794268060032,690.0854672331119,737.8935659955557,662.62,735.58,648.91,695.37,746.92,801.92,735.32,797.02,677.82,748.07,679.95,733.8,740.05,805.62,641.4,690.41,713.12,771.34,725.49,771.88,657.23,699.81,687.51,806.17,670.98,737.04,678.96,768.7,667.1,699.88,721.06,768.97,735.64,795.22,695.6,727.66,677.59,733.88,773.33,767.09,692.56,740.15,691.87,738.02,686.27,760.11,649.17,741.06,665.76,768.52,666.13,723.56,693.16,769.78,667.87,718.74
2013-09-16,700.6095819835081,751.4614230026785,707.376861910909,751.5891114095012,671.79,739.75,716.76,762.81,746.62,802.53,759.53,797.02,688.94,755.14,696.76,753.97,750.88,834.7,673.9,709.58,737.31,785.37,719.04,760.59,676.55,711.19,702.66,809.88,693.04,717.27,708.35,790.16,667.1,699.88,739.26,772.44,743.6,798.88,695.6,746.68,700.23,744.75,773.33,767.09,700.82,745.11,705.47,749.91,709.04,774.75,665.2,757.13,686.2,783.25,695.64,713.72,704.0,764.78,675.15,725.31
2013-09-09,712.3255252885705,751.1730576147885,724.001756367576,753.2987928746073,700.12,745.58,741.64,768.76,751.19,805.72,759.61,797.95,688.96,753.87,718.61,756.49,783.9,841.95,693.9,718.75,756.52,787.79,731.14,764.62,687.92,711.1,724.14,806.48,693.43,717.67,730.87,781.09,667.1,699.88,747.66,771.64,747.9,797.66,741.03,758.74,701.51,744.86,773.33,767.09,715.7,746.76,683.67,725.58,728.55,779.62,691.52,742.19,709.32,792.05,695.64,713.72,702.33,764.78,674.17,724.38
2013-09-02,712.5388071439468,746.1211016731264,725.6404966394853,748.3518937636861,707.62,743.08,748.08,781.9,749.66,803.44,744.6,785.22,684.88,748.43,729.53,759.01,798.87,835.47,688.9,702.08,750.27,772.0,719.04,758.97,693.1,706.59,718.83,796.83,671.48,706.32,722.27,764.0,667.1,699.88,744.02,762.56,746.55,792.01,725.28,736.36,701.31,743.18,773.33,767.09,714.05,745.11,685.31,726.63,724.49,773.93,699.43,750.83,729.86,794.5,666.34,694.99,687.33,748.95,664.48,713.19
2013-08-26,699.4812005125843,732.4283518963742,713.1410732819716,734.2335072477955,685.96,726.41,704.94,733.14,743.88,802.07,737.21,779.14,686.53,750.35,713.57,738.0,774.22,807.6,688.9,702.08,739.21,762.57,731.95,768.65,681.81,693.71,707.75,790.62,673.75,708.71,712.01,764.84,667.1,699.88,733.57,754.47,731.12,781.0,725.28,736.36,696.51,724.27,747.91,758.62,704.13,733.54,676.71,716.71,713.1,760.11,669.09,732.23,692.71,757.3,666.34,694.99,681.5,744.78,653.14,701.2
2013-08-19,698.7546006342167,728.0303620850635,710.5404299159035,728.5797334934063,688.46,725.58,719.07,720.16,745.25,798.72,737.08,779.27,678.98,742.04,715.25,738.0,785.16,813.18,688.06,700.41,732.7,754.52,715.01,750.91,673.04,685.27,700.67,786.63,669.23,702.11,695.65,741.69,667.1,699.88,727.81,748.68,724.5,775.64,710.6,717.11,697.58,724.74,747.91,758.62,699.17,726.1,674.66,714.05,708.23,754.42,664.44,727.14,703.17,758.7,681.09,694.99,688.16,748.95,659.12,705.37
2013-08-12,695.1181011138357,725.7843195792335,706.0105227995352,725.9301022642675,680.12,713.08,752.71,767.19,747.08,802.07,737.08,779.27,680.62,742.89,693.4,716.15,762.41,782.93,668.9,682.91,734.42,753.55,726.3,762.2,678.72,687.02,709.85,789.25,681.57,700.68,716.11,752.83,667.1,699.88,733.41,753.1,719.46,767.35,710.6,717.11,696.31,735.84,747.91,758.62,698.34,724.45,686.66,726.69,707.41,748.73,657.4,725.73,682.78,743.13,681.09,694.99,684.0,747.28,656.01,701.55
2013-08-05,701.1493926228782,728.7708490969416,714.4450311593033,730.4297363646433,686.79,718.91,711.39,737.27,747.08,802.07,740.51,778.31,680.85,742.82,713.57,735.48,790.7,800.49,683.9,698.75,739.95,757.32,737.59,778.33,679.81,683.59,713.63,790.81,682.98,702.13,707.22,741.43,667.1,699.88,734.25,754.24,719.3,769.11,721.57,728.18,704.14,745.11,747.91,758.62,707.43,733.54,684.1,724.12,711.48,751.17,675.38,731.19,708.3,754.39,694.09,706.06,694.83,755.62,650.62,695.54
2013-07-29,699.6748553805623,727.5932019157034,712.1680918836025,728.7156706744981,689.29,718.91,711.39,737.27,745.1,802.07,737.67,779.99,683.91,746.41,705.16,728.76,772.4,789.7,683.9,698.75,751.44,767.37,722.27,758.97,667.77,676.32,717.18,793.18,686.43,716.27,716.79,750.88,667.1,699.88,735.48,755.1,718.13,770.16,721.57,728.18,694.45,731.63,756.38,767.09,706.61,731.89,685.81,725.57,721.23,755.23,689.39,736.03,704.56,751.62,694.09,706.06,694.0,755.62,649.84,693.92
2013-07-22,707.5490964752779,735.1983409832334,724.0174138197905,738.1023748698045,697.62,727.25,779.98,773.55,728.66,794.16,736.65,779.11,679.25,743.8,731.21,748.09,791.51,806.66,687.23,699.58,752.54,764.63,714.2,750.91,691.1,692.62,713.26,790.6,657.65,692.59,725.48,760.57,672.8,705.75,735.58,755.53,698.56,750.04,742.34,728.18,704.64,747.12,756.38,767.09,707.43,732.71,690.99,731.7,725.3,760.93,692.3,738.65,725.19,786.4,653.82,679.55,674.83,738.95,645.09,690.54
2013-07-15,694.3903896307814,726.4372580384897,711.4819316770679,730.6460778516029,695.96,730.58,715.36,743.22,720.45,782.44,724.21,762.72,668.07,736.38,720.29,741.36,787.25,800.26,681.4,694.58,734.38,757.37,717.43,751.72,672.03,685.93,697.98,781.64,655.73,690.57,713.92,765.15,672.8,705.75,727.91,748.48,679.63,723.44,703.81,707.03,690.72,716.72,756.38,767.09,695.86,726.1,671.5,714.37,708.23,754.42,676.04,739.87,710.4,761.2,653.82,679.55,664.0,725.62,630.33,677.46
2013-07-08,677.229794751536,712.6347611411268,693.1660291476405,717.0639617598023,671.79,714.75,684.78,723.88,713.75,772.25,724.21,762.72,655.08,721.54,698.44,730.44,768.83,796.85,654.73,682.91,710.54,736.43,698.88,736.39,662.42,675.4,681.43,768.15,661.59,685.32,685.07,736.74,672.8,705.75,710.19,731.29,653.64,709.61,703.81,707.03,678.85,710.75,756.38,767.09,679.33,717.84,645.21,690.3,687.9,738.97,653.43,709.84,687.84,751.99,655.46,671.35,663.16,724.78,621.22,669.21
2013-07-01,672.3184131548521,706.5061985180522,687.5355995894641,709.5790623179806,669.29,708.08,686.43,727.52,716.8,774.99,723.95,762.72,652.87,718.62,685.84,716.99,742.05,782.94,644.73,672.08,709.83,731.45,702.91,743.65,662.75,666.45,683.18,766.75,668.18,692.15,685.92,732.07,672.8,705.75,705.51,726.22,660.51,712.0,682.14,693.37,665.22,695.64,756.38,767.09,673.55,706.27,637.58,680.71,686.27,736.54,653.36,709.76,672.28,746.31,655.46,671.35,662.33,723.95,621.9,671.28
2013-06-24,669.8725346678883,702.4423533834934,690.8044132273425,710.6932486413527,666.79,704.75,704.61,739.5,726.23,780.76,724.06,762.83,655.78,721.82,692.56,714.47,747.42,775.44,652.23,657.08,713.55,732.46,692.43,738.01,669.27,671.39,686.32,767.48,,,670.88,716.73,672.8,705.75,703.13,725.9,674.77,718.32,682.14,710.24,672.41,699.36,756.38,767.09,674.38,705.44,628.93,669.53,690.34,738.16,658.31,703.72,657.71,716.64,666.72,672.51,662.33,724.78,636.2,686.28
2013-06-17,669.9199582176147,698.6275055562203,686.7422219981686,703.1622340926137,665.12,703.08,703.37,716.77,726.23,780.76,723.5,762.14,658.7,723.75,679.95,698.51,744.24,767.97,652.23,657.08,712.54,726.48,696.46,738.81,667.93,664.2,687.98,768.5,,,698.99,739.04,682.59,726.85,702.31,723.11,670.74,709.61,682.14,710.24,672.31,696.31,756.38,767.09,674.38,702.96,644.96,685.84,693.59,734.1,666.56,706.55,678.8,734.98,666.72,672.51,661.5,731.45,638.29,688.23
2013-06-10,672.3361878214232,700.3118357825232,692.7545203676157,707.6911227710895,669.29,708.08,691.97,700.08,726.23,780.76,724.0,762.71,660.54,725.13,691.72,711.95,755.23,765.02,658.9,681.25,717.55,728.74,705.33,742.85,674.96,668.38,689.39,770.87,,,677.69,717.25,682.59,726.85,705.86,727.0,674.06,720.24,699.06,695.82,672.21,699.16,756.38,767.09,675.2,701.31,637.83,678.04,699.28,738.16,647.55,684.64,680.02,726.36,662.55,677.51,661.5,731.45,634.6,684.9
2013-06-03,674.1273299855386,704.5684268721805,696.3079973568362,714.3901408637652,669.29,713.08,694.2,703.14,726.23,780.76,724.58,763.47,654.97,719.47,697.6,718.68,755.41,769.5,665.56,687.08,722.32,739.88,709.63,751.02,676.05,676.57,689.4,771.54,,,681.56,721.33,682.59,726.85,706.71,730.73,675.53,723.0,699.06,695.82,672.5,699.46,756.38,767.09,683.47,709.57,625.91,664.12,700.91,742.23,656.51,695.19,695.96,738.4,662.55,677.51,660.66,730.62,631.05,681.22
2013-05-27,674.4906119396683,706.3457647651637,697.8446073229752,716.4204370712243,635.46,682.58,675.11,700.66,728.48,782.04,715.25,759.2,643.63,707.28,714.41,729.6,753.38,765.32,667.23,687.91,723.22,744.66,714.51,756.71,675.29,678.91,670.09,761.03,,,696.43,742.14,682.59,726.85,703.81,728.1,682.31,725.92,713.54,715.66,672.69,699.66,764.86,784.04,676.85,707.92,637.76,677.77,700.1,745.48,656.67,705.38,694.01,740.98,635.65,660.46,659.0,730.62,624.3,674.73
2013-05-20,670.403615177589,706.1523123478403,691.1965014333408,715.662599720346,630.46,680.91,675.11,700.66,726.53,781.07,716.49,759.77,629.83,694.24,714.41,755.65,766.29,783.6,649.73,670.41,702.48,728.88,690.93,750.21,664.34,669.88,670.09,761.03,,,685.37,735.51,682.59,726.85,690.72,717.34,689.53,731.03,685.21,700.83,662.73,693.28,764.86,784.04,673.55,705.44,631.52,674.3,692.78,742.23,650.25,704.89,705.04,752.13,635.65,660.46,659.83,730.62,627.09,678.84
2013-05-13,660.7232268391878,695.9321590611229,678.6647219400352,702.6416464910671,626.29,676.75,675.11,700.66,732.01,781.07,716.49,759.72,634.05,698.42,687.52,713.63,721.15,722.35,643.9,665.41,696.89,724.6,691.75,757.53,654.39,664.53,665.47,758.69,,,675.88,725.71,707.39,760.52,684.69,709.2,697.27,738.05,685.21,700.83,672.96,693.18,764.86,784.04,659.5,695.52,635.08,680.02,680.58,736.54,639.96,701.81,677.46,743.25,633.98,652.96,659.83,730.62,628.02,678.91
2013-05-06,661.5689343528167,687.4989172717204,678.9754302716223,690.6412582897358,612.96,663.41,663.21,675.29,739.31,777.91,717.28,759.82,643.15,707.48,690.04,682.54,704.03,706.31,644.73,668.75,690.23,708.84,699.06,763.22,654.14,661.19,668.08,760.59,,,675.8,726.51,707.39,760.52,687.38,711.92,707.68,749.05,687.98,680.57,684.47,701.74,764.86,784.04,661.15,694.7,643.1,687.1,678.14,730.03,666.84,718.57,655.34,707.22,633.98,652.96,660.66,731.45,631.37,682.02
2013-04-29,667.1344187251688,695.2349510716481,680.4429495503908,697.2110961679828,617.12,665.08,730.23,754.95,726.53,774.37,717.47,759.72,647.42,711.61,684.16,687.58,723.0,716.7,645.56,667.91,694.98,712.26,705.57,770.53,660.91,662.11,666.31,762.11,,,659.69,708.24,707.39,760.52,685.77,711.6,724.7,768.25,687.98,697.02,684.27,704.79,790.28,784.04,667.76,702.96,666.83,711.26,680.58,733.28,665.45,717.07,688.4,735.62,659.81,686.29,662.33,735.62,642.99,691.68
2013-04-22,669.432507902448,698.9851891705031,684.4846954447972,702.2561420682916,613.79,662.58,666.93,686.69,723.49,773.89,738.01,779.34,652.51,716.18,691.72,709.43,708.12,700.75,663.9,697.91,695.67,714.23,719.39,788.42,662.58,665.03,674.64,775.34,,,663.12,713.15,707.39,760.52,695.44,722.77,729.88,776.63,687.98,679.43,692.64,704.58,790.28,784.04,668.59,702.13,686.05,728.98,683.84,730.84,645.88,699.68,663.15,710.58,659.81,686.29,666.5,751.45,643.66,691.92
2013-04-15,687.4476881068563,720.6621795656532,702.3631424204233,725.4655135729297,633.79,683.41,699.24,724.21,740.17,780.95,752.5,791.53,665.39,728.08,698.44,722.04,718.75,729.61,689.73,708.75,716.09,739.82,730.77,799.8,693.19,697.14,703.51,797.58,,,711.18,763.13,707.39,760.52,720.43,745.22,731.48,783.24,709.93,722.99,702.57,733.39,790.28,784.04,690.08,728.58,697.22,739.13,708.23,757.67,684.0,731.24,688.86,746.65,695.74,700.44,682.33,763.12,660.18,704.7
2013-04-08,702.6512780837438,738.9740365560579,721.6623631216247,746.2734331163341,651.29,717.58,752.79,760.82,753.19,786.92,765.92,804.43,673.62,735.46,715.25,739.68,751.11,754.46,726.4,741.25,746.08,766.41,746.22,814.44,722.62,720.3,723.2,805.96,,,737.14,776.03,684.33,758.8,735.27,760.53,734.5,788.61,757.54,747.41,710.41,745.93,790.28,784.04,708.26,741.8,701.21,741.02,744.81,779.62,682.99,733.63,708.93,771.59,695.74,700.44,688.16,772.28,663.62,720.69
2013-04-01,707.0213427153151,733.6367637685308,763.5465448375965,763.6168563615705,,,,,749.29,788.98,766.2,804.43,,,750.54,759.85,785.35,772.6,,,,,731.58,810.37,724.79,713.44,,,,,722.52,753.9,684.33,758.8,,,712.61,769.61,723.36,729.79,711.19,749.01,793.33,787.09,708.26,738.5,694.58,735.1,739.93,778.81,694.0,733.3,747.55,781.52,688.24,711.52,686.5,772.28,667.74,728.93
2013-03-25,698.8453087485948,737.0638681123509,717.7133564876277,743.3099238330839,638.43,688.93,682.22,728.18,742.85,789.71,766.2,804.61,669.83,734.63,718.61,744.73,772.58,757.69,703.9,736.25,736.4,756.65,729.96,809.56,714.09,714.61,721.39,809.35,,,708.82,749.53,684.33,758.8,743.0,770.24,716.03,778.84,702.51,744.93,699.0,748.58,784.86,787.09,694.66,738.94,685.81,735.72,722.05,781.25,685.23,735.15,716.68,755.06,688.24,711.52,690.66,774.78,660.97,731.89
2013-03-18,689.0100738859437,739.2102643804698,703.0122801798161,744.7226749721807,637.59,697.27,699.82,728.1,743.7,790.44,766.96,806.1,678.85,742.46,669.87,730.44,751.07,763.01,696.4,737.08,728.73,763.13,737.28,819.31,708.57,720.47,724.11,813.24,,,700.19,742.84,684.33,758.8,749.47,776.8,713.5,780.31,702.51,744.93,697.25,762.22,784.86,787.09,698.79,748.86,691.64,741.48,717.98,788.57,673.86,740.76,706.01,773.64,723.24,729.02,689.0,779.78,662.25,732.91
2013-03-11,697.2425368560617,740.5248869259655,710.828538070176,744.3383852186656,643.43,699.77,735.93,781.49,755.63,797.63,769.99,812.08,686.85,750.26,668.19,699.35,748.7,771.37,704.73,739.58,737.88,768.55,745.41,826.63,722.37,726.82,739.33,819.69,,,714.39,751.93,672.78,737.94,762.36,786.35,707.12,776.64,728.17,744.93,699.71,757.65,784.86,787.09,719.45,761.26,699.21,748.57,729.36,794.26,697.14,751.86,711.75,784.27,723.24,729.02,684.83,779.78,672.28,736.35
2013-03-04,709.8670898025881,750.8205057885143,725.7751200947704,755.980728723117,662.59,711.43,762.22,789.67,763.67,802.5,778.46,812.08,687.01,749.81,684.16,712.79,761.72,771.51,719.73,757.08,765.92,785.65,751.91,829.07,738.84,737.69,756.85,828.45,,,750.96,773.41,698.94,764.08,767.24,792.53,704.78,773.63,756.14,766.22,721.94,778.73,784.86,787.09,729.37,767.04,706.33,756.65,747.25,807.27,719.08,768.47,735.79,793.52,724.9,736.52,690.66,789.78,674.5,740.78
2013-02-25,712.6459966756485,754.8750619708874,735.8746122929941,764.7725477157236,690.09,739.77,737.01,758.26,766.22,802.37,762.13,803.53,687.28,753.21,705.16,729.6,787.92,790.2,728.06,764.58,783.18,799.57,738.09,822.57,743.27,745.05,757.26,828.21,,,760.3,786.5,698.94,764.08,767.81,796.62,704.57,773.24,766.61,766.23,730.72,788.43,776.38,787.09,737.63,778.61,694.7,745.91,758.63,817.02,728.72,769.88,727.64,784.73,724.9,736.52,688.16,787.28,653.82,720.64
2013-02-18,712.9009779898751,760.1370487702274,739.3825764066498,772.5275778867618,685.93,734.77,727.09,751.65,751.49,783.87,761.9,802.43,679.75,748.4,738.78,774.98,785.97,795.75,712.23,758.75,762.28,795.9,721.83,807.93,735.83,743.79,745.23,823.29,,,747.92,790.76,698.94,764.08,755.91,791.7,716.51,787.46,748.23,779.38,731.14,788.88,776.38,787.09,731.85,776.96,679.31,732.02,748.88,812.14,703.61,767.16,733.59,800.23,706.33,719.99,674.83,777.28,650.88,721.57
2013-02-11,701.9836993811073,752.0134230595191,726.2457182426141,764.2266905966627,672.59,725.6,701.97,738.84,747.23,763.42,761.81,797.44,680.76,746.31,726.17,776.66,782.53,783.74,716.4,753.75,743.7,778.48,720.2,807.12,723.7,731.5,734.08,813.75,,,749.01,775.89,698.94,764.08,741.29,784.96,728.51,799.55,730.89,757.62,734.4,780.91,776.38,787.09,713.67,765.39,668.08,721.34,739.93,802.39,700.02,755.93,714.37,784.78,706.33,719.99,675.66,777.28,644.6,717.5
2013-02-04,690.376919813638,743.2040935131665,715.2891731317529,756.0920909004042,656.76,713.1,720.98,757.43,729.46,760.62,733.11,797.3,653.06,732.32,711.05,759.01,779.5,773.2,703.9,744.58,736.58,769.6,707.19,795.74,714.17,723.48,721.9,811.52,,,732.67,773.66,698.94,764.08,729.91,782.94,716.57,788.82,730.89,744.09,721.45,777.65,776.38,787.09,706.23,762.08,657.85,713.42,729.36,791.01,687.74,754.98,723.12,784.15,678.83,716.66,676.5,777.28,626.92,699.71
2013-01-28,677.012012990183,740.0749982678997,701.7661921553815,754.0790188501512,645.09,712.27,725.77,759.17,709.61,757.82,732.61,797.25,641.13,729.31,694.24,756.49,766.57,775.28,683.9,747.08,715.28,766.9,699.06,795.74,701.21,721.55,706.02,809.88,,,693.6,753.93,698.94,764.08,719.04,780.12,706.15,782.68,711.21,744.09,710.69,779.73,776.38,787.09,696.31,758.78,643.73,706.03,709.04,789.38,671.23,744.9,701.06,775.42,678.83,716.66,676.5,778.12,618.4,694.62
2013-01-21,671.2684511246434,737.0259079952654,693.0003646252387,749.0120015044216,635.93,708.1,706.68,762.23,713.75,759.16,715.9,797.37,643.67,730.29,684.16,748.93,744.84,766.42,683.06,745.41,703.0,760.2,705.57,798.18,688.42,716.35,702.34,810.0,,,713.06,769.66,698.94,764.08,711.46,773.62,703.75,780.81,693.18,744.09,712.1,780.96,776.38,787.09,688.05,756.3,647.55,710.91,709.04,790.19,667.94,746.97,675.21,763.07,666.33,706.66,681.5,785.62,622.5,699.37
2013-01-14,677.9084297404002,742.4213752500118,700.1950996253261,754.5790711605946,646.76,716.43,687.59,749.09,704.87,754.9,715.9,797.37,635.0,723.4,696.76,760.69,765.28,780.43,684.73,747.91,712.41,768.64,686.87,784.35,687.25,714.85,699.63,807.4,,,696.76,744.42,698.94,764.08,725.5,787.8,704.4,779.34,706.82,755.3,700.26,769.74,776.38,787.09,688.87,756.3,657.67,722.03,714.73,794.26,673.98,754.27,699.71,788.35,666.33,706.66,682.33,786.45,626.2,703.18
2013-01-07,673.198679746014,740.4319259745477,690.6495944124409,749.7567200421038,639.26,705.6,682.88,747.27,696.1,752.95,716.57,798.37,634.93,727.21,688.36,759.01,758.07,766.79,667.23,739.58,693.06,756.91,688.5,788.42,671.75,710.05,685.28,804.37,,,702.39,759.06,698.94,764.08,719.03,786.8,699.12,775.83,683.23,740.9,689.69,757.96,776.38,787.09,680.61,747.21,659.2,725.19,702.53,786.94,657.4,747.8,684.72,769.73,658.39,703.27,682.33,785.62,639.82,720.85
2012-12-17,670.5214832918607,737.8537893575237,677.361050738475,736.2006960405429,635.09,716.43,672.38,731.15,693.05,751.0,715.74,807.31,647.02,745.68,655.58,715.31,734.32,758.45,660.56,734.58,672.22,739.54,686.06,786.79,658.27,705.02,681.41,811.83,,,678.92,751.66,742.09,784.09,714.1,785.39,696.52,776.65,683.23,723.99,706.61,774.71,801.81,787.09,692.55,757.51,677.04,746.5,692.82,779.14,664.0,767.01,660.95,763.86,651.73,717.94,683.16,786.45,640.78,723.93
2012-12-10,677.6515846656246,751.1877082179265,684.8798562036413,751.3244797728566,637.59,723.1,713.29,774.95,700.97,761.35,715.51,807.31,653.13,754.11,674.91,749.77,729.18,759.74,673.06,755.41,673.43,743.26,684.43,797.36,654.66,718.29,684.77,822.78,,,689.47,773.98,742.09,784.09,711.75,786.85,707.71,783.98,694.79,737.76,706.61,786.57,798.76,784.04,699.16,764.95,677.31,745.8,700.13,792.96,655.11,766.02,660.91,774.51,661.0,731.57,685.66,789.78,652.75,737.85
2012-12-03,686.9260058703061,763.7802131465864,696.4615289564422,766.5958238248409,642.59,738.1,662.46,741.81,710.71,772.92,715.51,807.31,658.46,758.43,702.64,791.78,747.3,788.58,680.56,772.91,674.28,750.6,698.25,798.99,660.81,732.06,684.77,822.78,,,703.01,792.2,742.09,784.09,718.05,794.1,720.28,791.57,694.79,758.81,706.61,786.57,798.76,784.04,714.03,778.18,684.69,752.34,713.14,809.22,657.15,768.4,677.7,800.25,661.0,731.57,689.0,793.95,652.52,733.97
2012-11-26,698.5137595896156,767.3226765501091,707.8151889653184,770.1761368893526,642.59,740.6,697.17,772.06,711.32,766.22,715.56,807.25,661.78,758.15,727.01,793.47,756.1,792.04,683.9,777.08,672.05,747.11,712.07,800.61,672.1,737.32,684.56,821.79,,,702.8,790.95,768.8,798.34,721.69,797.69,721.81,789.72,710.88,774.83,706.61,786.57,810.28,787.09,717.34,781.48,688.47,756.69,720.46,811.66,661.94,763.54,707.3,826.32,645.16,724.07,692.33,794.78,667.08,736.55
2012-11-19,694.7760632291261,765.8478897406987,701.4483171107239,768.5205609322294,641.76,738.1,689.49,792.31,713.02,757.21,716.02,808.15,667.28,756.75,711.89,795.15,758.21,789.85,683.9,776.25,669.88,742.98,705.57,798.18,669.84,730.63,681.43,821.95,,,693.69,785.43,768.8,798.34,717.63,793.77,727.16,783.98,710.88,774.83,683.06,774.93,810.28,787.09,718.99,780.66,685.04,751.38,713.95,810.03,653.8,761.55,692.67,801.54,645.16,724.07,697.33,801.45,674.6,744.81
2012-11-12,691.3552557505989,768.423421281821,695.7278027795614,770.6147063811165,645.93,743.93,691.39,803.55,734.45,772.3,717.45,812.95,681.65,767.2,697.6,795.99,721.8,795.29,678.9,766.25,663.95,747.28,715.32,798.18,659.56,732.47,680.8,825.27,,,693.24,786.44,768.8,798.34,715.05,791.59,729.35,782.84,687.5,774.83,671.0,774.71,810.28,787.09,722.3,783.96,684.96,749.83,705.01,810.85,654.81,762.73,674.29,807.23,673.5,745.74,701.5,802.28,681.07,750.24
2012-11-05,698.1902112228142,774.9191052040635,698.4860215208953,775.5943421230218,653.43,744.77,691.39,803.55,749.05,781.43,738.45,823.27,705.33,782.31,691.72,797.67,715.25,788.72,675.56,758.75,677.02,760.6,721.02,799.8,658.97,737.99,697.89,840.63,,,717.84,794.12,711.22,744.33,728.91,800.58,745.79,792.9,687.5,774.83,690.09,780.75,810.28,787.09,728.91,788.92,706.82,763.28,703.38,811.66,668.9,776.03,670.56,808.36,673.5,745.74,722.33,810.62,696.89,762.73
2012-10-29,709.0538364934762,780.8246072517039,712.0986493766372,783.0464886674538,663.43,748.1,697.42,782.23,754.9,787.52,764.11,833.12,726.96,793.33,700.12,804.39,717.32,797.22,682.23,761.25,687.39,777.75,744.59,812.81,673.6,742.34,718.71,860.07,,,738.55,799.01,711.22,744.33,755.39,813.83,746.71,794.47,711.05,774.83,708.0,786.8,827.23,778.62,730.56,791.4,718.37,759.71,716.39,819.79,689.86,784.48,666.44,817.31,732.66,763.24,729.0,811.45,698.56,760.86
2012-10-22,730.9063765368046,791.2369847310421,737.6139821701278,795.1632551942505,693.43,758.93,711.06,787.35,780.83,807.61,790.1,833.12,743.64,800.33,721.13,813.63,741.0,812.33,733.9,772.08,724.63,792.58,768.17,818.5,706.88,757.64,754.12,892.16,,,781.96,835.46,711.22,744.33,779.67,826.58,752.02,798.58,736.3,788.93,752.79,797.14,827.23,778.62,756.18,799.66,743.14,776.92,755.42,836.05,702.52,784.62,696.66,829.43,732.66,763.24,744.0,821.45,703.41,753.91
2012-10-15,749.8800348967706,794.6396898819303,758.0439648471537,797.77981134392,728.43,773.1,780.56,835.04,778.88,794.46,790.58,833.12,747.9,794.19,734.58,785.06,811.76,844.47,753.06,782.91,775.54,812.9,769.8,820.13,738.32,763.74,758.74,933.0,,,778.95,828.57,711.22,744.33,796.74,828.86,762.32,807.29,780.36,818.35,754.19,798.56,827.23,778.62,773.54,802.97,749.19,781.64,785.5,844.18,720.71,785.14,765.21,846.14,711.0,749.91,751.5,827.28,710.14,760.58
2012-10-08,753.7058908692422,794.2746313204099,766.3338013432796,798.9508703831247,727.59,763.1,797.34,816.44,780.46,795.8,793.04,834.43,753.01,797.29,777.43,827.92,793.76,821.12,733.06,762.91,757.97,804.68,768.98,803.87,719.92,751.04,750.26,848.8,,,759.62,808.19,711.22,744.33,789.6,824.48,767.2,811.71,772.19,795.7,753.0,786.68,827.23,778.62,773.54,791.4,752.72,783.76,778.18,836.05,710.62,781.33,746.71,823.5,711.0,749.91,754.0,826.45,708.15,757.74
2012-10-01,750.7389952935188,785.741759447972,757.9183223470436,785.9478085886949,729.26,759.77,782.05,805.86,713.26,743.43,795.04,835.94,748.27,790.01,751.38,787.58,815.38,826.65,735.56,763.75,756.48,801.96,782.8,817.69,704.62,736.65,743.84,849.72,,,755.75,804.58,711.22,744.33,796.54,826.13,777.75,822.7,772.19,775.39,754.19,787.88,827.23,778.62,771.06,788.92,749.3,780.26,771.68,830.36,718.48,789.97,767.84,836.39,764.11,782.86,754.0,828.12,719.17,769.8
2012-09-24,761.5163033207576,787.5913727456485,772.1305356715683,786.9948120414044,733.43,761.43,795.93,793.22,730.65,762.86,819.89,862.25,771.99,805.0,788.36,791.78,775.59,804.02,740.56,765.41,745.35,799.44,786.06,818.5,698.44,735.4,767.67,863.58,,,788.65,826.09,731.61,770.12,797.0,826.74,782.98,830.55,772.19,780.39,777.83,798.45,835.7,770.14,787.15,800.27,743.31,772.88,770.86,830.36,719.11,790.67,742.51,820.32,764.11,782.86,764.83,838.12,732.05,782.47
2012-09-17,772.2912791348965,802.4781461941812,786.5675292597327,805.7697745060987,757.59,778.1,811.06,807.76,750.08,784.33,820.12,859.51,785.69,819.29,777.43,811.95,812.18,832.04,768.06,772.91,778.06,816.05,799.06,826.63,746.01,760.73,799.34,872.01,,,812.09,841.18,731.61,770.12,823.37,848.01,788.31,836.16,806.23,803.94,800.37,810.31,835.7,770.14,797.23,802.8,754.69,784.5,811.51,851.5,748.12,802.99,759.02,835.64,776.91,787.14,766.5,837.28,721.66,770.75
2012-09-10,787.7731820417085,811.1639267923327,807.4299993652108,817.31571544245,763.43,784.77,799.65,815.62,750.08,784.33,820.12,859.51,770.32,818.08,832.05,848.09,859.76,836.68,759.73,777.91,792.58,823.55,797.44,828.26,749.94,764.08,804.56,874.26,,,782.23,822.4,731.61,770.12,833.43,851.86,787.2,835.65,825.14,817.7,794.44,810.31,835.7,770.14,798.07,807.0,751.38,781.33,815.58,851.5,741.33,801.17,813.09,857.93,776.91,787.14,749.0,822.28,722.83,772.31
2012-09-03,775.9954839050463,803.6909689114966,795.995610674975,810.267860362974,728.43,766.43,808.17,829.5,750.08,784.33,798.73,846.88,760.32,806.99,814.41,832.96,836.24,833.56,759.73,777.91,795.53,826.72,790.93,820.94,743.67,758.81,808.89,874.36,,,784.42,816.44,731.61,770.12,817.56,837.1,786.14,834.47,802.08,817.7,788.51,810.31,835.7,770.14,784.63,803.64,719.33,755.26,804.2,849.06,726.57,789.93,773.04,846.81,765.25,774.64,749.0,805.62,721.36,772.37
2012-08-27,780.6369736602223,811.6823085757351,800.6728521536536,818.7169517040005,740.93,777.27,796.43,816.44,750.08,784.33,794.22,844.11,758.94,807.27,816.09,841.36,844.09,840.33,759.73,777.91,819.16,838.3,792.56,823.38,765.59,780.57,808.43,870.94,,,805.94,839.62,731.61,770.12,817.16,836.52,780.86,834.67,802.08,817.7,777.83,810.31,793.33,761.67,782.95,802.8,754.49,787.43,805.82,850.68,730.49,794.19,804.16,864.93,765.25,774.64,748.16,803.95,710.44,763.77
2012-08-20,776.6505475753124,806.1156742107408,798.4769346329578,813.7984960136611,731.76,767.27,800.56,818.26,750.08,784.33,794.36,843.33,734.49,786.32,835.42,848.09,860.51,843.85,738.9,758.75,818.6,835.99,773.86,814.44,754.47,772.04,782.6,855.65,,,785.61,823.2,731.61,770.12,798.39,820.86,765.67,820.79,802.08,807.14,755.39,810.43,793.33,761.67,777.07,798.59,745.55,780.4,798.51,844.18,716.03,780.06,804.72,865.54,719.41,739.64,728.16,783.95,703.98,757.83
2012-08-13,745.4457935339698,787.2653629809738,762.1036379195762,794.9284416892485,701.76,751.43,782.38,817.76,718.89,754.17,787.5,829.15,708.16,759.49,776.59,828.76,823.18,826.94,718.9,748.75,783.49,814.82,747.84,794.92,725.88,751.64,759.6,840.52,,,764.8,809.2,731.61,770.12,769.4,796.87,750.66,807.89,781.87,784.62,742.21,792.5,793.33,761.67,751.01,783.47,718.98,760.09,773.3,825.48,695.42,761.78,780.69,846.39,719.41,739.64,712.33,767.28,686.13,741.17
2012-08-06,726.0995834316229,766.7188868992965,740.5185217125729,771.1050604593457,686.76,728.1,750.07,794.71,705.59,741.38,760.73,820.48,698.92,756.22,748.86,785.06,792.1,787.27,701.4,731.25,758.21,786.61,730.77,781.92,703.55,736.09,741.2,835.24,,,775.13,830.39,731.61,770.12,751.76,782.89,739.2,792.0,748.45,765.04,724.41,774.71,793.33,761.67,736.73,770.86,723.25,763.6,754.6,805.97,675.09,740.43,741.72,816.15,698.58,735.48,700.66,756.45,669.28,725.87
2012-07-30,713.9451177635962,763.7919636655333,723.2866766369333,767.9237629425263,677.59,725.6,779.24,799.91,676.45,728.09,760.96,820.28,698.39,756.0,704.32,771.62,774.22,785.51,701.4,731.25,748.54,797.0,738.9,784.35,687.67,727.89,732.68,831.79,,,763.62,819.18,731.61,770.12,746.44,781.69,724.37,785.89,748.45,765.04,719.45,775.66,750.96,787.09,737.57,770.86,708.6,748.15,750.54,805.15,663.26,728.5,731.36,815.3,698.58,735.48,701.5,756.45,675.73,734.23
2012-07-23,718.8172335037327,761.7984353669847,733.7477885702987,768.088355511752,687.59,733.1,756.84,776.11,692.3,758.77,728.07,779.21,673.18,730.32,740.46,777.5,791.31,805.82,702.23,732.08,749.26,800.61,739.71,779.48,697.87,731.07,722.15,812.31,,,726.34,772.44,731.61,770.12,745.11,777.67,719.17,780.5,748.45,765.04,713.83,768.87,750.96,787.09,737.57,770.86,692.17,728.72,748.91,801.09,654.58,718.97,755.67,833.86,657.75,683.81,689.0,743.12,669.76,728.61
2012-07-16,702.816353472221,739.397779483838,716.5389636720624,743.3303368534349,667.59,704.77,751.97,773.38,668.78,706.62,705.39,756.4,671.54,727.71,720.29,753.13,766.56,768.18,673.9,695.41,726.19,766.41,725.89,769.72,684.49,706.74,711.71,793.31,,,710.4,750.43,731.61,770.12,728.35,749.4,696.94,759.0,722.8,742.17,683.06,722.68,750.96,787.09,718.24,743.13,691.84,723.8,726.96,779.14,648.67,713.87,713.12,789.79,657.75,683.81,688.16,743.12,658.15,715.06
2012-07-09,695.7552669357817,728.4448716396935,710.2771674041254,732.4041306316685,643.43,683.93,736.84,765.2,657.53,693.83,693.93,745.15,656.75,711.02,731.21,755.65,777.42,769.35,651.4,662.08,722.4,755.34,700.69,754.27,662.83,685.0,680.31,776.58,,,685.04,728.19,731.61,770.12,716.49,737.78,696.4,756.97,722.8,721.75,684.16,704.78,750.96,787.09,707.32,728.85,684.01,713.98,721.27,771.01,659.0,709.46,712.79,780.14,638.58,672.14,689.0,743.12,645.97,702.46
2012-07-02,671.1386060763675,703.8350787014576,679.5142478599731,702.3196216288618,636.76,673.1,673.21,700.41,624.3,657.02,697.07,749.09,671.93,725.78,675.75,703.55,716.54,720.31,656.4,665.41,680.08,721.52,699.06,747.77,643.85,661.42,669.61,772.24,,,693.2,736.86,731.61,770.12,697.19,720.29,687.45,748.04,694.14,699.01,661.13,681.73,750.96,787.09,689.67,712.04,688.89,718.88,701.76,751.5,650.63,718.6,675.43,741.86,638.58,672.14,700.66,755.62,631.72,687.8
2012-06-25,672.9546926204246,706.727556420759,677.1812183726134,702.4652547212675,620.93,662.27,694.53,717.6,645.77,685.14,724.33,783.88,664.17,717.4,653.9,683.38,713.26,705.32,672.23,670.41,680.63,719.1,699.06,751.83,650.29,671.29,681.05,783.64,,,716.95,760.03,757.71,794.69,705.99,727.92,689.79,750.33,697.25,711.11,670.33,694.6,801.81,804.04,690.51,712.04,706.57,735.75,706.64,758.0,661.98,728.65,669.88,735.76,671.91,696.31,713.16,768.95,643.61,702.34
2012-06-18,687.8209216383765,722.048618684158,698.2355811955688,721.5627055047067,646.76,683.93,738.58,760.82,645.77,685.14,724.57,783.98,678.85,732.19,690.04,719.52,732.74,729.1,674.73,672.08,696.87,732.54,707.19,759.15,658.82,679.31,692.2,793.22,,,716.87,762.46,757.71,794.69,726.49,749.66,700.46,760.72,697.25,711.11,687.7,713.12,801.81,804.04,699.75,720.44,709.07,736.78,717.21,767.76,667.6,733.22,668.01,742.75,671.91,696.31,713.16,768.95,645.68,704.83
2012-06-11,697.3281762154465,728.1587600468122,706.0640165076954,726.1690108436975,661.76,702.27,721.55,724.05,645.77,685.14,749.33,800.2,692.07,744.77,687.52,714.47,734.84,731.21,692.23,690.41,706.74,739.12,717.76,764.84,677.97,688.43,716.32,812.57,,,729.23,769.19,757.71,794.69,737.1,762.45,705.59,765.76,732.73,711.11,699.15,723.4,801.81,804.04,711.52,733.05,710.29,738.06,736.72,784.02,677.03,743.88,688.85,749.86,688.19,717.86,713.16,769.78,661.63,722.64
2012-06-04,711.2693288333198,743.4389260188999,726.1188070185224,746.9624900197612,672.59,712.27,716.18,728.59,645.77,685.14,749.51,800.69,693.66,745.44,714.41,739.68,756.62,748.68,705.56,711.25,730.92,755.96,728.33,772.16,697.53,712.51,723.89,821.11,,,711.85,750.89,757.71,794.69,765.46,793.76,723.62,784.31,732.73,737.68,712.09,748.09,801.81,804.04,724.12,747.33,694.32,721.61,747.29,792.15,687.57,754.4,709.0,760.16,688.19,717.86,721.5,778.12,665.04,725.86
2012-05-28,718.2784547622338,754.331282528758,732.5049896021224,758.1683489522599,669.26,710.6,733.87,760.08,665.71,697.92,749.27,799.99,708.61,761.75,734.58,773.3,772.78,768.07,706.4,713.75,738.48,766.62,720.2,759.96,694.36,712.26,723.94,825.11,,,713.69,756.82,744.65,799.14,762.84,794.57,734.88,795.25,732.73,738.47,711.07,745.85,801.81,804.04,726.65,752.38,705.05,732.64,746.47,797.84,683.75,755.25,703.92,751.93,701.16,735.79,729.0,784.78,675.28,739.01
2012-05-21,717.0394958764883,758.6823595286631,728.5668496897902,762.4404556994809,673.43,723.1,733.87,760.08,665.71,697.92,752.62,801.62,716.15,768.65,716.09,759.85,761.84,763.59,708.06,722.91,736.35,779.21,732.4,779.48,699.54,724.8,730.46,831.41,,,714.78,756.78,744.65,799.14,764.77,799.11,740.61,800.91,732.73,748.5,711.28,769.56,801.81,804.04,729.17,760.78,707.76,735.38,745.66,804.34,687.44,759.32,694.59,759.5,701.16,735.79,736.5,793.95,683.49,745.16
2012-05-14,728.1308605975075,765.7603844736772,735.1926353538026,765.7231937223631,685.09,730.6,790.31,799.67,665.71,697.92,789.87,817.79,719.93,770.56,712.73,745.57,758.48,772.07,709.73,725.41,742.68,783.49,737.28,777.85,709.82,732.99,746.73,840.39,,,741.96,779.78,744.65,799.14,772.48,807.31,755.47,811.74,745.7,748.5,735.08,769.89,801.81,804.04,739.25,761.62,715.13,742.11,757.86,812.47,693.73,760.17,694.73,760.5,745.33,749.96,744.83,801.45,716.11,781.03
2012-05-07,749.6103627779623,786.1099623055611,759.7403098234817,787.5686380574681,702.59,745.6,748.17,771.98,704.57,724.0,805.27,831.21,737.33,785.95,747.18,789.26,771.05,791.09,725.56,736.25,761.27,803.49,748.66,787.61,734.44,752.16,773.06,847.27,,,783.08,810.66,744.65,799.14,809.04,830.33,764.27,816.14,764.01,776.09,744.7,779.4,801.81,804.04,750.17,775.91,736.53,764.04,770.05,821.41,699.18,766.14,706.36,777.29,745.33,749.96,754.0,810.62,729.49,794.16
2012-04-30,760.4362202290451,782.2172889310636,773.3014726430434,781.2775137517812,718.43,744.77,804.28,774.13,715.82,724.0,814.14,831.84,747.24,793.42,751.38,753.97,786.95,804.83,738.06,738.75,782.16,804.64,764.1,798.99,748.87,753.14,798.8,853.02,,,807.5,822.47,744.65,799.14,826.31,834.35,766.68,816.49,764.01,780.3,778.8,779.51,810.28,795.57,762.78,776.75,742.34,770.16,787.94,822.23,690.1,751.56,714.69,785.56,785.33,755.79,761.5,818.12,732.55,794.55
2012-04-23,772.8394332984014,791.7347256131518,790.1371781949023,794.8594471100705,741.76,756.43,804.28,774.13,731.67,724.0,825.27,834.49,746.88,791.21,784.16,806.91,811.59,806.89,762.23,750.41,795.63,805.36,776.3,812.0,767.68,755.73,821.93,861.09,,,785.74,788.25,693.15,776.04,827.88,837.23,766.94,816.68,786.59,780.3,790.97,791.69,810.28,795.57,777.07,779.27,737.7,764.22,809.89,823.04,664.01,741.08,746.35,781.56,785.33,755.79,761.5,818.95,736.98,800.28
2012-04-16,781.8743291887328,799.0292704830418,802.0328003393461,803.7876855945748,746.25,764.29,823.62,801.48,742.92,736.78,833.32,846.09,748.62,799.04,801.8,825.4,838.56,806.97,783.06,769.58,816.99,807.88,781.99,820.13,780.81,761.34,829.68,867.56,,,774.91,787.7,693.15,776.04,829.9,840.77,766.3,816.52,815.8,780.3,802.92,803.65,810.28,795.57,791.35,787.67,741.45,769.41,822.9,830.36,680.89,766.23,762.65,788.77,778.66,767.46,742.33,827.28,735.71,795.13
2012-04-02,769.5033291891583,798.2248455071222,787.1940921935056,802.2680652007682,735.41,767.63,793.54,777.6,742.92,750.08,815.19,849.1,737.7,807.33,776.59,801.87,846.96,815.38,776.4,800.41,816.34,822.28,770.61,823.38,770.94,766.94,805.29,869.04,,,772.41,798.81,693.15,776.04,818.68,843.32,756.02,814.89,815.8,794.59,777.13,812.93,810.28,795.57,786.31,789.35,742.96,778.05,809.08,836.05,679.45,764.61,782.95,813.84,749.5,773.29,741.5,826.45,716.49,783.55
2012-03-26,756.0747521530352,802.3389950088557,774.2404293076123,809.7379942909498,717.08,768.46,748.99,781.48,727.58,758.77,796.65,849.31,739.31,815.37,764.83,823.72,818.49,811.64,764.73,796.25,803.23,822.37,760.04,834.76,767.6,777.89,795.02,869.67,,,768.29,811.09,662.85,759.13,807.5,841.28,747.94,810.39,806.49,794.59,758.18,810.66,759.43,770.14,764.46,793.55,735.95,779.23,800.95,841.74,681.97,767.88,763.24,802.67,749.5,773.29,739.0,824.78,697.83,768.46
2012-03-19,752.4422400045864,803.5233526856559,771.2541861647599,810.7852809515514,711.25,765.13,790.48,813.47,727.58,758.77,794.09,847.51,731.8,816.62,764.83,817.84,818.49,823.47,757.23,792.91,802.15,831.54,758.41,839.64,763.0,779.9,781.28,859.75,,,762.59,808.62,662.85,759.13,798.52,837.01,739.58,809.21,786.14,794.59,746.41,810.66,759.43,770.14,766.14,794.39,712.56,778.81,792.82,842.55,679.11,766.1,758.59,807.25,724.5,754.96,724.83,813.95,698.26,770.73
2012-03-12,738.901598997849,794.1755777996766,757.3177601668308,801.5287043672952,701.25,761.79,744.69,771.4,704.57,739.34,778.39,832.1,719.41,808.5,757.26,818.68,815.35,824.64,739.73,776.25,780.23,824.39,734.02,829.07,742.93,762.67,761.42,848.71,,,733.6,779.65,662.85,759.13,786.41,830.55,718.54,807.89,768.2,782.1,728.98,799.12,759.43,770.14,751.86,783.47,720.74,781.72,771.68,828.73,682.78,770.83,745.03,805.94,724.5,754.96,706.5,813.95,678.83,750.77
2012-03-05,729.7534175796061,788.7044699917401,747.2468030575069,795.9356682622,683.75,750.13,757.75,809.25,681.05,713.26,765.15,815.4,708.1,799.64,760.63,818.68,799.29,804.27,727.23,780.41,768.3,802.3,725.08,822.57,732.68,757.3,758.42,848.13,,,725.24,795.99,610.0,711.89,759.62,825.13,715.66,806.68,749.84,782.1,727.52,798.7,759.43,770.14,735.05,779.27,712.47,778.71,762.73,825.48,681.08,768.99,721.19,774.59,703.66,748.29,706.5,813.12,676.56,750.53
2012-02-27,720.176697786273,787.6587934026942,738.5730948422068,796.8072625375428,671.25,747.63,776.26,820.41,696.9,726.05,764.43,814.19,698.5,791.15,740.46,806.91,815.22,834.19,723.06,781.25,768.15,813.35,718.58,826.63,733.15,765.18,749.42,843.89,,,724.86,795.34,610.0,711.89,755.07,822.46,713.74,805.82,749.84,775.15,726.79,797.9,734.01,761.67,728.33,779.27,698.58,768.92,758.67,824.67,678.56,766.49,721.58,793.13,703.66,748.29,700.66,811.45,657.51,733.53
2012-02-20,713.8978387575237,783.6264500127036,731.8573570276687,791.9465833766624,667.08,748.46,743.7,815.04,696.9,726.05,749.23,812.07,693.95,787.8,748.02,814.47,799.31,823.66,708.9,773.75,753.7,809.52,712.89,825.82,708.82,749.71,731.74,835.06,,,724.82,802.43,610.0,711.89,744.14,813.49,707.56,801.88,734.45,775.15,715.57,784.37,734.01,761.67,722.44,776.75,692.94,768.51,745.66,818.98,657.71,752.77,714.33,795.14,682.0,720.79,684.83,793.12,654.3,733.42
2012-02-13,697.3265875973874,770.4270121960556,711.3504311481398,776.7446238955365,648.75,732.63,731.06,780.24,660.09,711.22,743.44,805.88,687.99,782.79,708.53,782.54,770.36,797.94,698.06,755.41,734.8,794.04,707.19,820.94,707.48,746.12,720.67,828.71,,,713.19,788.29,610.0,711.89,730.96,804.44,697.94,796.27,718.1,775.15,702.05,777.83,734.01,761.67,705.64,763.3,688.14,764.22,731.84,810.85,658.73,753.93,687.19,772.55,682.0,720.79,671.5,783.12,649.27,728.03
2012-02-06,686.2074364160994,755.3658681495742,694.3305601006584,755.8352767822796,638.75,720.13,716.35,755.45,660.09,711.22,742.99,805.61,691.49,786.73,674.91,740.52,754.08,779.51,698.06,759.58,722.46,773.27,695.0,814.44,695.19,727.72,716.82,828.31,,,714.36,797.36,610.0,711.89,722.91,797.33,695.91,793.63,718.1,742.67,692.18,773.77,734.01,761.67,692.19,752.38,689.65,769.48,716.39,792.96,659.3,752.2,678.67,759.56,677.0,739.12,672.33,783.95,651.21,731.58
2012-01-30,682.4063711613454,754.1388062891752,692.183350536193,756.2520985742875,634.58,720.13,708.83,749.67,660.09,711.22,721.47,805.58,685.83,780.9,680.79,742.21,748.71,773.06,680.56,778.75,716.26,770.15,681.18,807.93,685.83,728.23,712.83,829.96,,,719.57,804.99,632.37,720.18,715.32,799.51,691.5,793.59,704.27,742.67,688.86,770.48,725.54,753.19,687.15,752.38,677.02,756.01,716.39,803.53,659.91,752.89,671.27,751.27,677.0,739.12,671.5,784.78,643.71,726.92
2012-01-23,681.53548584647,763.2804806022947,692.1438810350687,768.4335036519383,636.25,727.63,730.89,787.02,650.37,715.31,708.16,803.33,685.17,781.42,681.63,756.49,748.54,782.57,681.4,777.91,715.67,781.17,686.06,812.81,688.09,746.29,711.17,832.93,,,705.84,802.3,632.37,720.18,711.32,801.01,683.5,793.2,704.27,759.39,689.35,776.9,725.54,753.19,688.83,766.66,674.17,757.81,718.83,813.28,659.26,752.15,680.48,770.69,655.33,723.29,655.66,771.45,639.57,722.68
2012-01-16,676.8655325827016,768.8892906079062,688.1768963042576,777.4950928862368,640.41,732.63,729.24,810.66,638.61,715.31,708.14,804.91,658.89,751.42,672.39,769.1,750.78,813.86,673.06,754.58,713.34,802.96,689.31,812.81,690.25,753.54,701.43,824.52,,,678.42,766.75,632.37,720.18,708.49,796.48,678.61,792.2,704.27,781.22,677.72,770.99,725.54,753.19,689.67,772.54,655.53,736.44,718.83,821.41,660.53,752.97,668.63,789.43,655.33,723.29,639.83,760.62,642.07,726.59
2012-01-09,671.515463608141,753.9173162201623,684.5825324471456,763.6081258285731,619.58,711.79,683.29,755.95,638.61,715.31,677.8,794.88,649.64,740.02,690.88,780.86,755.02,807.33,653.06,741.25,705.4,782.35,664.92,791.67,673.45,732.05,676.53,805.38,,,641.36,728.36,647.74,693.76,695.82,782.02,669.6,780.91,704.27,739.44,670.16,756.64,725.54,753.19,684.63,756.58,629.21,695.71,708.26,810.85,639.51,712.93,671.7,774.93,623.66,699.96,639.83,756.45,638.56,722.74
2011-12-19,635.9851305371626,729.446297819226,639.9935691527409,732.0985803150814,601.25,701.79,659.32,751.9,586.46,683.1,677.8,794.88,641.9,737.85,611.89,705.23,694.72,746.12,635.56,742.91,655.76,743.48,638.39,781.1,635.74,706.96,652.79,804.98,,,638.66,753.15,667.94,713.2,678.86,773.73,640.61,758.73,658.96,724.79,634.09,747.05,725.54,753.19,639.7,725.96,619.14,723.05,658.51,772.18,633.78,727.07,621.15,730.94,612.0,710.05,643.16,762.28,624.62,708.36
2011-12-12,630.8490588049636,729.3706445484934,636.6243525492943,733.9656610176858,602.08,708.46,640.64,731.07,586.46,683.1,677.8,794.88,636.97,731.42,607.68,700.19,688.94,755.37,617.23,740.41,654.23,753.31,641.64,782.73,629.13,711.9,650.47,805.68,,,635.04,756.41,667.94,713.2,678.22,777.3,633.78,758.87,643.32,724.79,639.42,753.46,725.54,753.19,634.65,729.32,604.47,710.81,653.64,776.24,627.71,720.11,599.17,730.3,605.33,715.52,644.83,750.62,618.99,701.77
2011-12-05,631.9555121441977,735.9413975751186,637.4930982616883,742.0623253717374,602.08,712.63,650.4,753.71,586.46,683.1,677.89,794.88,650.83,746.44,613.57,723.72,685.78,755.45,618.9,742.08,645.63,753.13,643.27,779.48,627.04,715.91,649.0,805.7,,,651.71,778.01,679.44,726.5,679.8,779.99,636.16,760.98,643.32,733.49,653.6,771.18,725.54,753.19,626.25,736.89,615.81,721.76,649.57,776.24,626.98,719.27,608.45,739.66,605.33,715.52,643.16,763.95,613.29,692.99
2011-11-28,627.2501981250007,732.3461568957784,631.6011633361106,738.6816144123668,602.91,711.79,623.04,716.86,576.75,699.97,677.97,777.7,637.98,727.6,595.92,714.47,693.11,765.98,618.06,742.08,646.96,755.39,651.4,785.98,621.11,713.4,654.78,809.03,,,633.2,763.42,687.21,712.62,681.19,782.78,659.21,780.29,629.78,733.49,636.71,773.24,725.54,736.24,623.73,736.89,602.62,708.0,647.94,784.37,625.28,717.32,598.72,726.91,620.27,710.22,639.83,749.78,617.84,694.83
2011-11-21,636.8272983646339,745.4997709378937,644.9871011388321,754.3901574210903,617.91,730.13,667.83,789.42,594.13,719.4,680.7,776.07,643.38,729.87,615.25,736.32,685.11,786.96,618.06,740.41,655.0,774.92,657.9,784.35,634.57,729.29,667.57,807.79,,,649.85,760.67,687.21,712.62,689.94,779.26,651.85,766.28,650.14,756.78,656.18,778.59,725.54,736.24,632.13,747.81,612.89,719.05,660.14,794.13,625.74,717.85,590.88,759.41,620.27,710.22,650.66,739.78,618.56,693.06
2011-11-14,638.7916528858389,734.8429425602908,645.1425219059588,742.6433066710784,622.08,719.29,630.98,735.63,611.51,711.22,703.22,776.18,630.3,710.39,603.48,723.72,711.94,790.14,631.4,707.91,667.34,769.36,663.59,775.41,641.42,714.24,666.48,792.5,,,619.29,720.2,687.21,712.62,695.85,771.94,654.54,749.7,650.14,741.75,658.61,770.95,725.54,736.24,645.58,750.33,618.77,710.81,669.08,786.81,627.51,719.88,612.64,747.26,633.54,702.01,650.66,739.78,623.94,690.64
2011-11-07,643.8146073742346,728.0105822014297,650.3452558580782,734.0174302289709,612.08,699.29,630.98,733.23,603.84,676.45,703.22,770.25,645.77,727.28,626.17,728.76,707.57,775.01,631.4,697.08,663.87,751.89,661.97,763.22,635.91,704.54,667.59,786.41,,,629.76,725.54,687.21,712.62,693.71,759.69,656.25,745.66,650.14,727.69,667.62,769.19,725.54,736.24,638.01,733.53,616.97,709.21,665.83,775.43,627.25,719.58,614.67,740.93,633.54,702.01,650.66,728.95,631.07,689.56
2011-10-31,647.3070023898453,726.170837722124,656.3110628242306,733.3118142369084,608.75,697.63,654.2,759.75,603.84,676.45,698.4,758.39,653.97,734.08,632.05,725.4,712.04,773.04,636.4,700.41,671.19,752.5,667.66,763.22,639.33,700.78,680.32,787.19,,,644.19,730.11,687.21,712.62,699.96,758.67,661.53,729.87,650.14,727.69,666.0,767.34,725.54,736.24,645.58,731.84,615.42,706.64,669.08,774.61,640.56,722.49,624.26,747.14,636.47,685.71,649.83,727.28,622.25,675.09
2011-10-24,648.8459358446881,723.2139964873483,658.14254741271,731.4771953511613,614.58,690.13,654.2,759.75,630.94,685.14,678.5,741.84,644.56,716.98,631.21,725.4,700.99,765.19,635.56,681.25,671.44,748.66,669.28,753.46,641.59,699.02,681.81,780.67,,,657.55,727.41,687.21,712.62,706.72,760.06,674.66,737.71,650.14,727.69,671.63,756.65,725.54,727.77,649.78,729.32,607.54,683.84,675.59,768.92,651.7,724.29,626.37,739.14,636.47,685.71,649.83,715.62,624.39,677.46
2011-10-17,652.5720086488978,712.6602258683182,665.5615435880629,720.5064319109059,613.75,685.13,699.82,754.55,630.94,689.74,677.04,742.48,650.29,723.35,649.7,713.63,727.84,756.58,632.23,668.75,684.54,738.37,672.54,755.09,645.19,683.05,677.64,776.04,,,660.05,727.73,687.21,712.62,700.07,751.94,679.45,736.9,669.73,702.31,665.63,737.84,725.54,727.77,654.82,714.2,598.83,672.32,671.52,754.29,635.04,700.79,622.83,717.5,630.64,680.71,649.83,714.78,619.27,669.19
2011-10-10,644.4077333144747,704.4594147148218,654.2323606214122,711.6356244784567,610.41,678.46,636.84,701.41,601.8,652.42,694.05,749.47,648.98,718.62,633.74,705.23,725.88,744.96,633.9,670.41,672.53,729.28,661.15,743.7,630.72,674.44,668.27,773.76,,,649.75,715.41,687.21,712.62,697.49,750.62,662.68,719.25,645.94,702.31,640.71,718.39,725.54,727.77,643.9,701.59,585.04,661.13,665.83,751.85,637.94,704.0,620.72,698.2,630.64,680.71,650.66,715.62,622.74,671.16
2011-10-03,645.6342737682354,704.6053933946711,653.4976684110202,710.6564239259146,612.08,674.29,681.47,732.9,613.56,665.71,712.36,759.25,650.41,718.71,616.93,693.47,704.49,740.77,652.23,676.25,668.61,723.57,667.66,744.52,638.75,677.11,684.49,777.79,,,661.67,713.53,687.21,712.62,704.25,753.01,673.59,719.44,645.94,706.12,644.25,688.28,725.54,727.77,648.94,698.23,586.66,657.9,678.03,752.66,639.75,705.99,609.66,704.32,653.71,685.24,649.83,736.45,634.81,680.81
2011-09-26,651.7183799523815,703.4705737592503,661.3497258775359,709.7225371583585,627.91,680.96,679.07,709.09,630.94,665.71,712.2,759.27,656.16,724.76,614.41,671.62,722.72,749.32,653.06,677.08,684.1,735.06,679.85,755.9,656.14,683.72,693.83,777.58,,,673.08,714.64,687.21,712.62,712.44,755.73,687.24,728.62,684.37,706.12,643.88,686.74,717.06,710.82,676.67,706.63,585.7,654.55,691.85,754.29,647.3,707.47,616.82,697.59,653.71,685.24,650.66,736.45,633.57,676.55
2011-09-19,663.3191447072168,705.3437163124,678.7305383529917,712.9959333486569,636.25,683.46,722.71,738.35,630.94,665.71,712.07,761.77,659.12,728.41,652.22,685.06,743.76,759.6,653.06,677.08,703.51,735.3,685.54,760.78,663.33,682.63,699.46,773.55,,,654.41,692.95,687.21,712.62,713.62,753.26,674.44,715.83,684.37,706.12,655.72,692.81,717.06,710.82,686.75,710.0,579.42,648.7,702.42,752.66,648.63,708.92,630.86,699.25,647.61,665.3,637.33,703.12,632.24,675.06
2011-09-12,664.4345503549077,701.3125776717479,678.5571129665932,708.1455943364971,639.58,680.96,681.39,692.4,630.94,652.42,712.13,759.21,656.66,727.2,652.22,685.06,760.96,757.47,631.4,654.58,706.97,736.22,675.79,751.83,667.85,676.19,696.0,750.03,,,659.32,699.01,687.21,712.62,712.17,748.47,676.0,718.76,696.98,707.33,655.9,693.01,717.06,710.82,693.48,709.16,570.22,642.38,702.42,749.41,641.77,686.38,661.14,713.09,647.61,665.3,635.75,703.2,634.21,676.8
2011-09-05,648.1196046971506,693.2839976569597,658.4815956076021,700.0690825455638,628.75,675.13,668.33,703.14,630.94,652.42,685.69,742.74,638.85,700.61,616.09,680.86,757.55,748.69,615.56,638.75,704.9,726.38,667.66,744.52,650.54,666.33,679.78,731.97,,,651.3,696.93,687.21,712.62,699.62,735.52,663.44,723.18,678.32,707.33,633.75,676.62,717.06,710.82,673.31,694.03,571.46,649.73,686.97,739.66,647.06,692.03,657.76,695.91,626.06,650.47,643.25,707.37,619.72,661.03
2011-08-29,635.9125094637826,682.4310651169142,643.9052650573212,686.2332797743596,601.25,655.13,658.25,695.37,617.65,643.73,687.3,744.05,652.39,716.64,604.32,664.05,721.94,732.4,615.56,639.58,675.5,707.93,661.15,743.7,630.47,651.36,672.97,724.18,,,664.06,710.0,668.2,696.92,693.39,729.16,663.95,706.87,657.26,686.9,649.94,704.37,742.48,744.72,643.9,677.22,578.08,658.59,666.64,725.83,638.45,691.7,630.12,676.96,626.06,650.47,643.25,706.54,610.24,651.66
2011-08-22,634.8428326255662,681.3695726698037,639.67246271651,683.0720636339574,600.41,653.46,654.78,690.83,613.56,639.64,698.57,755.98,648.11,709.86,594.24,651.45,707.13,715.46,614.73,638.75,668.61,704.3,667.66,746.14,630.3,652.11,674.63,724.58,,,663.73,709.67,668.2,696.92,694.17,730.02,663.4,705.85,640.96,686.9,649.75,704.17,742.48,744.72,632.97,671.34,591.27,662.87,665.02,725.02,647.74,699.29,619.67,683.89,657.76,683.43,644.08,708.2,620.18,662.98
2011-08-08,653.9212774863221,701.2694991110551,656.5078019036097,702.2894137783592,622.91,675.96,700.73,715.04,632.99,669.8,720.35,784.93,678.21,740.86,594.24,652.29,727.44,745.43,621.4,648.75,691.24,728.33,687.98,766.47,661.24,679.71,705.85,759.03,,,685.74,726.67,668.2,696.92,714.08,751.07,689.26,726.4,688.23,711.58,667.09,727.27,742.48,744.72,667.43,701.59,646.87,692.8,699.16,751.85,671.22,722.84,609.59,673.21,670.86,698.71,653.25,718.2,641.7,683.65
2011-08-01,668.6288733765281,715.4209335300881,677.2094191952507,719.7749960228801,619.58,672.63,744.28,783.64,652.42,687.19,718.66,784.93,683.91,746.38,645.5,702.71,752.07,766.84,623.06,651.25,705.13,739.68,691.23,766.47,659.82,680.96,709.78,766.21,,,700.72,749.33,668.2,696.92,718.07,756.12,685.55,735.51,694.65,726.32,673.04,733.26,742.48,744.72,680.03,711.68,657.84,706.61,702.42,756.73,674.64,726.52,646.61,698.46,670.86,698.71,651.58,717.37,630.31,672.83
2011-07-25,663.8412815789987,711.7366159887061,672.8973925996886,717.4100002203644,634.58,684.29,698.25,730.42,652.42,687.19,697.97,769.51,679.67,742.68,634.58,695.99,760.32,775.08,622.23,650.41,706.55,741.4,692.05,770.53,669.1,689.57,706.4,772.57,,,689.61,733.91,668.2,696.92,712.0,748.89,683.01,733.54,694.65,726.32,673.04,727.48,708.59,736.24,686.75,717.56,642.17,689.9,707.29,759.98,670.35,721.9,648.2,703.86,632.19,657.67,637.42,708.2,624.37,664.92
2011-07-18,659.6248966921617,703.2348121239689,670.3840495180658,709.6413786670711,628.75,675.13,687.34,720.58,652.42,687.19,681.48,754.54,658.85,718.98,635.42,674.98,755.7,769.38,597.23,633.75,707.0,741.97,685.54,762.4,658.15,679.71,691.81,777.47,,,650.54,696.24,688.87,715.92,711.63,748.27,675.5,726.67,682.85,715.91,661.5,715.92,708.59,736.24,683.39,714.2,619.74,666.93,697.54,751.04,639.99,692.93,655.33,710.12,632.19,657.67,637.42,704.87,624.49,666.37
2011-07-11,642.657386226813,691.5213308093289,651.0422071941572,696.8697758406203,614.58,665.13,650.07,683.39,623.27,654.97,675.73,748.42,656.64,716.64,612.73,685.06,744.8,758.47,570.56,615.41,686.84,720.8,666.84,747.77,630.14,654.96,667.09,761.71,,,651.76,702.36,702.92,739.06,701.08,735.42,656.3,716.98,650.28,686.35,650.12,698.79,708.59,736.24,661.54,699.07,608.91,671.34,672.33,731.52,628.4,684.84,634.98,690.25,624.69,667.67,638.25,705.7,611.58,651.53
2011-07-04,626.1908039762784,675.4146398155812,632.9053899883555,677.8121338580125,596.25,660.13,618.33,675.79,600.27,641.68,676.6,749.96,664.28,720.58,589.2,644.73,712.52,729.42,579.73,622.91,667.52,707.18,667.66,746.96,612.08,637.65,660.99,763.63,,,657.28,715.55,702.92,739.06,683.16,718.32,656.67,715.76,627.35,686.35,650.12,693.01,708.59,736.24,637.17,676.38,616.92,680.44,659.33,725.02,629.3,685.83,609.28,682.59,624.69,667.67,643.25,708.2,590.57,630.08
2011-06-27,631.2366435869591,683.322139597475,637.0806816914271,686.8742817977892,600.41,655.96,672.38,713.8,584.42,628.9,689.15,765.67,659.83,715.74,588.36,649.77,703.0,725.26,592.23,633.75,663.79,707.94,674.16,755.09,628.21,657.21,672.35,778.91,,,661.52,727.16,702.92,739.06,684.4,723.71,668.88,724.02,653.19,697.99,661.5,704.37,725.54,719.29,640.54,682.26,610.99,673.91,670.71,736.4,629.56,686.11,590.02,671.28,632.19,674.34,650.6,712.91,611.85,648.41
2011-06-20,653.3696844498686,706.6313460507984,662.6734722941932,713.8039593221545,619.58,672.63,664.28,730.75,607.94,671.85,689.08,766.4,670.4,725.94,639.62,706.07,730.76,763.73,592.23,617.91,678.77,732.2,683.1,756.71,645.69,677.87,674.48,777.55,,,655.22,718.22,702.92,739.06,703.17,746.11,667.9,720.94,671.87,716.43,661.78,704.67,725.54,719.29,657.34,703.27,617.14,679.01,680.46,742.91,635.68,677.59,617.61,690.34,632.19,674.34,649.08,712.37,629.96,668.13
2011-06-13,652.4386076517301,702.6397740908596,658.9284953008369,707.5025066658188,621.25,666.79,680.73,691.32,600.27,652.42,689.0,744.87,673.45,731.05,626.17,715.31,734.04,757.37,592.23,609.58,674.84,725.36,677.41,751.83,642.76,665.24,677.97,773.78,,,680.52,730.83,702.92,739.06,704.19,739.57,662.47,707.48,671.87,690.19,662.15,687.71,725.54,719.29,661.54,690.67,633.05,692.21,686.16,737.22,648.46,691.22,629.52,693.85,643.86,664.34,657.42,718.2,627.56,664.62
2011-06-06,657.6755837413684,695.9385935091874,666.9256529895985,699.705713562498,621.25,654.29,680.73,691.32,630.94,646.28,689.0,744.81,672.08,726.86,635.42,691.78,728.98,748.03,593.06,601.25,679.7,714.77,682.29,751.83,656.89,663.07,689.75,775.38,,,693.04,726.7,702.92,739.06,708.12,737.86,662.75,704.34,691.87,703.09,667.47,693.01,725.54,719.29,680.03,693.19,632.25,690.42,686.97,734.78,656.19,699.46,656.26,703.72,643.86,664.34,659.08,725.7,618.47,655.61
2011-05-30,656.808638892704,692.2918148504842,663.1429299235031,693.6768619629538,626.25,656.79,648.99,668.35,630.94,646.28,689.62,746.03,664.38,716.27,620.29,663.21,743.96,724.11,597.23,601.25,700.28,722.03,679.04,752.65,656.06,662.06,682.31,770.53,,,669.99,703.04,702.92,739.06,709.8,738.85,656.04,698.66,668.34,703.09,666.38,692.61,700.11,753.19,680.87,690.67,631.62,691.93,685.34,729.09,640.23,690.68,646.02,694.04,658.03,661.01,659.92,725.7,634.56,675.38
2011-05-23,665.7853674486656,699.6087154839864,676.9880646871059,703.0458022708863,623.75,649.29,683.12,700.42,623.27,632.99,690.09,746.88,670.74,719.73,664.83,721.2,725.71,698.35,602.23,633.75,680.67,704.72,687.17,755.9,655.89,657.13,689.22,778.11,,,676.61,697.76,679.78,736.59,710.63,738.92,660.2,702.93,668.34,687.83,670.04,692.81,700.11,753.19,681.71,683.95,626.87,697.28,697.54,742.91,640.7,691.18,635.3,683.19,658.03,661.01,659.92,725.7,637.85,682.45
2011-05-16,670.8095465210288,696.7865045207545,680.2634861222681,696.9781428862457,646.25,665.13,697.26,688.68,623.27,632.99,711.61,772.03,677.87,729.46,645.5,669.94,748.22,702.62,609.73,634.58,697.29,709.21,691.23,751.02,676.79,664.99,703.3,791.05,,,687.67,708.67,679.78,736.59,721.04,743.83,677.4,718.03,695.4,687.83,683.91,704.37,700.11,753.19,696.0,697.39,644.27,709.19,717.86,748.6,658.06,698.49,655.34,676.1,678.79,701.74,669.08,736.54,638.58,687.29
2011-05-09,674.293864938639,708.3781560748347,683.4497795927706,708.660414250688,644.58,677.63,730.89,709.41,635.03,663.16,711.68,798.21,687.25,739.2,647.18,680.86,750.3,703.63,603.9,644.58,698.6,706.56,703.43,768.99,684.32,687.73,712.17,810.25,,,714.71,747.97,679.78,736.59,725.4,757.47,681.69,731.41,706.65,687.83,683.91,704.37,700.11,753.19,688.44,702.43,642.19,709.09,722.74,762.42,643.08,699.55,675.35,722.9,678.79,701.74,670.75,739.87,639.87,696.8
2011-05-02,689.3229126300066,734.1655901027435,707.4676464356404,741.4755112586962,648.75,691.79,714.2,743.1,646.28,735.76,712.5,774.13,688.07,740.74,713.57,748.09,780.3,746.51,603.9,644.58,728.18,750.75,695.3,767.28,682.39,699.69,711.11,812.34,,,704.11,758.64,679.78,736.59,722.42,783.71,690.38,748.74,706.65,728.0,695.57,721.8,700.11,753.19,703.56,725.12,644.94,715.25,722.74,782.74,658.85,723.6,692.75,745.07,666.29,712.57,652.42,729.04,625.6,684.01
2011-04-18,691.5884072629832,734.7838482191386,715.1932313240945,743.4094602621901,634.58,695.13,729.07,764.85,607.94,680.54,712.75,780.8,682.85,744.48,748.02,732.96,765.19,752.85,626.4,668.75,713.03,757.7,685.54,766.31,675.2,709.97,703.26,812.17,,,686.45,748.37,669.03,720.06,724.37,786.17,691.39,754.02,706.65,728.0,688.64,729.89,700.11,727.77,700.2,731.84,636.21,709.18,712.17,787.62,647.19,730.32,674.19,744.36,642.82,698.4,654.08,730.7,622.23,681.86
2011-04-11,683.5271473716645,731.7854078255158,709.268783524698,741.8928097503344,632.08,700.13,691.14,729.14,607.94,697.92,686.33,758.73,662.64,723.59,745.5,732.96,757.77,758.31,603.06,668.75,705.03,762.96,679.04,760.53,668.6,708.22,691.16,802.29,,,691.93,754.21,669.03,720.06,720.26,783.55,681.31,750.19,706.65,741.93,684.11,727.68,700.11,727.77,692.64,733.53,633.88,707.03,699.16,784.37,644.04,726.76,659.53,737.98,642.82,698.4,644.92,720.7,604.93,667.63
2011-04-04,670.2797671841798,721.1656898604551,694.6335345377908,731.8576837437228,609.58,685.13,673.62,718.15,600.27,671.85,686.33,758.73,639.36,707.41,725.33,727.08,744.97,746.58,604.73,670.41,690.21,749.21,666.84,753.95,681.06,700.78,677.57,795.24,,,676.35,754.69,669.03,720.06,705.17,767.97,663.23,740.96,671.98,726.09,666.67,716.02,700.11,727.77,664.91,719.24,613.29,689.34,687.78,779.49,638.75,708.02,652.43,717.73,631.15,699.24,632.42,719.87,598.47,661.4
2011-03-28,657.9609471636064,718.8469798307647,677.9677526007871,728.9119582019192,601.58,690.49,637.83,723.86,600.27,683.1,686.33,758.73,636.94,704.75,703.48,718.68,730.95,746.51,604.73,675.41,684.94,745.2,661.15,754.68,644.77,700.53,665.62,792.86,,,666.01,755.68,631.01,674.6,703.8,767.47,636.87,720.72,641.85,731.39,655.3,722.0,666.21,702.35,638.86,713.36,608.48,689.19,674.77,780.31,641.82,711.43,644.61,718.94,631.15,699.24,631.58,721.54,596.8,659.44
2011-03-21,650.2826826646576,719.1368631387066,670.523883007211,730.4672709153236,593.24,684.65,646.1,721.38,588.51,683.1,686.81,758.73,642.34,707.11,684.16,726.24,712.74,748.68,618.06,691.25,663.32,750.16,666.84,758.66,640.59,699.52,677.33,793.68,,,656.78,744.77,631.01,674.6,708.62,764.72,641.77,726.1,641.85,731.39,655.4,722.1,666.21,702.35,634.65,715.88,600.19,679.13,674.77,781.12,634.11,702.88,600.41,724.78,631.98,683.59,623.25,719.04,596.24,657.65
2011-03-14,662.9712567390311,719.4996698384954,688.1068205882783,733.0787651661293,609.08,689.65,713.04,762.37,623.27,683.1,686.33,756.24,645.99,708.94,712.73,721.2,735.14,750.7,617.23,692.08,679.84,749.37,673.35,764.27,658.15,708.55,678.47,787.91,,,652.62,728.41,631.01,674.6,712.23,762.51,667.2,729.46,678.18,731.39,657.53,712.85,666.21,702.35,660.7,724.28,595.91,667.96,683.72,778.68,626.22,699.6,640.69,729.71,631.98,683.59,617.42,707.37,591.26,649.69
2011-03-07,636.3855432719596,709.7416885199405,650.9013517413542,722.3124523999434,603.24,684.65,638.66,695.76,638.61,699.97,686.15,736.05,646.1,702.76,615.25,715.31,733.12,750.82,612.23,677.08,677.48,746.59,673.35,751.18,648.78,692.75,666.43,770.13,,,641.7,716.24,631.01,674.6,706.72,757.56,654.07,717.1,653.36,731.39,649.87,705.24,666.21,702.35,659.86,717.56,589.59,668.25,676.4,768.92,605.16,675.63,633.65,722.33,596.87,649.97,597.42,682.37,585.97,640.33
2011-02-28,623.1647100235249,692.3906652988301,636.769716318289,703.9444132982973,583.24,657.15,639.32,697.49,619.18,669.8,654.15,700.66,625.04,683.76,600.96,696.83,713.88,723.0,587.23,672.91,666.61,727.94,637.58,725.09,636.07,673.85,647.91,752.69,,,629.11,702.88,631.01,674.6,692.64,737.07,636.01,697.94,642.26,688.6,630.39,697.53,666.21,702.35,648.1,699.91,574.92,651.07,647.94,746.16,593.95,667.49,629.42,714.85,596.87,649.97,595.75,667.37,576.38,628.48
2011-02-21,602.4710997965271,673.9930749840586,611.7675958750822,683.7961341618402,557.41,637.15,616.35,669.23,592.6,652.42,654.14,693.16,607.91,671.35,567.35,672.46,681.8,705.94,588.06,672.91,647.96,712.66,629.45,718.58,613.41,657.3,634.42,743.89,,,613.95,697.61,614.49,646.5,664.87,708.69,612.32,679.33,627.81,688.6,613.29,681.62,640.79,643.02,623.73,678.06,563.1,628.32,634.12,737.22,573.61,651.02,587.08,676.9,578.93,629.26,597.42,666.54,575.45,626.11
2011-02-14,601.0995433165181,671.3704646714374,610.0134824281556,681.5134952836349,554.91,630.49,625.11,678.9,580.84,639.64,657.3,693.16,616.57,674.95,577.43,688.42,663.42,692.92,580.56,656.25,634.67,702.05,619.69,709.64,607.56,649.77,627.39,735.16,,,615.03,683.07,614.49,646.5,657.71,700.07,609.78,673.44,612.83,674.18,604.85,663.73,640.79,643.02,610.28,673.86,563.63,625.38,626.81,728.27,571.43,634.49,587.47,686.49,578.93,629.26,595.75,668.2,575.25,624.74
2011-02-07,596.3379914879843,663.4870756972688,602.9522655467591,670.8126705753485,546.58,617.99,621.14,665.51,573.17,639.64,663.95,693.16,617.4,674.63,557.26,655.65,659.32,696.35,578.9,647.08,634.28,700.28,612.01,711.27,608.31,643.42,625.85,728.78,,,618.29,693.3,614.49,646.5,657.65,699.38,611.62,669.79,612.83,660.19,608.55,661.95,640.79,643.02,606.92,662.1,575.85,633.45,625.18,720.14,570.08,631.6,575.13,673.59,604.85,634.36,607.42,668.2,574.23,622.2
2011-01-31,591.9349582803084,648.2666024932199,601.5931820924003,655.5817912492669,539.08,607.15,602.05,656.25,565.5,613.56,663.88,693.16,618.18,674.39,558.95,627.08,648.61,662.03,578.9,639.58,623.93,675.29,622.13,702.24,605.56,632.05,634.09,729.09,,,619.22,686.8,614.49,646.5,657.52,698.57,602.26,648.61,610.34,644.92,596.76,652.38,640.79,643.02,597.68,650.33,570.58,624.54,627.62,699.0,568.26,621.74,562.08,641.82,604.85,634.36,595.75,668.2,559.57,605.12
2011-01-24,601.0395618184725,653.6066427498672,611.2853350151953,660.1507155232255,552.41,617.15,608.91,654.52,590.55,622.25,650.9,678.85,623.79,680.94,579.11,636.32,658.39,669.66,583.9,641.25,634.71,679.94,609.55,688.43,613.75,638.74,646.72,733.75,,,628.05,688.24,542.59,591.13,661.42,701.54,604.7,656.09,624.41,660.3,617.75,667.54,640.79,643.02,616.17,659.58,585.7,639.54,639.0,705.51,574.39,623.93,574.56,653.52,583.82,608.62,592.42,665.7,563.76,609.22
2011-01-17,608.2362838992884,657.2590490586489,619.1961793238264,663.8582152625874,553.24,632.15,642.46,686.67,607.94,637.59,637.95,666.8,624.82,672.69,597.6,647.25,674.77,687.11,594.73,643.75,646.87,685.8,632.8,696.42,615.42,636.9,634.26,720.58,,,617.88,671.93,542.59,591.13,657.33,693.96,611.67,657.74,624.41,672.29,618.72,662.74,640.79,643.02,628.51,663.76,590.2,644.2,638.19,703.07,579.98,622.63,585.91,665.21,583.82,608.62,579.92,648.2,569.43,613.81
2011-01-10,597.4742719271572,640.2777812993317,605.4953179448139,643.4999495591138,553.24,605.49,619.82,638.65,563.45,590.04,633.89,661.99,609.92,658.54,586.68,629.6,674.82,667.84,552.23,597.08,629.47,665.99,631.02,681.24,595.69,617.08,622.59,712.17,,,596.34,649.62,525.23,572.95,639.91,675.56,611.07,659.69,598.63,626.64,616.36,648.76,640.79,643.02,614.86,646.18,591.0,644.51,625.18,686.81,583.04,625.97,572.17,647.83,570.49,605.29,576.58,636.54,567.62,609.68
2011-01-03,587.7319781789952,632.4721778599005,597.7464211658616,637.6583524641178,539.91,584.65,611.64,637.52,573.17,604.87,612.67,640.42,606.07,652.5,579.95,632.12,647.65,654.63,572.23,617.91,622.42,660.1,609.15,667.97,587.24,605.88,612.82,706.34,,,600.99,655.28,525.23,572.95,633.92,670.43,606.85,641.17,612.54,636.6,596.82,634.59,640.79,643.02,607.38,637.29,569.05,620.32,620.3,673.8,583.26,625.63,571.11,646.64,570.49,605.29,533.25,599.87,549.24,591.34
2010-12-20,580.0356138725313,624.1626374177797,590.2522447202529,629.464074334812,549.08,600.49,593.62,631.82,557.32,581.86,611.82,639.76,581.57,625.57,580.79,632.96,642.96,649.0,565.09,608.25,606.07,643.6,588.75,664.69,574.57,591.58,598.56,687.98,,,599.82,645.83,525.23,572.95,617.43,654.08,595.69,651.78,609.01,608.26,574.63,605.64,606.89,592.18,595.23,653.9,568.57,621.22,610.44,649.64,575.17,611.52,559.09,626.42,569.66,591.12,582.14,630.32,542.46,584.83
2010-12-13,576.1499811958802,618.3270675968566,586.9873073275439,624.545346168715,567.41,612.15,596.18,615.79,557.32,581.86,585.15,614.14,583.81,627.98,569.87,613.63,650.08,646.46,551.56,594.83,611.73,642.58,594.9,634.6,572.4,592.42,596.73,684.7,,,580.54,625.62,525.23,572.95,618.77,656.36,590.09,642.52,609.01,608.26,582.69,613.7,606.89,592.18,594.39,653.9,555.06,605.42,607.96,647.16,575.03,605.33,558.03,615.43,529.52,552.32,567.85,615.19,537.71,579.0
2010-12-06,565.0991612486652,603.683379166801,577.4399788492503,610.0339306925091,552.41,596.32,570.64,601.66,557.32,581.86,575.83,604.9,548.96,600.47,561.47,599.35,652.4,639.11,524.4,572.78,601.75,627.73,600.78,659.36,559.94,577.37,573.31,666.26,,,553.23,604.14,525.23,572.95,612.72,648.34,576.19,629.9,580.61,608.26,574.3,605.3,606.89,592.18,586.82,591.71,533.17,584.31,591.43,633.94,556.97,591.57,560.17,609.01,529.52,552.32,553.57,597.55,524.07,565.01
2010-11-29,544.0361033293541,586.5104870682346,554.988985555083,592.7297516808766,527.41,573.82,546.1,603.47,511.81,546.07,578.8,606.91,545.21,599.37,535.42,578.34,620.04,616.42,512.89,559.35,582.81,612.3,575.76,642.54,535.44,558.97,554.33,654.55,,,538.29,588.42,525.23,572.95,590.1,627.34,540.86,598.28,559.07,564.03,551.17,587.99,564.52,566.75,564.97,579.95,511.38,562.97,567.46,617.41,544.39,583.41,518.84,580.12,522.02,551.48,546.0,594.18,512.61,552.86
2010-11-22,533.2996686419733,579.1864534438524,541.4469246762216,583.8823497089242,515.74,565.49,532.22,576.28,511.81,546.07,582.3,611.02,552.02,606.64,512.73,564.89,592.0,593.74,513.21,563.19,568.16,601.81,552.1,624.35,532.35,559.22,556.12,656.21,,,558.69,603.92,520.27,563.86,583.59,617.73,527.03,586.49,559.07,578.77,551.4,588.24,564.52,566.75,539.76,556.42,523.86,576.1,561.68,619.89,532.32,579.49,501.2,574.18,522.02,551.48,553.57,595.03,503.88,541.28
2010-11-15,535.1138451052924,581.2610235841041,544.5064456320414,587.4113863639749,518.24,564.65,542.05,581.32,511.81,546.07,568.9,597.33,540.53,590.44,521.13,568.26,606.11,614.29,508.42,557.76,573.43,615.75,558.77,622.4,526.58,556.46,543.86,643.85,,,531.93,579.9,520.27,563.86,587.22,623.59,521.0,581.42,543.8,578.77,545.66,582.5,564.52,566.75,546.49,565.66,517.09,569.17,556.72,613.28,524.28,571.86,510.62,575.19,509.52,534.82,546.0,584.94,506.12,543.34
2010-11-08,528.3529807491332,572.6382964114372,538.4931117720579,578.5292394518332,506.58,551.32,542.05,581.32,500.05,526.64,565.98,594.47,541.51,589.42,524.49,576.66,572.35,596.1,498.62,546.57,552.16,590.37,540.03,602.3,527.33,553.87,540.1,640.16,,,536.9,581.74,520.27,563.86,572.65,605.27,530.47,571.18,529.19,559.93,539.74,568.43,564.52,566.75,529.68,544.65,521.22,572.4,546.8,600.05,525.07,572.73,488.92,554.01,509.52,534.82,551.05,588.3,496.2,530.93
2010-10-25,525.2008720488079,567.550222345598,539.597414152227,574.9342663591992,508.24,547.15,560.4,579.18,500.05,520.5,567.6,596.41,549.4,594.25,529.53,571.62,561.28,580.73,498.83,538.8,553.67,583.79,532.79,592.32,530.17,556.21,545.78,641.87,,,549.25,581.93,524.4,558.9,562.31,596.75,525.87,621.92,546.45,568.47,539.59,581.45,570.09,562.85,531.36,544.65,520.63,574.36,547.63,598.4,527.47,575.35,493.97,559.73,521.18,541.48,540.96,578.22,470.71,503.47
2010-10-18,520.7213454823282,563.299974796327,532.0235551144174,569.3424168149072,513.24,552.15,547.75,588.93,507.72,514.37,567.41,595.93,547.05,597.08,503.48,543.05,572.04,587.19,499.04,539.22,555.5,584.26,565.19,608.09,526.24,549.69,540.68,641.0,,,530.83,583.84,524.4,558.9,568.36,601.29,540.16,580.16,546.45,568.47,536.32,581.7,570.09,562.85,531.36,544.65,514.51,567.74,546.8,599.23,530.55,579.0,493.59,554.42,492.51,533.08,538.44,576.54,475.89,508.19
2010-10-11,516.6206737949932,562.411578278872,527.4132142191048,569.0725855106452,509.08,550.49,536.76,587.19,495.96,514.37,550.82,577.06,537.58,588.45,504.32,548.93,566.66,586.11,497.98,527.72,553.13,590.09,562.87,608.09,511.27,543.0,526.24,636.86,,,535.46,588.83,524.4,558.9,564.72,596.77,540.04,576.09,534.99,568.47,537.64,581.86,570.09,562.85,518.76,544.65,514.56,567.69,540.19,595.09,527.47,578.72,494.42,563.99,492.51,533.08,537.6,576.54,471.07,500.17
2010-10-04,507.36836219249363,554.1451212958514,515.3557579975864,559.136315572958,495.74,539.65,526.02,565.71,486.25,499.03,558.52,583.15,543.85,592.65,486.68,546.41,552.98,586.39,498.62,528.25,536.12,579.7,549.06,608.09,493.05,524.86,524.24,634.68,,,547.59,592.92,524.4,558.9,556.05,586.73,528.25,560.89,519.86,549.25,528.17,574.7,570.09,562.85,516.23,537.93,511.58,563.21,532.75,590.96,526.34,577.49,478.8,557.26,513.47,540.09,541.8,577.38,468.39,497.47
2010-09-27,507.2510254368027,552.5570131168774,511.37274452317445,555.28943071121,503.24,542.99,526.43,568.93,486.25,499.03,567.47,594.3,550.06,595.07,465.67,519.52,544.68,577.02,497.66,526.87,538.13,578.67,540.45,598.11,500.66,529.79,538.01,638.67,,,556.37,592.41,531.01,564.68,559.3,590.25,535.04,567.87,519.86,549.25,539.52,572.05,578.57,545.91,517.92,532.89,517.83,569.66,544.32,595.09,530.42,581.97,469.31,544.0,513.47,540.09,543.48,576.54,482.34,509.48
2010-09-20,521.5063038545586,560.0735691200653,530.7567087363793,564.7702000420842,514.91,547.99,556.35,581.82,509.77,518.46,565.8,592.76,547.72,592.54,497.6,536.32,562.08,587.99,497.55,526.76,558.66,587.06,552.36,586.26,514.62,537.23,540.04,637.67,,,547.3,582.64,531.01,564.68,573.28,600.16,539.85,574.05,541.02,568.94,539.9,572.46,578.57,545.91,539.76,544.65,518.43,566.12,551.76,599.23,533.61,577.94,482.02,552.3,498.16,525.17,532.56,574.86,485.96,512.9
2010-09-13,523.1984567089361,556.0621377613976,532.1907676379014,560.289029219616,514.08,548.82,533.54,559.67,515.39,518.46,550.93,578.5,542.42,585.95,512.73,538.0,584.7,597.72,497.77,527.08,550.24,581.41,567.54,594.05,503.58,528.29,529.51,629.65,,,528.1,563.1,531.01,564.68,568.61,595.71,547.08,575.22,541.02,568.94,528.47,563.36,578.57,545.91,538.08,542.97,513.92,560.9,549.28,596.75,523.29,564.77,512.2,565.0,498.16,525.17,535.92,577.38,485.92,511.71
2010-09-06,514.6613150312128,550.2711321105062,523.314916506127,554.6690936566156,506.58,542.15,530.07,571.74,515.39,518.46,550.93,578.5,539.51,586.7,500.12,531.28,567.56,577.36,487.54,517.28,545.0,577.74,574.1,597.06,495.22,523.61,523.96,626.53,,,517.53,560.88,531.01,564.68,560.92,584.44,538.38,565.42,526.65,548.89,528.1,562.96,578.57,545.91,521.28,527.85,517.07,558.07,541.84,590.96,503.94,557.6,484.23,544.98,493.16,527.67,535.92,577.38,481.17,506.52
2010-08-30,515.1013508981054,549.013102967191,521.0606111998902,551.3259633101674,499.91,539.65,542.63,579.01,507.72,505.68,550.91,578.44,541.02,587.31,498.44,526.24,562.12,581.59,486.26,516.0,539.33,575.51,552.36,582.43,491.29,516.41,527.44,622.6,,,509.25,557.85,531.01,564.68,561.3,583.27,532.25,561.62,526.65,548.89,522.72,557.61,595.52,545.91,514.55,522.8,508.87,548.96,541.84,594.27,503.09,562.14,479.8,552.77,493.16,527.67,535.92,575.7,498.08,522.96
2010-08-23,523.5290197271665,552.7314579186269,531.3856739843163,555.2300989834043,502.41,540.49,540.98,576.53,507.72,505.68,561.27,583.85,547.84,592.35,517.77,543.89,569.44,576.02,499.82,529.64,535.6,566.56,552.36,577.51,500.57,522.69,536.37,612.76,,,525.9,569.76,539.28,565.51,569.07,586.13,541.27,569.75,526.65,548.89,534.52,564.77,595.52,545.91,522.96,527.85,513.99,552.14,548.45,598.4,504.36,563.55,470.94,543.86,509.82,533.5,546.0,582.42,504.71,528.22
2010-08-16,522.7472507876164,553.268713288159,527.8917839785781,554.3003632138008,509.91,542.99,550.89,574.05,507.72,518.46,572.47,591.86,551.01,594.09,491.72,515.31,576.93,582.43,499.02,530.7,548.36,580.59,564.74,616.21,511.27,529.46,542.69,591.63,,,535.37,576.7,539.28,565.51,574.28,587.55,549.94,578.23,539.51,548.89,540.35,564.77,595.52,545.91,528.0,532.89,518.59,556.72,559.2,603.36,506.01,569.4,474.39,538.11,509.82,533.5,551.89,585.78,509.32,534.71
2010-08-09,530.5518083375181,559.9645002082328,539.1898733231965,563.1035276221237,513.24,544.65,555.85,590.58,507.72,518.46,557.78,574.92,557.24,599.46,521.13,540.52,588.65,593.08,486.47,510.99,555.62,588.1,586.07,631.53,511.02,534.06,541.66,590.66,,,536.96,569.56,539.28,565.51,574.98,588.83,545.72,574.72,539.51,561.02,542.39,565.62,595.52,545.91,531.36,534.57,525.86,563.06,554.24,602.53,503.95,562.35,492.23,552.37,509.82,523.5,551.05,583.26,503.71,530.33
2010-08-02,526.2618174546564,549.432003840202,531.3460390445622,549.0114966910363,507.41,532.99,550.07,569.09,492.38,501.07,557.78,574.92,566.15,608.29,508.53,527.92,582.23,573.77,490.63,514.99,548.83,570.32,580.32,613.34,486.94,509.39,551.57,604.04,,,532.55,564.97,538.45,563.03,571.67,585.72,543.67,573.43,539.51,538.33,548.53,574.1,595.52,545.91,531.36,524.48,531.43,567.54,546.8,594.27,492.43,556.92,497.6,546.01,509.82,523.5,551.05,583.26,508.08,534.02
2010-07-26,527.4427806979642,549.5655509209274,534.1398977149206,550.2618296874709,511.58,537.15,529.41,555.04,492.38,501.07,562.81,577.53,561.66,602.82,519.45,534.64,589.59,583.29,491.48,516.64,546.9,567.94,580.32,613.34,503.58,518.09,537.69,605.65,,,521.61,553.51,538.45,563.03,565.53,578.34,544.67,574.72,539.51,550.19,548.29,573.86,595.52,545.91,528.0,522.8,529.8,565.7,547.63,594.27,508.2,555.06,495.03,542.79,515.66,529.33,552.73,583.26,504.12,528.71
2010-07-19,524.5392503160833,550.4532001906829,532.750680561875,553.1436006400703,516.58,538.82,583.95,601.32,492.38,501.07,575.61,585.29,558.97,599.22,506.84,527.92,573.47,571.46,492.01,517.07,546.74,567.29,564.74,606.23,504.84,522.43,541.7,629.22,,,523.59,557.28,538.45,563.03,573.97,583.13,551.37,585.15,539.51,550.19,548.29,573.86,595.52,545.91,529.68,527.85,522.12,559.18,547.63,595.09,518.86,552.89,480.11,536.03,515.66,529.33,553.57,580.74,498.13,522.11
2010-07-12,530.8851124503055,555.0143841082058,536.1701910831614,555.1057505008492,504.91,532.99,583.95,601.32,507.72,518.46,578.26,588.88,565.45,605.66,510.21,532.96,579.73,577.72,492.01,516.96,547.98,568.05,573.62,616.21,508.1,521.18,547.65,644.65,,,542.52,577.74,538.45,563.03,579.64,587.07,558.52,596.94,539.51,533.75,548.37,573.94,595.52,545.91,531.36,527.85,536.24,573.18,559.2,600.05,525.93,556.41,492.39,552.98,530.66,560.17,556.93,584.1,510.81,535.12
2010-07-05,535.2111716234629,562.6225763636874,540.7507513494265,564.1175857979931,519.08,545.49,560.81,595.54,507.72,518.46,584.4,602.82,563.33,604.11,507.68,524.56,578.96,573.73,511.83,541.25,562.79,587.08,564.74,606.23,528.33,543.5,554.42,652.07,,,536.66,577.12,538.45,563.03,584.04,593.32,560.76,597.69,562.88,565.6,547.91,573.45,595.52,545.91,538.08,537.93,527.59,564.67,574.9,612.45,541.37,577.01,485.03,536.38,530.66,560.17,561.13,586.62,521.55,547.55
2010-06-28,550.3575550136098,580.6600730023209,560.1228625449199,585.7999359385431,524.08,557.15,566.6,601.32,523.06,535.84,582.77,601.67,559.85,600.38,548.86,573.3,593.47,602.21,513.96,527.51,570.17,603.57,561.39,611.04,536.11,557.47,558.29,654.17,,,538.72,579.88,538.45,563.03,599.08,616.93,565.92,600.82,562.88,584.93,529.95,558.34,595.52,528.96,553.21,554.74,532.85,570.08,580.38,619.76,532.44,566.29,516.4,576.35,522.32,546.0,559.45,584.94,525.99,551.96
2010-06-21,548.6219816749206,578.5342210616891,558.4775622435864,583.7061113706576,529.08,557.15,587.26,602.98,523.06,535.84,571.56,588.22,555.64,593.91,542.98,564.89,611.01,617.59,513.96,524.9,577.3,607.59,572.78,619.93,533.18,550.86,554.13,645.95,,,546.23,580.02,538.45,563.03,595.66,620.09,566.81,597.35,562.88,568.13,530.33,558.73,595.52,528.96,556.57,559.78,538.58,570.6,577.05,613.92,546.16,575.0,518.61,578.81,522.32,546.0,548.53,573.18,516.33,542.72
2010-06-14,545.7675264251511,572.0109945874548,555.2717160808008,577.0278869676214,523.24,551.32,578.17,588.1,511.81,525.1,572.63,575.07,560.08,597.1,548.02,565.73,609.08,610.29,513.42,524.47,568.63,597.78,596.63,637.02,523.06,541.83,549.28,640.31,,,538.52,568.98,544.24,567.16,582.82,609.99,557.01,584.56,552.96,559.66,525.01,556.95,595.52,528.96,548.17,549.69,524.38,556.29,569.55,610.59,538.68,563.61,515.94,571.65,509.82,528.5,549.37,573.18,519.03,543.02
2010-06-07,542.6378635251076,565.9338458948522,551.2134887929791,570.4359809139884,516.58,543.82,583.95,594.71,498.01,509.77,572.63,576.78,542.32,574.95,542.98,559.85,602.61,596.29,508.1,524.47,567.38,589.09,561.07,596.08,519.39,535.9,546.04,637.95,,,515.16,544.93,544.24,567.16,579.48,601.94,547.91,570.61,552.96,559.66,524.5,550.57,595.52,528.96,549.85,544.65,518.68,550.42,560.38,599.76,529.74,549.56,507.63,560.4,509.82,528.5,554.41,572.34,526.44,549.07
2010-05-31,537.7813386169178,559.4243429830057,545.4834174882874,562.0952082583619,517.41,543.82,552.55,544.3,498.01,509.77,572.38,584.71,552.28,584.79,538.78,559.85,591.71,589.69,529.19,539.91,557.35,578.61,557.89,594.14,519.89,529.12,552.93,641.57,,,534.13,564.66,527.71,547.33,568.77,590.42,541.72,559.82,532.1,537.76,523.98,550.03,595.52,528.96,536.4,534.57,531.75,563.04,562.05,597.26,536.3,556.25,500.47,553.36,533.99,552.67,555.25,573.18,514.92,537.11
2010-05-24,534.1793117645631,559.3910841598699,538.7290080295601,561.5690435980072,519.08,544.65,595.52,603.6,515.39,523.06,572.86,594.0,552.69,584.61,499.28,514.47,567.85,563.68,529.19,540.18,562.64,582.53,546.76,582.9,537.95,544.84,575.04,656.32,,,546.43,576.34,527.71,547.33,579.82,599.6,556.89,567.54,576.96,561.63,528.67,554.78,595.52,528.96,529.68,526.17,535.87,566.89,579.55,608.92,538.72,558.32,487.55,539.51,533.99,552.67,560.29,579.9,521.31,541.05
2010-05-17,554.2010172779834,577.7064858741237,561.0039824698464,582.0307192606928,534.08,557.99,595.52,608.2,515.39,523.06,593.73,594.0,557.87,589.23,536.26,558.17,613.13,611.11,528.98,540.07,582.2,603.66,588.53,625.92,541.79,552.7,578.02,656.78,,,546.48,574.8,527.71,547.33,598.16,619.52,568.81,579.58,576.96,561.63,545.02,568.79,595.52,528.96,561.61,554.74,542.89,573.63,586.22,613.09,542.86,560.99,518.14,566.98,538.99,553.5,560.29,579.06,538.31,553.54
2010-05-10,556.0397687164748,578.574679876016,565.791200007822,585.4066950906152,541.58,562.15,602.96,613.16,515.39,529.2,593.73,594.0,559.63,590.26,544.66,560.69,604.42,607.77,528.44,539.91,588.79,610.4,575.58,616.27,546.56,561.06,581.16,655.79,,,549.08,574.26,527.71,547.33,602.37,615.11,569.61,587.48,583.54,590.32,545.02,568.79,595.52,528.96,559.93,554.74,531.37,553.7,588.72,613.09,544.97,557.82,521.99,568.75,538.99,553.5,560.29,579.06,532.99,547.83
2010-05-03,562.6191955853694,581.2126098406776,574.5088327979047,587.7831135304015,544.08,562.99,602.96,613.16,527.66,537.38,594.68,594.65,551.36,577.99,569.03,585.9,617.27,614.18,531.11,542.31,589.16,607.93,575.58,620.82,544.64,551.36,577.01,644.69,,,547.01,561.02,527.71,547.33,606.53,616.68,560.1,580.8,583.54,578.34,545.26,563.19,595.52,528.96,566.65,554.74,546.99,571.21,587.05,611.42,547.97,558.61,534.47,589.94,535.66,545.17,542.64,559.73,529.32,544.01
2010-04-26,557.7590847949028,569.4564108237083,567.4397965269585,573.4708885477863,529.91,550.49,553.37,576.8,522.04,528.68,594.35,595.23,548.17,573.93,553.06,567.42,609.78,600.24,531.32,543.11,577.03,591.92,575.58,607.58,541.79,542.0,573.98,636.72,,,556.96,570.9,527.71,547.33,594.06,602.33,552.13,570.25,565.77,560.37,536.61,562.71,578.57,520.48,615.39,542.97,538.92,561.05,582.05,608.92,545.75,553.14,536.79,584.13,535.66,545.17,544.32,560.57,530.82,543.87
2010-04-19,549.9843268335984,564.5824049461911,561.0508451768062,570.6378267202153,535.74,554.65,592.22,594.98,522.04,528.68,584.27,575.75,553.63,580.53,547.18,560.69,606.5,603.41,531.11,544.07,578.81,588.88,561.46,609.82,539.28,540.16,577.24,635.94,,,552.44,566.8,493.0,509.31,596.1,596.34,547.89,564.38,565.77,574.96,548.05,574.15,578.57,520.48,555.73,543.81,539.76,548.32,587.05,610.59,540.5,547.82,513.1,568.06,529.82,523.5,541.8,558.89,515.73,527.21
2010-04-12,547.6860817030671,561.8772913881375,559.8589229184503,569.0988503913544,534.91,552.15,607.09,595.79,522.04,528.68,581.75,570.22,545.1,559.54,538.78,546.83,606.48,598.01,520.56,522.61,585.15,596.72,562.7,611.34,550.91,543.76,570.43,623.42,,,552.41,566.57,493.0,509.31,596.52,593.62,544.6,561.57,580.45,574.96,537.52,563.67,578.57,520.48,555.73,542.97,531.94,539.94,585.38,607.26,542.52,550.55,518.78,565.26,529.82,523.5,531.72,548.81,508.65,519.94
2010-03-29,540.7823257117861,543.1607730238262,558.7543242701546,551.37961133929,521.15,535.74,554.2,556.12,498.52,491.87,569.27,557.83,528.06,540.15,564.2,559.85,600.12,574.45,513.21,522.34,571.23,567.44,555.12,584.87,528.83,512.57,561.61,611.54,,,529.94,537.87,493.0,509.31,583.91,578.57,533.25,550.13,552.08,532.23,513.04,535.62,527.72,478.11,546.49,516.08,517.56,526.56,568.72,578.92,537.48,546.67,509.0,530.79,521.49,511.83,515.75,526.96,485.03,493.8
2010-03-22,526.0622817087157,532.5216521945573,539.1436948441383,539.1249129753261,511.99,528.24,543.45,540.42,498.52,491.87,557.95,550.12,530.76,543.79,511.89,516.99,591.63,571.34,513.32,523.3,562.17,560.01,555.12,584.87,531.59,511.31,559.23,608.33,,,531.53,539.89,493.0,509.31,583.07,577.7,526.62,540.53,552.08,532.23,524.72,527.46,527.72,478.11,538.08,511.04,511.06,519.99,563.72,573.09,534.42,543.55,501.72,526.0,503.99,495.17,519.95,513.51,478.71,485.26
2010-03-15,526.5845012706486,531.2387738967974,546.0466211132388,540.4039025511818,499.49,514.07,557.5,552.82,498.52,491.87,553.46,535.18,523.77,540.38,548.02,546.41,593.71,564.81,492.12,512.22,560.14,553.37,509.18,554.18,525.32,507.8,550.55,602.51,,,534.45,543.81,469.86,490.3,571.96,568.27,522.63,533.43,552.08,532.23,487.63,502.06,527.72,478.11,544.81,509.36,502.8,519.57,557.05,568.92,522.54,531.89,492.47,517.69,503.99,495.17,515.75,497.55,462.08,469.1
2010-03-08,503.8662957236239,514.6884485546286,517.231815668228,521.2411137645655,467.82,479.07,498.0,493.31,479.6,478.58,549.41,534.62,509.26,534.54,490.88,502.71,567.86,546.49,482.0,506.36,542.49,542.13,505.87,538.73,512.78,501.28,529.75,591.8,,,513.89,531.41,469.86,490.3,563.02,561.84,512.83,531.19,540.03,524.84,489.41,515.49,527.72,478.11,531.36,495.91,494.85,511.53,540.38,559.76,512.01,521.97,494.25,519.56,468.16,470.17,502.31,484.1,449.76,458.92
2010-03-01,490.3550778503675,507.54630421859235,503.1404608287075,515.7594793606761,455.32,474.07,515.36,518.11,469.88,472.44,526.74,516.71,494.16,520.06,469.87,485.9,557.06,538.92,490.63,517.71,528.53,530.41,490.02,531.98,509.52,501.53,528.8,583.37,,,506.32,523.96,469.86,490.3,546.98,561.06,501.6,519.61,522.7,524.84,477.21,503.26,527.72,478.11,512.87,494.23,488.53,505.53,530.38,550.59,493.05,484.56,481.73,515.01,468.16,470.17,487.18,474.02,435.47,444.77
2010-02-22,478.363914104377,492.6983699705874,486.2805200499394,496.49270927151906,439.49,454.9,499.65,493.31,450.46,450.46,526.05,515.89,484.3,511.2,447.39,454.18,559.14,541.0,473.05,498.11,518.61,526.33,494.43,538.73,483.52,475.19,512.45,565.12,,,488.15,505.68,464.9,485.35,528.58,539.57,507.77,520.11,509.82,499.72,488.79,514.83,536.2,478.11,509.51,494.23,473.19,490.72,516.22,538.09,477.69,496.53,479.56,512.69,470.66,460.17,471.21,474.86,440.59,452.13
2010-02-15,471.78029875647337,482.4693311783325,476.836162277977,482.7073911144782,423.65,444.07,458.33,456.12,442.79,441.76,526.05,515.89,482.21,508.71,437.1,442.21,535.49,517.35,473.37,498.37,510.79,511.31,510.76,555.11,477.91,464.16,505.05,559.58,,,485.85,503.38,464.9,485.35,525.15,523.03,496.74,509.67,495.28,485.54,489.34,503.75,536.2,478.11,472.54,465.66,469.18,487.29,511.22,528.92,489.5,497.97,443.7,475.79,470.66,460.17,473.74,482.42,449.95,467.47
2010-02-08,478.9621857762444,487.72972123622264,489.7055983151698,490.7632326036081,441.15,459.9,446.76,443.73,446.36,450.46,526.05,515.89,481.06,506.85,460.63,466.57,531.15,515.17,473.05,498.27,516.32,516.9,510.76,555.11,484.1,469.09,513.64,560.32,,,472.68,499.51,464.9,485.35,536.68,529.45,504.29,520.86,504.03,494.88,489.14,503.54,536.2,478.11,485.98,457.26,464.41,480.53,509.55,526.42,486.9,495.33,440.09,473.65,470.49,469.67,474.58,494.18,446.15,464.02
2010-02-01,477.88283172731707,486.4079632319447,487.16739058623006,488.2695530945439,425.32,448.24,464.94,443.73,438.7,442.27,526.05,515.89,487.28,515.12,463.99,472.46,527.84,502.19,473.05,498.11,507.63,510.57,504.14,543.39,475.41,462.32,512.93,561.35,,,477.12,504.7,464.9,485.35,529.83,523.7,505.19,521.49,504.03,494.88,475.22,489.61,536.2,478.11,480.94,455.58,468.79,490.01,508.72,528.09,492.94,501.47,444.9,473.79,470.49,469.67,475.42,549.65,446.35,464.29
2010-01-25,480.0827395031185,491.7707027922262,491.5448133333864,496.000755463338,442.82,461.57,455.03,459.07,438.7,442.27,526.14,515.89,493.32,520.55,470.71,481.7,542.91,516.19,473.05,498.27,511.93,517.85,510.76,555.11,478.33,469.34,512.89,562.04,,,477.55,502.2,464.9,485.35,530.86,532.96,499.92,515.93,504.03,494.88,478.98,493.39,502.3,469.63,487.66,464.82,466.57,487.47,522.05,537.26,489.09,497.55,431.84,462.11,475.49,481.33,471.21,474.99,444.72,462.61
2010-01-18,484.064098625226,500.02356298342704,496.40226949748495,505.5580874031795,462.82,482.4,481.47,484.3,452.5,457.1,526.14,515.89,502.14,529.38,476.59,493.47,538.85,514.26,473.05,500.13,515.47,522.85,509.34,532.19,486.78,481.05,517.08,566.07,,,489.74,519.09,464.9,485.35,532.62,541.6,504.13,518.87,504.03,494.88,489.34,503.75,502.3,469.63,487.66,474.06,477.46,499.61,526.22,544.76,490.66,499.15,441.48,479.1,475.49,481.33,473.74,476.67,441.05,458.34
2010-01-11,487.9074950258456,499.6203099981125,508.61054176838763,509.1647648033052,466.99,489.07,488.91,501.66,442.79,446.36,492.4,498.77,475.37,505.18,519.45,505.23,552.88,535.81,457.71,480.37,519.12,529.48,520.37,545.56,483.6,482.38,505.17,546.54,,,492.03,521.24,420.27,431.63,528.3,537.81,490.76,505.9,504.03,517.23,477.15,497.36,502.3,469.63,498.59,485.83,454.09,475.24,517.05,536.42,480.82,488.66,454.14,495.42,440.49,446.33,473.74,476.67,423.2,440.92
2010-01-04,460.09427114682967,478.06760560327467,472.20361154301924,484.97457299918204,430.32,455.74,438.5,461.16,428.98,431.54,493.1,498.81,450.13,475.46,449.7,464.89,527.04,517.5,432.15,444.85,502.97,510.96,501.89,536.6,441.37,458.22,485.26,525.05,,,475.65,504.8,420.27,431.63,514.31,523.22,442.88,450.43,480.35,476.93,453.84,479.88,502.3,469.63,487.66,476.59,449.74,462.87,502.05,520.59,469.76,477.42,446.58,487.88,440.49,446.33,472.89,474.99,413.56,430.14
2009-12-21,444.16111371494515,463.5302828976949,453.0763596242092,467.86795874708673,426.99,453.24,424.45,447.11,405.97,407.51,509.12,498.81,458.39,483.16,428.69,453.13,493.05,488.88,454.86,467.81,471.1,483.57,471.91,519.88,437.36,439.66,475.79,502.64,,,452.77,481.14,420.27,431.63,489.32,504.78,434.77,447.72,452.78,452.56,431.94,446.38,570.09,469.63,457.3,454.85,429.67,451.36,481.22,503.92,474.07,486.09,394.48,444.18,439.66,445.5,475.42,478.35,417.8,433.98
2009-12-14,446.6160723035752,462.45608761089466,454.2115690387304,465.8022480688839,430.32,456.57,439.32,463.64,417.73,420.29,509.16,498.81,469.56,494.93,421.13,435.48,488.74,478.12,455.07,468.34,477.73,485.13,468.88,511.19,444.97,442.75,484.12,506.79,,,465.45,483.71,412.83,424.19,494.59,501.07,450.2,460.04,452.78,469.44,443.87,446.63,570.09,469.63,460.66,454.85,440.74,463.02,490.38,510.59,470.1,482.02,389.16,435.69,447.99,448.0,477.94,474.99,423.66,434.01
2009-12-07,458.33703588508564,469.56788528788604,469.71933191812553,473.78776939895266,448.65,470.74,449.24,451.24,403.93,400.86,509.16,498.81,473.05,496.97,449.7,457.33,511.31,494.25,456.03,469.41,485.53,491.67,484.59,519.88,448.65,443.59,483.94,507.55,,,470.21,488.55,457.23,474.19,503.56,508.72,468.27,471.49,482.13,469.44,455.0,469.43,570.09,469.63,473.27,459.89,445.51,471.58,491.22,508.09,472.74,484.74,409.56,447.63,447.99,448.0,488.02,469.95,422.93,434.79
2009-11-30,454.4364191740002,465.1914468572681,464.4310051509369,468.8244631744373,440.32,459.07,452.55,449.59,408.02,405.46,509.16,498.81,470.36,492.87,435.42,438.84,509.11,488.82,456.56,470.05,482.42,488.59,484.59,519.88,444.97,442.25,488.2,511.02,,,464.0,480.87,457.23,474.19,503.74,508.25,476.19,480.13,482.13,469.44,465.82,480.22,570.09,469.63,471.59,458.21,443.56,468.83,495.38,512.26,467.78,479.65,412.5,444.36,447.99,452.17,481.3,470.79,421.39,432.78
2009-11-23,460.9915259319909,471.60699411696135,471.7823593887621,475.3834388884073,448.65,470.74,424.45,424.8,419.78,418.24,507.3,498.15,471.1,494.84,452.22,458.17,516.7,497.48,444.53,450.88,488.24,494.69,491.07,527.46,452.66,448.77,485.53,512.51,,,475.76,499.58,442.36,455.18,509.97,514.19,469.34,475.64,482.13,476.92,465.62,480.02,561.62,461.16,474.11,459.89,451.03,477.64,491.22,508.92,466.51,478.34,418.7,453.37,447.99,452.17,481.3,470.79,425.87,436.87
2009-11-16,458.9300935079333,471.7414731426179,468.28652054354313,475.04897997344176,441.15,467.4,446.76,449.59,419.78,418.24,493.74,488.12,480.53,503.89,446.34,457.33,505.99,486.78,442.5,449.44,486.54,493.3,452.62,477.34,451.33,450.44,492.37,518.47,,,485.01,508.87,442.36,455.18,504.84,507.52,464.34,467.91,482.13,476.92,460.31,468.9,561.62,461.16,474.11,466.61,460.78,487.54,495.38,513.09,464.69,476.48,411.21,446.23,456.32,458.0,480.46,470.79,426.26,437.54
2009-11-09,462.4690819238197,476.9478005470818,474.7757088306111,482.4088588227195,446.15,470.74,436.84,455.37,419.78,418.24,493.98,488.12,481.29,503.96,454.74,469.94,516.71,503.94,435.9,442.25,493.79,501.39,467.24,493.47,457.43,454.63,494.71,519.15,,,475.29,498.18,442.36,455.18,513.57,518.22,466.55,470.57,482.13,476.92,454.23,480.29,561.62,461.16,479.99,466.61,451.92,477.52,497.88,514.76,464.86,476.65,417.07,458.72,456.32,458.0,467.85,469.95,423.1,435.28
2009-11-02,462.56468276448516,475.937121172664,478.5817243011692,483.7520895353005,436.99,463.24,426.93,443.8,431.03,442.27,491.43,486.0,456.67,481.47,469.03,476.66,524.16,511.39,446.44,451.94,495.31,502.48,476.48,499.54,451.24,454.29,490.44,519.16,,,458.46,488.06,459.71,461.79,515.07,522.47,466.31,470.85,443.2,476.92,453.97,480.02,561.62,461.16,481.67,468.29,431.87,457.43,491.22,513.09,463.94,475.71,435.65,471.54,426.32,431.33,466.17,468.27,412.13,422.53
2009-10-26,450.2741769159599,468.53027734816243,465.63057676251077,477.22013020739104,432.82,461.57,426.93,443.8,421.31,433.58,474.26,469.45,449.7,477.7,443.82,459.85,510.12,502.73,437.71,435.16,485.07,495.7,466.27,498.02,444.8,452.03,478.76,514.11,,,460.8,489.47,469.71,471.79,508.12,515.81,455.61,459.73,443.2,476.92,430.6,444.99,561.62,461.16,474.11,468.29,426.39,451.87,481.22,507.26,442.37,452.23,429.02,475.78,426.32,431.33,451.89,459.03,398.53,408.2
2009-10-19,438.1071295292275,457.654277360691,452.7119262531775,466.92520160369423,408.65,439.9,398.83,428.1,402.39,405.46,474.01,504.96,434.77,463.06,439.62,471.62,498.27,494.11,439.84,435.16,473.28,485.35,464.74,487.91,421.56,430.71,457.35,507.73,,,446.42,470.17,459.71,461.79,489.72,499.07,445.81,448.27,443.2,461.63,419.66,434.07,561.62,461.16,458.14,459.89,428.03,438.73,464.55,481.42,441.78,451.63,414.7,455.19,409.66,413.83,451.05,450.62,384.85,396.23
2009-10-12,422.85324271992914,440.32976676549396,435.627071292219,448.0532885327121,388.65,415.74,410.4,430.58,392.68,394.72,467.38,462.18,435.17,452.26,408.53,434.64,471.37,469.36,423.01,416.52,458.29,465.93,445.71,471.78,412.36,417.58,455.03,513.1,,,441.5,464.94,459.71,461.79,478.65,482.46,433.05,426.63,443.2,446.8,430.54,433.27,561.62,461.16,437.98,434.68,428.25,433.79,457.88,477.26,432.77,438.72,383.77,432.42,409.66,413.83,453.57,450.62,373.57,382.65
2009-10-05,430.8570971603903,442.89582451797395,444.67157560605153,449.88917416527465,386.99,414.9,422.79,440.5,392.68,394.72,477.84,479.6,448.04,462.73,448.02,463.21,473.52,471.5,423.12,415.88,449.57,457.45,447.64,487.91,405.51,409.89,456.03,514.18,,,445.68,469.55,459.71,461.79,466.32,476.3,430.27,422.45,428.17,446.8,431.08,433.82,561.62,461.16,431.25,426.28,436.09,436.82,460.38,476.42,435.0,440.98,383.58,432.98,427.16,423.0,464.49,450.62,381.63,390.93
2009-09-28,425.65627299609235,437.5516195372554,436.15724869302954,442.75090171674685,404.49,423.24,385.46,408.23,392.68,388.08,487.22,488.68,460.68,473.46,412.31,428.34,454.29,450.12,423.65,414.82,453.51,459.32,430.13,487.91,421.39,415.08,469.46,521.8,,,465.02,477.44,469.71,471.79,470.17,473.4,431.28,424.13,445.76,447.42,444.31,441.21,578.57,469.63,421.17,416.19,444.44,439.13,467.88,477.26,441.48,447.54,362.87,416.54,427.16,423.0,472.05,450.62,384.7,393.69
2009-09-21,441.55165698720054,447.1666471479685,452.2979051739912,451.97660624136574,412.82,428.24,432.09,432.85,386.54,372.74,499.7,502.0,473.29,484.48,428.06,444.1,483.38,469.54,423.65,414.93,470.61,466.68,485.95,506.77,421.73,415.08,475.96,526.72,,,460.16,472.64,469.71,471.79,491.99,486.5,435.28,429.45,462.3,447.42,456.21,448.41,578.57,469.63,448.9,431.32,456.36,449.81,472.88,480.59,474.0,464.22,400.83,442.35,441.32,437.17,477.1,451.46,396.49,404.51
2009-09-14,449.1509603984028,448.17538682654725,459.4332041717156,451.3575471378435,424.49,440.74,456.68,453.72,402.39,390.12,501.03,503.09,478.63,487.15,443.82,427.92,481.1,468.33,443.99,434.26,472.77,467.93,468.99,480.85,431.76,420.68,484.27,531.1,,,457.17,471.47,458.97,459.4,494.37,487.82,441.99,436.05,462.3,447.42,464.25,461.13,578.57,469.63,443.02,427.12,458.1,449.09,483.72,486.42,473.0,463.24,392.88,430.0,441.32,437.17,472.05,449.78,413.65,420.14
2009-09-07,458.87879779459684,460.066717664437,468.8043107617017,464.26296841987215,428.65,448.24,475.69,460.33,427.45,418.24,506.49,505.68,485.4,491.66,456.42,459.85,492.91,467.25,445.27,435.06,482.65,477.92,477.82,478.36,443.13,432.89,496.64,540.79,,,472.51,487.77,458.97,459.4,496.04,489.38,469.12,461.93,462.3,449.16,464.44,455.44,578.57,469.63,452.26,434.68,473.97,463.95,500.38,506.42,476.4,466.57,411.16,440.68,462.16,452.17,479.62,451.46,420.41,424.89
2009-08-31,462.22099371670794,466.9711115143558,472.6244288715767,471.94745065958483,439.49,454.9,478.17,480.17,428.98,416.2,517.85,506.49,492.6,496.58,444.66,451.45,495.09,483.4,456.35,443.42,492.24,489.44,481.54,494.49,451.16,440.49,507.42,543.85,,,484.96,492.8,458.97,459.4,512.72,507.71,474.68,467.96,480.81,477.57,469.59,460.6,578.57,469.63,469.91,448.12,469.47,472.02,509.55,513.92,478.94,469.05,418.04,447.5,462.16,452.17,481.3,452.3,422.19,426.05
2009-08-24,471.32303064509034,471.1229656773272,484.0609235117961,476.3446298873221,445.32,459.07,490.56,482.65,440.74,424.89,531.1,519.16,496.65,497.28,465.25,461.95,515.51,498.45,445.17,431.6,504.64,495.14,502.49,477.4,458.18,443.34,512.34,543.0,,,492.01,489.0,458.97,459.4,516.23,509.43,476.47,470.83,480.81,477.57,471.33,462.31,578.57,452.68,479.99,456.53,471.51,471.06,516.22,515.59,479.14,469.25,430.69,468.4,465.49,443.0,479.62,452.3,424.48,428.59
2009-08-17,476.1882600827124,472.73704284040286,493.1935076333488,480.84647981898723,451.15,463.24,512.88,492.56,440.74,424.89,531.1,519.16,496.65,495.55,480.79,471.62,521.93,490.9,446.23,432.77,510.74,495.89,526.73,526.53,462.19,447.02,514.52,541.19,,,481.68,478.39,467.23,461.87,522.58,513.36,482.06,475.16,503.03,477.57,465.77,444.93,578.57,452.68,484.19,453.17,472.04,454.81,514.55,513.92,478.86,468.97,423.02,452.27,465.49,443.0,477.94,441.38,419.59,424.57
2009-08-10,470.2278171846076,466.65827089934396,483.9317517972645,472.3559148302777,442.82,459.9,474.03,451.24,446.36,426.94,500.7,493.35,474.08,480.5,453.9,448.93,520.75,491.87,456.46,431.86,510.95,496.03,528.94,528.87,461.86,439.16,504.39,533.72,,,475.2,468.95,467.23,461.87,525.53,516.36,471.6,474.67,475.3,464.27,459.48,438.65,578.57,452.68,496.8,458.21,484.3,463.14,528.72,497.26,480.56,470.64,441.79,471.27,426.32,411.33,465.33,444.74,414.57,422.54
2009-08-03,461.5067277921495,457.4985014645404,473.5895422429863,461.7622005776045,418.65,435.74,477.34,454.55,428.98,414.15,492.48,489.07,473.01,486.03,469.03,469.1,510.01,468.24,406.82,403.1,488.17,474.61,519.29,509.57,429.67,416.25,483.01,523.96,,,470.57,476.08,467.23,461.87,502.69,497.0,454.6,492.9,475.3,449.03,446.59,425.83,578.57,452.68,469.91,438.88,489.66,467.07,477.05,487.26,451.32,457.38,438.13,451.82,426.32,411.33,466.17,445.58,409.96,418.65
2009-07-27,445.97178240184263,445.55306363029575,454.8856618731982,448.8706676181758,412.82,431.57,461.64,444.63,402.39,383.47,474.36,472.19,466.7,478.13,428.48,431.07,501.42,460.72,406.82,401.5,466.18,461.47,512.39,501.03,422.98,410.81,464.0,510.69,,,454.32,465.89,467.23,461.87,502.17,495.98,440.61,446.33,452.16,449.03,434.77,413.99,587.04,461.16,464.03,439.72,487.86,465.24,463.72,468.92,450.83,456.89,421.03,442.03,427.16,411.52,465.33,448.94,400.52,407.87
2009-07-20,431.96074921222845,427.4985184171612,436.8954941491678,426.6687021950665,401.15,418.24,393.45,409.59,382.96,362.0,485.55,472.19,470.33,480.22,408.53,401.87,471.25,439.15,406.82,400.28,455.64,440.32,489.51,486.27,415.71,395.68,462.65,511.16,,,445.9,457.1,439.13,442.87,478.74,464.43,430.85,431.54,437.1,416.01,447.8,415.18,587.04,461.16,429.57,411.15,481.08,459.48,464.55,471.42,437.57,453.49,388.28,415.64,427.16,411.52,466.17,453.14,403.39,411.24
2009-07-13,435.69380951806755,435.04441153406304,442.2154893104335,435.82881327237527,414.49,432.4,393.45,409.59,411.6,388.08,507.37,495.6,476.58,487.73,408.74,407.96,461.65,423.1,406.82,400.39,467.62,452.52,493.14,496.5,418.97,404.12,476.8,528.76,,,454.99,471.53,439.13,442.87,485.61,472.55,432.58,432.77,473.39,454.06,483.49,450.84,587.04,461.16,431.25,414.51,476.42,455.7,481.22,488.92,439.14,455.12,379.3,399.3,460.45,441.67,470.37,464.07,405.49,418.1
2009-07-06,453.66076952534394,454.29057190225734,462.93821896015135,456.6688216920856,439.49,455.74,448.41,438.02,444.83,414.15,507.65,476.2,489.21,498.38,441.72,440.1,480.92,450.97,417.63,400.39,482.91,473.67,493.14,496.5,440.2,425.61,486.54,536.65,,,483.79,499.62,439.13,442.87,502.19,490.48,446.31,445.34,473.39,454.06,485.64,452.85,587.04,461.16,441.34,424.6,483.09,463.05,492.88,494.76,440.76,456.8,398.52,426.08,460.45,441.67,469.53,471.63,416.49,432.05
2009-06-29,462.0186990019042,461.7715420825386,473.3451353872209,465.1001101484294,433.65,452.4,499.65,457.03,444.83,414.15,507.68,476.2,495.27,503.83,456.0,455.23,500.25,475.67,460.84,443.88,497.89,481.91,493.14,496.5,451.24,431.63,458.73,536.65,,,494.87,503.36,439.13,442.87,512.22,495.02,457.78,454.59,473.39,467.32,483.59,450.98,493.93,472.68,468.23,444.76,472.65,453.29,516.22,501.42,440.22,456.24,415.25,450.31,459.62,433.79,468.69,469.95,419.95,437.87
2009-06-22,475.895024972102,465.7856436199274,494.10801189932755,471.31934626228065,461.99,460.74,499.65,457.03,456.08,424.89,507.72,476.2,484.44,497.68,487.52,464.05,533.69,484.39,472.59,439.54,512.52,488.42,514.65,502.02,473.4,439.91,508.58,531.23,,,488.37,488.13,391.2,420.55,532.72,508.74,486.31,465.53,499.1,452.9,486.15,453.37,493.93,472.68,469.91,442.24,454.61,434.09,508.72,491.42,439.51,455.5,436.16,456.11,459.62,433.79,449.37,452.3,417.87,439.64
2009-06-15,467.75701014826427,454.9449789731921,486.6487757203221,460.4907872018399,449.49,454.07,462.18,440.5,437.16,416.2,506.28,474.67,459.15,472.83,481.63,441.36,537.84,477.81,438.3,422.86,490.51,479.94,509.4,511.9,457.85,429.79,490.34,513.72,,,471.95,469.33,391.2,420.55,523.56,501.63,479.31,456.14,496.88,452.9,475.79,443.31,493.93,472.68,510.24,456.53,428.77,411.34,495.38,480.59,439.54,455.53,453.37,451.61,438.78,396.29,432.56,436.34,407.07,432.96
2009-06-08,448.15878673386004,440.91618257346425,467.9543546571649,446.3943248341824,434.49,427.4,481.19,448.76,427.45,405.46,486.67,453.0,428.99,444.18,455.58,427.92,514.2,457.4,438.3,440.74,476.3,468.4,496.71,498.53,441.54,411.82,475.44,495.49,,,443.62,443.41,391.2,420.55,505.47,485.44,467.51,443.39,471.69,429.69,444.25,423.6,493.93,472.68,485.03,441.4,423.58,406.63,483.72,463.92,403.51,461.29,436.26,434.52,438.78,396.29,417.43,422.05,382.13,413.96
2009-06-01,436.98825200282334,423.34041834510776,455.9412259180654,424.70111460916297,391.99,394.9,459.7,422.32,410.06,372.74,465.68,452.78,433.81,442.85,446.55,412.16,501.36,452.07,422.49,390.64,458.15,440.79,470.8,473.16,426.66,386.9,469.02,475.39,,,431.34,437.82,391.2,420.55,499.17,464.25,440.44,418.75,471.69,409.59,431.12,410.56,493.93,472.68,466.55,420.39,416.55,400.34,478.61,456.56,407.26,465.58,425.8,431.56,410.45,394.62,409.87,416.17,371.34,413.08
2009-05-25,428.7717900485788,419.24410486721587,446.96911542977375,420.89298019650903,384.49,397.4,459.7,422.32,411.6,370.69,463.07,453.0,422.72,448.1,433.95,399.56,498.1,435.92,422.6,389.71,459.71,442.86,455.08,452.07,424.4,386.48,454.62,477.13,,,430.54,441.82,391.2,420.55,488.55,460.36,434.58,418.05,471.86,409.59,413.82,399.07,493.93,472.68,456.46,401.07,405.3,400.24,460.6,456.08,408.44,466.93,430.86,406.13,410.45,394.62,394.74,417.01,361.34,407.25
2009-05-18,411.8393143801067,421.4063814658884,429.3158893052488,425.63058648139,386.15,412.4,411.77,435.54,394.21,386.03,439.99,452.78,411.57,446.65,417.35,408.17,483.11,439.19,390.53,387.11,440.25,444.71,425.16,455.33,404.17,390.58,435.81,477.06,,,410.52,436.08,391.2,420.55,464.37,465.41,427.64,416.31,448.43,419.86,407.93,399.01,493.93,472.68,456.46,401.07,384.07,387.51,439.92,450.03,408.19,434.43,410.38,408.58,379.62,376.29,393.06,414.49,347.1,404.45
2009-05-11,400.86797185924416,418.1366118814941,420.1389717818469,422.1089562901685,371.99,406.57,411.77,427.28,371.2,370.69,439.99,452.78,383.81,432.16,413.57,411.95,462.48,440.06,390.53,387.11,428.65,437.16,425.85,455.33,388.11,379.21,418.32,472.72,,,420.24,446.49,359.8,376.75,460.48,469.57,409.35,404.99,418.69,419.86,407.29,410.03,493.93,472.68,437.98,410.31,368.41,393.62,424.33,446.96,389.33,431.81,398.46,419.47,379.62,376.29,374.58,406.93,331.62,394.62
2009-05-04,376.0962026436322,413.2212130168189,388.22544332317733,416.8967279345658,356.99,393.24,383.67,401.66,361.49,370.69,440.29,453.08,387.99,437.27,360.42,427.08,438.89,420.77,373.53,382.51,412.31,429.78,384.9,429.69,370.81,372.94,417.12,475.52,,,404.73,441.98,359.8,376.75,422.1,453.55,387.23,399.78,401.35,398.43,396.22,398.96,493.93,472.68,410.24,389.3,363.54,391.39,422.29,450.88,386.38,428.55,363.01,391.22,377.95,387.65,369.53,406.93,325.23,395.64
2009-04-27,379.2511261225963,411.51062565305705,398.4872170071513,416.2474794514371,363.65,408.24,402.76,413.23,361.49,370.69,432.68,448.73,388.98,437.79,383.74,399.14,429.2,419.66,373.53,382.51,416.85,436.34,385.31,432.72,378.25,383.47,417.81,477.08,,,394.54,435.84,359.8,376.75,433.98,456.32,385.37,398.88,412.29,408.9,390.34,398.9,493.93,472.68,394.28,380.9,333.93,377.49,417.52,452.78,383.48,425.33,353.49,396.47,377.95,387.65,367.85,406.08,316.79,391.09
2009-04-20,375.8022032453231,412.1628995013899,392.1844768220403,414.9661898481565,345.32,404.9,402.76,425.62,349.73,370.69,422.61,443.76,371.16,425.0,370.29,386.32,444.2,442.18,373.53,382.51,413.51,435.58,398.42,455.45,375.74,386.56,405.96,473.51,,,378.73,425.1,344.92,381.71,432.92,453.52,381.22,394.29,402.97,412.12,378.74,387.31,493.93,472.68,401.0,398.54,352.83,400.17,412.38,445.85,382.4,424.13,362.66,404.12,367.95,385.98,363.65,400.2,315.77,394.78
2009-04-06,369.55850529048024,412.220505447286,386.97287734868604,416.0879928827244,321.99,384.07,394.5,439.67,349.73,370.69,421.07,436.76,380.79,435.94,378.9,416.78,431.36,441.16,347.31,354.62,404.81,430.57,387.94,454.08,363.62,381.97,403.01,472.04,,,390.46,437.68,344.92,422.85,415.89,437.25,368.45,385.72,402.97,396.23,382.83,397.21,493.93,472.68,387.56,397.7,356.44,404.6,402.27,435.3,389.9,432.45,345.62,396.0,346.28,360.15,360.29,401.04,301.63,382.58
2009-03-30,360.27022203210294,405.1568673609296,380.12859177146964,411.8607796826838,311.33,385.25,378.39,415.71,349.73,370.69,400.73,431.55,344.66,399.06,359.79,398.51,428.12,441.14,347.2,354.62,402.29,427.32,387.67,454.77,364.62,383.64,391.89,461.71,,,355.99,400.72,344.92,422.85,424.68,444.94,359.61,370.22,402.97,417.23,348.83,374.86,476.98,464.21,384.19,397.7,326.34,369.83,387.43,416.96,383.44,425.28,338.49,395.12,346.28,360.15,346.84,401.04,291.46,372.24
2009-03-23,341.7917828950002,388.46522289662323,357.4700031177218,391.7754354323112,304.66,361.08,370.13,409.09,326.72,344.62,398.9,415.88,354.82,410.09,326.38,365.94,407.62,416.34,347.2,354.62,378.28,410.36,369.33,433.26,341.12,355.71,375.51,452.17,,,353.56,398.7,318.47,431.11,406.4,432.42,356.38,373.63,375.29,378.79,371.11,397.15,476.98,464.21,375.79,393.5,324.18,373.46,382.44,411.85,361.51,404.63,320.69,376.76,337.95,352.65,331.72,400.2,280.32,367.85
2009-03-16,339.6502519062911,385.20296362462176,354.3405978400104,385.2635961545606,308.83,366.08,382.11,410.42,319.05,335.92,384.34,416.13,365.8,417.35,326.17,350.61,374.05,391.35,330.3,390.8,374.27,405.43,314.21,439.02,338.45,352.12,376.53,453.99,,,369.72,410.8,318.47,431.11,406.83,426.02,355.85,375.91,357.32,378.8,362.13,411.6,476.98,464.21,359.82,366.61,332.93,391.68,380.58,412.04,350.42,424.99,308.73,365.25,337.95,352.65,332.56,401.04,282.97,374.24
2009-03-09,339.93479252288796,388.15543923063785,355.11909931391364,390.0992759176945,302.16,370.25,379.46,410.91,319.05,335.92,384.34,416.94,346.36,402.15,326.17,356.49,401.16,398.07,330.63,394.05,384.09,413.06,301.81,443.84,345.22,359.22,373.92,457.4,,,344.14,391.83,318.47,431.11,403.23,425.45,365.03,388.13,380.68,378.8,361.64,411.72,476.98,464.21,366.55,374.17,318.23,372.76,375.01,414.2,349.63,424.02,314.04,360.81,341.0,366.09,332.56,403.56,285.77,379.98
2009-03-02,336.2770473158902,393.0382648812334,348.19464138841346,393.7629280050186,302.16,381.91,349.71,396.61,319.05,335.92,384.88,429.82,341.54,394.8,317.77,367.42,406.51,412.01,330.74,394.7,364.43,417.28,318.62,464.66,335.69,358.47,367.44,459.87,,,337.37,396.11,318.47,431.11,399.52,427.72,363.73,406.99,360.37,376.05,384.41,398.79,476.98,464.21,364.03,376.7,313.47,378.14,379.64,421.28,349.06,423.33,313.77,374.33,341.0,366.09,332.56,405.24,292.81,393.68
2009-02-23,336.2869575235785,399.63791588388807,347.43025314912353,399.60117006701734,300.49,384.41,373.69,415.87,319.05,335.92,388.34,446.66,344.91,394.12,313.57,366.57,370.05,393.8,330.85,395.24,369.2,418.52,310.22,447.98,345.72,367.08,386.8,479.2,,,359.63,426.3,318.47,431.11,388.74,438.03,363.04,410.39,360.37,389.5,345.43,428.84,493.93,506.58,353.94,377.54,327.19,392.64,392.36,438.21,354.66,444.99,290.26,367.58,345.17,387.17,332.56,423.73,298.41,402.22
2009-02-16,343.6934424394784,414.9875865972787,360.3302308067708,420.8090168357916,327.16,411.91,378.23,425.16,334.39,362.0,388.34,447.91,311.79,378.96,340.88,398.93,416.1,420.53,330.85,395.13,387.33,436.38,375.45,460.6,351.43,389.49,382.9,482.98,,,341.69,418.37,300.29,441.03,381.55,461.31,358.05,419.13,393.92,408.68,302.17,398.25,493.93,506.58,377.47,390.98,314.82,380.7,371.37,444.15,351.87,441.49,310.54,382.04,345.17,387.17,317.43,423.73,290.84,395.23
2009-02-09,341.9103861676517,422.63766386523906,358.6951979332424,428.254638954653,315.49,410.25,378.17,434.13,326.72,370.69,385.89,448.0,305.33,397.56,334.58,409.43,392.51,415.19,313.62,395.78,380.09,441.83,347.88,463.22,344.9,393.5,374.79,486.29,,,360.21,439.45,300.29,441.03,387.72,465.27,343.32,428.97,366.79,408.68,329.17,425.99,493.93,506.58,416.13,448.12,298.28,389.28,368.27,445.16,341.98,448.96,324.98,399.81,325.17,388.0,308.19,423.73,290.26,400.45
2009-02-02,330.0571918802842,418.511700223262,349.79486156580504,426.47344596676,298.83,402.75,348.83,412.76,307.29,357.91,359.49,440.53,301.32,393.36,321.97,405.23,385.99,426.91,314.6,396.21,369.89,441.87,348.02,479.21,335.79,395.34,364.72,487.87,,,325.23,411.59,300.29,441.03,389.48,462.49,342.46,435.57,366.79,408.68,289.81,399.04,493.93,506.58,402.68,446.44,287.04,385.71,348.09,451.51,297.71,420.58,325.2,413.34,325.17,388.0,308.19,423.73,269.13,381.37
2009-01-26,320.70165726087265,416.1718270634541,343.5349565053547,425.8804323548125,311.33,416.91,345.92,398.44,307.29,370.69,359.49,440.53,294.49,403.17,317.77,405.23,357.01,405.45,288.17,396.48,360.31,441.62,324.44,459.77,329.69,397.94,360.74,491.31,,,331.09,429.86,300.29,441.03,383.02,461.17,335.39,439.76,352.61,408.68,342.33,445.65,493.93,506.58,387.56,433.0,274.71,383.76,341.38,451.66,301.87,426.44,289.81,393.68,296.0,383.83,309.03,424.57,251.9,362.66
2009-01-19,319.1829527793646,424.1636909773142,343.3618170282586,435.8126697853896,294.66,411.08,318.22,419.03,296.04,381.43,343.83,417.81,298.87,413.63,326.17,426.24,366.8,428.14,287.73,398.06,352.28,448.61,357.83,508.36,322.66,404.54,350.75,494.13,,,312.59,418.11,300.29,441.03,379.67,468.76,335.33,453.66,352.61,408.68,343.16,446.55,493.93,506.58,392.6,453.17,256.75,369.56,326.94,437.71,298.13,434.83,292.2,401.69,296.0,383.83,308.19,424.57,249.82,367.61
2009-01-12,309.60782812693185,425.96926071979556,332.67712292191106,437.98867460301113,297.16,416.08,323.45,430.51,296.04,381.43,336.55,411.6,261.67,386.09,314.83,439.68,340.95,429.11,289.36,396.59,340.55,445.37,340.87,514.97,317.23,409.64,332.36,490.0,,,298.77,407.0,356.49,503.01,363.39,453.82,335.85,458.96,329.41,439.63,333.85,436.31,493.93,506.58,371.59,455.69,259.42,381.42,295.08,418.78,266.68,416.06,263.18,402.68,286.6,379.08,309.87,430.45,250.66,370.05
2009-01-05,278.93650994680894,396.2428505913879,292.9149338922327,402.97506511381164,244.66,365.25,295.11,422.74,266.9,355.35,354.46,451.73,268.35,389.75,250.54,384.22,296.02,384.22,249.28,371.03,303.81,409.63,305.03,477.48,266.31,363.07,315.63,488.32,,,312.76,426.33,356.49,503.01,338.2,429.07,294.38,424.28,286.55,383.88,329.77,432.64,493.93,506.58,348.06,441.4,260.12,380.37,311.92,429.56,308.67,439.49,226.38,374.78,286.6,379.08,317.43,465.75,234.36,347.23
2008-12-15,310.5060464655345,437.9592793392802,319.2841477873492,441.3988277326435,272.16,405.25,368.98,479.63,294.0,396.77,365.82,512.62,314.34,459.88,262.31,391.78,330.86,421.2,341.68,465.6,334.75,455.2,339.41,484.6,299.84,405.54,349.4,536.87,,,329.48,471.09,446.57,603.01,364.82,477.16,319.49,444.73,330.48,432.15,386.42,496.45,644.77,709.97,353.6,444.69,316.48,443.82,358.08,497.08,348.23,495.47,252.37,400.55,330.17,459.67,327.68,491.65,279.06,396.78
2008-12-08,334.33813223853923,473.5014208044973,343.07421011279973,475.2036605884348,299.66,446.91,380.62,518.32,315.47,444.32,384.14,512.9,336.94,492.15,304.32,448.93,345.92,452.37,341.89,465.33,359.01,482.14,352.65,512.45,322.02,436.23,370.06,560.04,,,360.43,513.88,446.57,603.01,375.84,504.52,336.33,465.38,377.81,463.23,395.33,523.26,644.77,709.97,357.8,468.22,345.88,477.59,372.5,527.71,392.65,535.69,270.96,425.54,330.17,459.67,367.94,517.34,301.09,448.93
2008-12-01,347.24585056277056,496.858139059685,351.22103298882803,497.5767971134832,327.99,485.25,388.31,527.65,321.1,463.75,393.74,539.2,348.64,505.34,299.28,461.53,377.06,481.36,358.25,487.32,369.87,506.93,377.19,537.81,330.61,461.65,372.23,572.12,,,379.15,543.98,446.57,603.01,391.8,528.54,357.03,489.84,352.59,488.43,410.91,562.17,644.77,709.97,388.89,510.24,368.09,502.98,388.13,546.11,398.77,544.04,303.32,458.74,371.83,511.33,385.6,538.6,323.08,479.03
2008-11-24,358.9703255670996,513.044789553822,363.8861004993986,516.1971501167445,347.16,506.91,388.98,545.99,355.86,479.09,431.22,556.05,386.4,528.89,321.97,489.05,341.38,478.87,412.41,525.99,375.9,523.7,353.62,539.05,348.58,488.4,404.26,599.67,,,402.35,559.18,446.57,603.01,397.76,534.19,355.65,487.96,379.09,523.11,416.89,568.15,644.77,709.97,372.09,511.08,386.07,515.65,419.77,570.89,400.55,546.47,286.66,464.5,371.83,511.33,414.06,558.44,336.02,485.8
2008-11-17,389.15420096337,539.44856425733,396.31592535081853,545.5320516417958,387.16,543.58,405.32,552.21,371.71,485.73,446.09,572.8,405.34,538.3,337.94,511.11,393.29,513.74,402.12,525.66,406.42,548.71,493.8,628.33,376.17,517.25,428.02,622.64,,,406.63,566.71,530.87,721.2,435.8,570.89,388.32,514.87,400.96,543.13,440.73,568.07,644.77,709.97,420.83,548.05,414.17,541.83,442.46,587.22,441.02,565.04,329.78,498.57,421.0,528.83,433.96,568.91,357.89,497.31
2008-11-10,411.7063924618715,560.1158204140612,418.0309598118706,565.0270486683436,417.16,561.91,436.67,576.39,394.72,500.56,471.94,585.02,428.51,556.36,366.51,550.61,390.12,530.99,412.41,526.1,425.91,559.13,496.96,651.63,398.86,533.71,457.11,631.39,,,433.12,585.68,530.87,721.2,454.76,585.27,435.45,536.18,416.17,566.7,463.97,580.53,644.77,709.97,430.07,577.47,469.19,588.97,462.48,592.38,447.56,573.42,331.04,524.53,421.0,528.83,454.04,577.37,382.84,517.8
2008-11-03,437.0234203628594,569.0426432683732,443.51950574976763,570.4723851206583,417.16,554.41,436.67,576.39,394.72,500.56,478.47,589.41,485.11,602.82,399.7,558.8,414.95,535.44,415.01,527.18,446.44,565.03,546.87,677.4,422.77,534.73,479.93,663.3,,,467.71,610.7,530.87,721.2,482.41,591.47,472.85,566.43,416.17,566.7,489.18,580.7,644.77,709.97,449.4,577.47,480.49,603.15,478.99,601.87,474.69,597.85,359.55,539.22,461.0,568.0,473.68,585.25,408.38,541.52
2008-10-27,451.82686233621934,581.6850698811586,460.60542598618025,587.5434007440427,435.49,560.25,468.56,595.66,412.11,515.9,531.31,636.37,527.32,638.72,422.81,581.7,452.06,562.76,429.2,542.18,474.14,596.88,546.87,677.4,432.76,546.21,487.43,655.56,,,455.04,588.05,530.87,721.2,491.44,603.92,493.28,586.76,454.83,566.27,515.41,618.85,610.03,689.63,471.25,583.35,461.92,559.52,511.33,625.12,535.57,641.06,374.6,526.15,461.0,568.0,492.64,599.93,416.52,547.28
2008-10-20,474.80838980508383,601.430375196186,473.3670954451338,601.0479389545156,448.83,569.41,500.96,637.56,412.11,515.9,534.27,648.15,520.61,630.59,410.21,573.3,434.81,543.35,459.86,564.66,504.22,611.42,538.11,692.35,461.51,564.76,529.25,689.89,,,491.02,612.83,530.87,721.2,513.38,620.9,515.99,604.41,498.68,612.19,537.06,638.15,610.03,689.63,484.69,588.39,512.54,615.0,545.33,648.97,541.8,648.52,381.29,535.54,546.0,652.17,534.24,635.83,479.74,608.24
2008-10-13,525.7302451911422,641.6221236877298,530.582884805755,644.1854252920507,490.49,611.08,542.98,679.83,468.35,574.19,573.2,675.68,556.48,662.56,481.63,611.11,518.61,603.55,494.42,597.7,550.51,660.14,604.01,738.53,516.34,616.95,583.76,735.31,,,546.68,662.66,611.87,757.56,562.26,658.47,546.76,627.68,549.94,654.96,582.39,661.96,610.11,689.63,537.63,621.16,527.03,630.73,579.13,692.41,549.87,652.97,440.79,574.21,546.0,652.17,576.16,686.98,518.82,642.17
2008-10-06,561.7849144832944,674.8274817937208,569.0418083446482,677.7955204753168,499.66,620.25,529.64,678.19,503.12,604.36,594.87,699.93,560.68,672.35,535.21,651.45,563.15,665.17,527.56,651.75,575.63,684.8,639.44,787.33,549.5,655.21,609.09,748.8,,,572.25,680.92,611.87,757.56,605.86,710.03,578.73,657.81,573.6,688.04,603.65,679.59,610.03,689.63,592.25,685.03,551.96,658.12,581.98,690.88,527.52,626.43,501.95,642.23,569.33,644.67,590.55,706.73,553.84,682.51
2008-09-29,568.2703091526251,677.3546598315489,577.4015207697609,679.4899366250075,530.49,647.75,588.47,682.34,514.37,600.27,594.87,700.67,570.95,690.39,537.52,648.3,577.05,671.55,552.26,650.83,578.81,680.75,648.12,793.95,554.5,656.63,618.8,750.21,,,593.18,697.64,611.87,757.56,613.83,712.64,595.95,669.7,591.87,688.04,612.79,680.45,610.03,689.63,624.19,706.88,567.87,676.89,587.23,691.8,562.01,667.39,521.81,663.03,569.33,644.67,591.94,708.46,542.02,668.16
2008-09-22,575.9193819512709,678.5097497720774,583.1726075884068,677.280171263469,531.33,649.41,589.74,677.14,528.17,600.27,638.67,708.75,597.34,723.15,539.62,644.73,547.1,646.98,558.65,650.4,593.93,690.8,617.38,760.86,557.19,643.87,613.38,745.74,,,626.69,719.19,655.67,812.93,607.23,704.73,600.37,673.75,615.31,655.4,613.31,681.03,704.61,776.53,662.84,698.47,591.93,702.67,628.63,713.96,587.07,689.05,505.66,632.55,591.83,675.5,601.86,712.33,555.0,681.8
2008-09-15,596.0040381531802,694.6171646195546,603.8368682184519,694.6809160284517,564.66,671.08,628.91,690.35,572.66,625.32,641.91,727.73,591.08,722.99,552.85,652.92,644.87,690.06,583.45,674.14,612.48,710.24,639.54,766.7,586.76,664.75,641.57,773.79,,,606.46,716.11,655.67,812.93,639.77,723.45,603.85,685.66,619.61,695.4,622.28,690.33,704.61,776.53,676.29,734.62,576.25,696.45,629.57,723.01,588.48,690.7,580.2,681.75,591.83,675.5,602.75,723.07,571.89,696.56
2008-09-08,594.5934811872572,701.4220888297126,608.6035893198957,706.6596566075924,571.33,684.41,625.08,706.82,549.14,631.46,641.91,748.95,580.44,712.93,567.98,667.84,614.88,691.18,583.77,674.88,614.83,716.74,613.07,764.63,585.8,679.51,647.79,783.72,,,606.25,715.75,655.67,812.93,640.74,740.77,599.82,682.48,619.61,695.4,624.1,703.06,704.61,776.53,674.61,734.62,559.33,678.39,639.72,733.76,593.18,696.22,560.52,679.98,584.33,676.33,602.61,727.89,559.19,682.42
2008-09-01,601.3329326665557,711.5900224406811,616.2672630211389,716.15224540181,601.33,720.25,605.2,689.97,564.99,653.44,642.15,750.32,577.72,713.04,580.58,680.65,635.25,710.48,584.34,696.45,622.27,723.65,631.54,780.35,594.94,689.24,643.19,782.45,,,604.67,726.34,655.67,812.93,647.78,756.98,606.65,700.08,641.39,719.7,626.09,703.26,704.61,776.53,674.61,734.62,588.02,715.01,630.57,727.42,611.53,725.3,568.87,696.77,584.33,676.33,592.93,718.28,556.12,678.68
2008-08-25,604.5556004114774,714.0906559410469,618.3119231498287,716.9131504411524,579.66,703.58,616.82,719.77,541.47,631.46,642.64,752.23,590.44,729.24,593.82,694.31,642.54,726.32,583.58,707.12,617.82,718.76,636.51,794.13,582.01,679.85,635.04,776.68,,,612.65,736.38,655.67,812.93,644.63,758.87,597.97,693.89,615.88,696.77,623.25,723.93,704.61,776.53,695.56,737.94,604.93,736.09,626.9,725.6,610.88,724.53,549.89,662.18,581.83,695.5,610.26,728.62,564.75,689.9
2008-08-18,596.9617063063603,713.4788578916931,604.4394787806217,714.3493283916009,573.83,695.25,621.73,712.9,541.47,631.46,653.13,786.2,592.95,736.74,551.59,666.36,619.01,693.15,606.52,741.93,620.22,727.18,656.38,777.27,578.52,677.44,641.06,785.73,,,607.79,737.13,655.67,812.93,643.12,759.13,593.54,693.89,616.21,697.1,623.43,722.94,704.61,776.53,678.76,776.59,610.02,740.96,628.84,741.71,608.81,733.4,550.09,662.42,581.83,695.5,620.42,735.09,572.92,701.24
2008-08-11,609.8969703913864,734.5081454470425,615.5755225080202,734.734804087552,585.49,716.08,629.61,736.44,541.47,653.44,662.83,792.46,614.75,766.03,578.3,720.4,616.78,693.06,606.52,741.93,624.26,737.85,663.27,786.23,579.77,691.19,647.81,801.56,,,618.6,758.43,656.49,813.76,647.0,766.9,607.13,734.71,616.21,697.1,631.48,744.67,704.61,776.53,677.08,776.59,635.03,772.88,641.05,771.87,607.25,738.77,547.16,667.4,608.5,751.33,628.46,745.95,596.24,729.88
2008-08-04,613.3357872388724,755.8367056548802,615.2485609924234,755.9915590219632,584.66,741.91,633.22,770.56,551.18,687.7,672.27,811.38,628.43,782.36,561.5,712.0,621.0,729.44,606.53,741.93,637.72,777.3,650.73,804.29,580.7,719.74,656.13,816.88,,,626.6,782.2,656.49,813.76,658.87,795.63,628.21,757.7,636.21,736.3,636.26,764.36,704.61,776.53,687.16,776.59,661.67,801.93,648.22,793.13,632.91,772.61,560.7,697.12,608.5,751.33,628.88,752.8,600.94,742.13
2008-07-28,626.7510168079699,775.1937850984428,628.3169062189789,775.160491593178,580.49,763.58,662.45,802.82,562.94,700.99,697.85,838.74,650.73,811.73,559.37,717.84,615.54,749.7,606.53,741.93,656.34,799.66,768.18,819.73,600.2,743.11,685.37,841.78,,,659.65,813.46,630.05,788.14,677.37,814.26,640.47,767.91,636.21,784.1,659.58,794.03,704.61,776.53,688.84,806.95,675.44,816.67,675.66,816.21,643.07,775.63,552.37,714.21,651.0,790.5,638.15,758.63,620.17,768.37
2008-07-21,651.0211642550782,802.7038616347177,653.9786617890267,805.1120235993028,612.16,777.75,693.88,832.66,613.05,746.5,702.6,848.8,678.29,845.83,590.88,760.27,650.95,788.32,639.25,773.94,682.35,825.34,649.43,786.91,629.93,774.37,704.91,856.25,,,681.99,836.96,630.05,788.14,706.1,842.82,662.35,790.16,661.41,827.6,665.7,818.24,704.61,776.53,752.71,875.86,680.49,820.27,685.94,823.66,669.11,799.61,569.29,739.59,651.0,790.5,638.91,759.79,645.2,789.66
2008-07-14,664.5764413282274,810.2371533899557,672.3665022317128,814.5557806266033,608.83,799.41,693.88,832.66,613.05,746.5,702.6,848.8,671.99,837.88,638.99,788.63,673.53,811.99,641.29,775.38,693.34,834.37,649.43,786.91,636.52,776.15,706.46,857.77,,,699.88,832.85,630.05,788.14,712.96,850.68,659.99,790.71,687.51,805.8,666.08,806.65,704.61,776.53,752.71,875.86,678.08,818.47,687.48,825.72,665.38,794.88,610.73,780.78,655.17,777.17,639.68,759.76,643.25,786.62
2008-07-07,670.7736235675435,808.7106591970237,683.3541994984939,813.9132074547831,622.16,807.75,704.71,831.25,618.67,746.5,702.6,848.56,666.65,831.3,656.63,803.55,684.57,823.1,640.2,767.55,688.02,829.54,649.43,786.91,639.86,773.3,705.34,850.85,,,671.98,824.1,630.05,788.14,709.58,847.06,671.89,799.26,687.51,805.8,649.99,784.32,704.61,776.53,838.42,855.0,662.04,800.99,670.94,808.26,655.64,788.87,623.19,794.34,655.17,777.17,639.79,760.07,642.49,784.39
2008-06-30,660.9555222771675,800.4117432326872,671.5281789282081,806.7170330567089,637.16,806.08,698.14,822.13,607.42,729.11,702.6,842.01,658.83,822.0,643.4,790.31,680.22,792.98,636.88,763.42,679.33,813.85,649.43,786.91,640.5,770.02,702.9,851.21,,,664.7,815.38,630.05,788.14,706.81,844.1,650.59,782.08,687.51,791.9,651.05,783.43,704.61,776.53,748.0,855.0,652.28,791.6,671.81,815.97,631.61,757.93,610.54,755.2,646.0,776.33,633.01,749.03,641.15,782.8
2008-06-23,652.531409847042,792.8980276775945,660.465084438331,798.0059018078416,615.49,766.91,672.5,795.55,615.09,741.9,696.79,830.97,654.09,815.5,615.25,766.57,674.82,789.72,637.58,760.61,674.97,808.55,649.43,786.91,645.68,780.41,702.86,854.98,,,653.66,801.84,579.63,712.11,706.86,844.21,652.92,785.46,687.51,791.9,660.33,794.93,704.61,776.53,751.03,826.28,646.09,788.78,663.08,809.56,618.09,746.07,615.56,761.41,646.0,776.33,629.64,745.58,637.35,777.24
2008-06-16,649.5044891872573,795.950693506078,660.1256110649258,803.68118147114,635.49,783.58,676.11,822.44,615.09,741.9,690.61,816.53,652.55,813.76,619.03,779.6,675.91,806.91,623.11,757.59,671.52,806.53,649.43,786.91,642.66,786.58,693.67,854.69,,,616.52,760.03,579.63,712.11,706.53,843.95,655.81,793.21,687.51,811.0,645.56,779.48,614.06,689.25,747.66,842.25,624.32,776.86,653.26,799.52,619.74,748.06,610.11,773.82,630.17,779.67,620.0,735.8,632.72,772.92
2008-06-09,637.3165056131648,783.0134805377428,648.7218026466802,790.6814692962513,632.16,768.58,664.39,814.64,595.66,720.42,677.34,803.74,641.91,800.43,610.42,776.45,642.5,762.74,623.11,757.69,658.98,799.83,614.2,716.48,624.07,759.7,688.03,859.55,,,616.75,760.13,579.63,712.11,688.32,825.21,634.87,770.23,677.01,776.3,638.34,771.68,614.06,689.25,749.35,838.89,628.69,784.98,648.36,803.11,614.21,763.69,584.3,726.57,630.17,779.67,619.35,735.11,615.79,752.66
2008-06-02,634.3826231314242,790.3360678577906,642.7768344727782,797.749247301481,613.83,777.75,670.81,830.15,582.37,733.2,655.04,773.35,630.78,787.51,603.5,779.2,672.63,807.9,605.44,755.31,655.93,809.77,638.33,747.64,627.62,787.94,679.63,858.92,,,632.32,779.13,554.01,663.34,683.0,818.84,636.34,780.64,664.91,806.7,619.77,778.77,614.06,689.25,728.0,818.0,622.83,782.25,647.57,803.49,623.35,775.04,602.7,771.01,605.17,747.17,613.41,736.79,615.73,754.28
2008-05-26,624.825115912421,783.8296623534859,636.9726814309681,794.5199300324717,607.16,765.25,661.96,807.26,582.37,733.2,646.45,765.83,617.58,763.61,595.1,770.8,654.27,820.62,600.14,735.6,651.58,816.72,620.27,749.02,619.56,774.44,670.6,839.81,,,622.91,767.03,554.01,663.34,683.58,821.59,627.51,770.58,652.71,799.7,617.74,775.49,614.06,689.25,726.7,862.46,606.68,757.18,635.11,786.64,616.8,766.9,587.16,786.03,605.17,747.17,595.58,716.19,595.93,729.07
2008-05-19,613.1453263111332,762.0941630364289,626.2697882274124,772.9194046556604,615.49,752.75,637.75,781.55,570.61,724.51,625.03,741.91,607.68,734.2,597.81,763.84,639.17,801.21,578.14,713.51,631.36,783.46,602.07,744.61,602.41,751.41,664.9,819.91,,,612.86,749.78,554.01,663.34,663.63,799.55,618.52,749.94,637.91,799.7,610.12,736.4,614.06,689.25,701.49,825.48,606.2,753.03,624.74,758.22,615.43,745.14,588.1,761.45,569.33,688.0,579.76,691.63,574.04,697.21
2008-05-12,590.9119877066266,722.7654806649999,602.2135893765353,731.3394203332722,589.66,703.58,605.48,729.24,551.18,672.87,613.96,727.02,585.61,703.97,557.26,709.43,624.17,757.26,562.01,678.29,615.3,739.12,597.52,711.25,577.44,699.17,627.49,766.14,,,586.16,710.62,554.01,663.34,651.9,781.71,607.92,718.26,637.91,750.2,604.92,732.59,614.06,689.25,696.0,797.0,572.09,699.13,604.12,732.36,605.8,733.48,562.27,735.63,569.33,688.0,563.28,668.09,559.73,672.39
2008-05-05,579.4881803313353,702.3054382316969,592.7200079089814,711.2266627911793,577.16,686.91,605.48,729.24,533.8,646.79,611.61,722.27,577.79,695.05,556.84,673.3,570.46,705.67,544.14,662.38,604.53,721.88,556.58,665.2,571.25,687.8,623.7,756.42,,,572.29,693.1,554.01,663.34,629.0,753.13,586.56,696.92,623.11,738.0,585.86,696.97,614.06,689.25,680.0,788.0,561.83,680.94,602.94,720.77,563.96,687.76,524.36,679.47,543.5,664.67,556.02,650.97,554.26,663.41
2008-04-28,573.5906015205906,692.8101764403382,585.919570157848,700.5779978388732,560.49,671.91,599.75,714.45,518.46,634.01,598.05,700.55,558.07,669.79,556.84,672.46,598.34,721.76,544.59,662.57,597.94,714.96,550.51,681.06,565.86,672.59,598.39,736.42,,,568.63,689.25,554.01,663.34,616.04,741.42,593.55,697.41,607.11,700.6,587.49,704.75,614.06,684.16,676.0,755.0,554.03,674.63,587.08,701.53,565.86,690.07,532.75,696.37,543.5,664.67,547.14,637.13,545.96,650.07
2008-04-21,559.7840249743589,677.0031494784004,572.4758847139643,684.777340752343,548.83,653.58,563.21,685.77,501.07,623.27,594.41,699.76,558.61,674.07,541.72,653.34,571.58,689.65,544.68,663.02,578.72,696.59,571.05,654.31,550.19,661.11,590.35,725.72,,,558.53,679.03,554.01,663.34,603.43,732.46,577.99,676.35,586.61,687.6,580.35,692.29,614.06,684.16,660.0,728.0,549.92,671.02,574.92,690.36,575.5,701.83,518.31,651.56,531.83,624.67,536.68,634.82,525.18,626.0
2008-04-14,551.7484795732045,665.2905657653919,564.7557361143655,672.3767211414164,545.49,653.58,554.82,674.94,499.54,608.96,585.78,686.11,562.35,659.66,531.0,649.77,562.19,693.19,530.4,635.41,567.2,679.89,548.17,697.46,548.08,648.28,583.81,689.43,,,558.73,680.84,539.96,629.46,603.16,715.51,569.04,658.72,586.61,675.4,580.51,673.64,614.06,684.16,643.5,710.0,544.76,666.37,573.05,667.98,565.27,689.35,495.64,649.8,531.83,624.67,539.13,630.99,516.35,611.13
2008-04-07,544.1761072834943,646.0237765778674,552.4683132133745,650.6599529499065,528.83,633.58,552.63,662.27,491.87,582.88,585.78,688.85,557.7,653.34,507.68,617.42,579.28,660.93,530.4,643.72,561.15,659.77,562.09,630.19,540.18,623.52,578.86,686.6,,,554.97,681.62,539.96,629.46,589.66,699.22,543.61,644.17,575.31,641.5,580.35,685.6,614.06,684.16,641.0,686.0,542.41,662.75,565.4,665.16,552.87,643.88,506.15,609.69,520.17,646.33,537.86,628.83,518.34,607.11
2008-03-31,541.2253305652126,646.3457398373375,551.879755574373,653.8849398016762,535.04,642.18,539.01,654.83,497.49,597.71,585.21,679.99,551.25,647.17,513.15,629.18,559.09,655.78,530.47,656.09,563.0,661.33,542.79,629.5,535.67,624.49,577.24,689.12,,,543.55,667.05,539.96,629.46,588.77,699.61,555.05,655.05,575.31,659.7,581.25,684.52,614.05,619.13,629.0,686.0,530.95,645.37,559.02,673.35,546.04,635.93,496.12,624.88,520.17,646.33,534.4,624.51,512.69,594.88
2008-03-17,548.9142242558552,657.9989653371653,564.2984651413362,670.1962114760968,553.37,656.35,566.01,687.89,489.83,611.0,585.21,673.54,560.14,656.79,548.44,657.12,556.75,692.01,530.4,657.84,567.02,679.69,542.79,707.39,538.51,642.21,579.77,677.68,,,554.24,668.7,520.96,602.19,590.6,701.17,549.11,652.73,570.91,683.2,580.35,685.6,614.05,619.13,623.0,711.0,534.57,627.61,569.1,668.43,542.12,631.36,483.69,666.31,522.67,625.5,536.29,624.06,511.84,584.06
2008-03-10,548.2859780708181,644.4403704446167,560.2307040373358,653.7143197427944,545.87,618.85,569.97,667.92,484.2,574.19,583.23,666.15,560.84,646.12,537.1,645.36,548.3,672.87,519.76,616.33,558.51,667.85,534.66,694.43,537.44,622.27,580.03,658.74,,,547.88,642.31,520.96,602.19,593.29,681.23,533.67,632.01,570.91,661.5,580.68,661.67,614.05,619.13,623.34,699.43,534.59,612.88,575.42,653.21,548.09,638.32,487.87,655.04,530.17,606.33,538.89,618.39,523.69,593.87
2008-03-03,545.8463411058941,628.140862169833,559.8042875751619,637.7657615577385,534.2,605.51,559.09,636.27,495.45,565.5,573.6,633.75,564.96,650.39,531.63,630.86,559.56,633.78,519.76,616.33,564.41,643.48,542.79,661.75,543.29,608.78,581.41,654.82,,,546.01,640.23,520.96,602.19,593.05,671.54,544.94,621.98,570.91,639.7,580.43,661.38,614.05,619.13,627.0,678.0,533.9,612.15,575.67,646.45,525.7,597.75,489.24,605.63,530.17,606.33,534.24,611.92,511.94,574.88
2008-02-25,545.4707733365524,623.9737052345142,558.6655133117699,633.3117684332874,546.7,616.35,583.25,638.77,495.45,565.5,573.87,611.37,569.04,658.84,525.54,623.72,574.18,634.41,519.76,616.33,565.38,640.25,554.37,667.54,547.3,606.19,572.89,639.69,,,542.92,631.23,520.96,602.19,590.21,667.87,546.99,615.48,588.31,639.7,564.95,632.56,614.05,619.13,638.0,666.0,518.73,590.26,558.69,628.55,538.84,612.69,500.46,608.88,492.67,556.33,522.75,602.53,513.63,576.43
2008-02-18,534.30915673471,607.3193215771707,546.6700440349014,615.5355396915469,537.54,608.01,558.85,614.09,489.83,554.76,553.85,599.6,544.2,631.28,511.26,605.65,561.33,622.63,491.16,587.8,551.57,622.34,588.89,708.22,527.27,586.24,555.48,620.79,,,526.1,614.64,544.92,622.85,575.18,642.72,536.38,602.65,556.21,609.3,557.49,623.87,614.05,619.13,637.0,657.0,501.72,572.71,538.43,606.06,524.44,598.57,505.59,601.28,492.67,556.33,521.47,600.85,505.15,565.19
2008-02-11,515.0790416514598,585.1036506085709,520.5783822072223,588.8731334469313,490.04,567.18,528.49,587.95,455.06,517.95,554.54,599.6,539.42,627.7,465.88,557.54,526.04,581.99,471.02,567.69,540.19,605.15,558.69,675.28,500.0,555.72,545.96,612.27,,,513.58,595.4,544.92,622.85,562.96,625.99,524.74,591.29,531.81,581.5,547.76,610.49,614.05,619.13,610.73,633.05,500.86,569.76,538.46,602.87,511.77,585.66,473.66,568.14,496.83,551.33,515.76,594.32,507.64,566.86
2008-02-04,521.3624551472972,586.5015615458374,528.9181750849374,589.9607345505294,499.2,581.35,514.27,577.28,457.1,515.9,564.54,598.88,543.2,633.72,497.18,579.81,525.05,572.42,472.75,569.43,534.87,594.95,557.73,668.24,506.7,556.75,549.26,614.73,,,528.58,613.23,544.92,622.85,563.43,625.98,530.59,596.59,541.41,581.5,546.82,609.44,614.05,619.13,581.0,600.0,506.37,582.51,540.74,603.73,514.49,588.77,474.18,560.26,496.83,551.33,515.14,593.11,508.98,565.26
2008-01-28,517.3244891153291,582.0071577374946,522.124574732974,584.2242147995261,497.54,573.85,537.74,576.73,457.1,509.25,564.27,598.62,546.44,637.12,471.97,556.7,520.76,569.2,488.13,578.21,536.09,593.44,552.63,668.24,502.4,551.86,553.44,619.89,,,524.85,608.98,544.92,622.85,562.46,622.71,535.56,601.52,541.41,581.5,549.64,608.66,614.05,619.13,590.56,607.0,505.3,581.0,550.07,610.32,496.61,568.32,462.09,547.51,523.5,577.17,507.5,585.25,516.18,572.1
2008-01-21,520.5617314544345,588.0868110855588,527.2274551688797,591.7075312139556,501.7,578.01,546.39,587.28,466.82,515.9,581.31,620.55,545.07,630.07,479.53,568.68,517.59,572.48,498.1,611.78,539.39,596.0,498.99,621.85,516.8,566.95,565.2,634.99,,,533.66,620.92,544.92,622.85,565.99,627.42,540.93,606.5,541.41,581.5,573.45,626.35,614.05,619.13,590.56,605.31,507.07,583.3,567.71,625.05,500.67,572.96,449.81,543.74,523.5,577.17,507.37,583.66,515.99,571.71
2008-01-14,531.5235956384726,600.5224278076995,544.8563210031033,608.0805382161407,519.2,599.68,514.3,574.15,474.49,522.04,580.21,632.54,560.16,645.58,508.74,589.89,542.76,583.72,498.1,611.78,551.54,609.51,518.84,630.4,543.17,589.89,574.04,645.57,,,544.36,633.44,538.31,607.97,579.28,649.68,546.78,613.56,568.31,604.1,582.41,635.24,614.05,619.13,598.93,608.64,523.92,601.79,572.28,631.26,487.29,576.14,470.49,548.16,520.17,591.33,520.26,597.08,500.13,555.52
2008-01-07,538.3222675315794,610.9160208747901,553.7408261665627,619.9682008971143,516.7,598.01,553.64,600.59,485.73,550.16,555.71,625.24,540.69,639.4,525.12,611.32,572.5,617.73,494.16,607.16,553.42,622.16,543.65,656.04,543.24,596.44,562.05,647.42,,,523.34,612.4,538.31,607.97,583.65,656.86,533.4,604.62,568.31,604.1,564.7,632.15,614.05,619.13,633.42,637.25,514.56,598.89,563.88,631.14,506.19,597.97,489.4,575.91,520.17,591.33,510.37,584.65,504.19,560.34
2007-12-17,512.5142379021883,585.9390116905191,528.3522314316525,604.342360704783,523.37,597.18,526.64,576.43,,,567.54,631.22,537.07,640.08,485.42,601.03,549.16,599.01,500.14,612.72,537.14,606.29,521.31,602.79,503.38,574.19,548.84,639.84,,,525.34,615.3,538.31,607.97,568.22,644.8,513.5,577.4,534.41,585.35,521.15,607.02,614.05,619.12,582.0,606.0,531.57,616.15,545.15,627.5,,,474.88,565.79,514.33,603.0,506.05,581.36,517.98,577.1
2007-12-10,506.55740302000436,589.3083755998972,519.6014808680045,608.8541928578434,522.54,598.01,518.68,583.24,,,583.15,656.8,548.93,655.47,452.22,609.01,529.98,583.06,500.14,612.73,537.06,611.05,506.97,590.24,500.37,578.66,554.97,619.78,,,537.07,631.73,538.31,607.97,570.99,652.03,494.45,569.89,534.41,585.35,525.04,613.17,614.05,619.12,582.0,606.0,547.99,633.02,553.43,632.97,,,459.96,542.78,514.33,603.0,513.28,590.2,514.61,571.46
2007-12-03,518.0052545225045,601.6685357117362,535.502198498579,623.2159034539759,538.37,611.35,571.65,669.52,,,582.48,654.29,545.71,652.08,488.15,612.37,536.71,622.0,500.14,612.72,549.29,621.11,512.35,622.91,516.13,600.29,569.79,651.95,,,543.36,628.15,538.31,607.97,572.2,653.3,508.14,582.34,550.91,623.56,532.62,625.23,614.05,619.12,579.0,629.0,548.98,632.19,556.27,629.13,,,461.96,579.26,523.5,598.0,509.55,586.2,519.97,575.17
2007-11-26,524.7138459111333,602.1098896103144,549.2342907380863,627.2201139410706,545.87,618.01,568.59,666.27,,,576.78,641.64,535.96,629.11,529.53,635.9,547.52,634.98,489.95,591.05,545.19,612.87,523.93,635.04,521.26,600.75,568.82,647.0,,,525.66,599.53,538.31,607.97,572.57,651.34,508.98,575.72,550.91,643.55,536.41,626.84,604.17,609.25,605.0,659.0,537.54,610.17,556.0,622.28,,,483.58,619.23,523.5,598.0,501.35,572.73,509.35,558.25
2007-11-19,523.6299322335614,591.5785253036828,548.6995032075589,615.5750569673094,548.37,602.18,568.85,661.14,,,576.78,641.64,537.74,629.33,540.88,645.36,540.19,623.38,490.71,564.85,534.03,595.33,475.91,564.87,521.78,586.54,569.66,643.87,,,532.27,595.02,538.31,607.97,569.7,630.49,514.91,569.56,550.91,613.95,532.47,611.94,604.17,609.25,603.17,650.69,542.42,610.8,546.9,610.66,,,483.9,593.78,503.5,557.17,500.85,565.48,503.97,549.43
2007-11-12,526.5726982880908,588.272668830929,553.1236133924765,613.2238090938654,552.54,610.51,560.11,637.04,,,561.33,605.76,531.21,600.19,562.31,651.66,569.2,636.3,490.71,564.85,533.5,592.26,498.38,571.77,522.25,584.21,561.9,630.93,,,522.95,581.43,493.68,543.51,566.35,626.51,524.52,578.81,570.16,638.35,525.29,609.24,604.17,609.25,616.61,659.1,534.07,592.53,530.7,589.33,,,499.07,599.91,503.5,557.17,503.13,567.46,502.35,543.79
2007-11-05,505.4990736810996,555.7724613643435,525.5960543601014,576.1081152553287,527.54,565.51,529.78,579.54,,,561.33,605.76,501.22,564.19,503.9,568.05,562.63,612.53,477.61,551.85,526.69,576.82,492.59,555.5,497.43,549.21,539.46,601.24,,,512.39,566.81,493.68,543.51,545.71,601.48,505.0,546.84,550.91,585.35,482.86,551.09,604.17,609.25,617.45,659.94,517.75,567.14,515.85,571.05,,,502.48,586.74,474.33,526.33,497.64,549.36,491.47,525.64
2007-10-29,491.4703241241929,540.8750966725219,511.50947137532216,561.1523246197879,495.04,534.68,516.48,576.49,,,532.02,576.08,502.08,564.67,490.04,556.91,526.12,571.73,451.41,514.04,519.61,568.89,461.3,522.41,480.09,531.8,527.32,589.98,,,504.37,550.43,493.68,543.51,535.24,588.53,497.7,538.9,530.11,567.05,479.58,540.63,592.34,593.45,589.72,595.23,522.82,571.37,509.68,563.23,,,466.93,547.43,474.33,526.33,490.52,540.37,476.12,505.72
2007-10-22,486.95567114812667,532.865262881574,508.36236559923833,553.9883569833102,491.7,528.01,520.36,584.72,,,532.02,576.08,495.65,538.71,496.13,550.61,526.1,565.27,453.33,516.53,510.63,557.92,461.3,517.18,473.58,523.11,518.09,581.62,,,499.54,544.87,493.68,543.51,530.55,583.31,461.55,503.1,530.11,567.05,476.5,530.37,592.34,593.45,573.76,581.78,503.96,550.59,503.78,556.67,,,457.11,541.75,464.33,518.0,485.25,525.23,471.53,497.02
2007-10-15,476.75835242172775,519.5383180305811,496.4500980558902,539.1648550896689,475.87,511.35,500.61,552.41,,,532.02,576.08,490.66,529.08,465.46,523.3,507.04,550.52,431.15,515.45,502.68,546.74,489.17,513.9,459.35,506.43,513.43,577.76,,,511.35,551.47,506.91,541.86,529.19,579.8,450.83,492.85,511.81,538.35,476.56,524.26,592.34,593.45,562.0,567.0,498.41,536.73,508.94,555.59,,,436.85,518.24,464.33,518.0,491.64,528.09,464.4,488.7
2007-10-08,478.26364177301235,518.1806498581233,497.57165676119996,537.5025548601093,477.54,515.51,505.04,553.23,,,534.39,576.08,492.06,529.46,471.55,514.89,496.26,537.6,446.84,514.94,502.31,546.09,474.56,505.49,457.95,506.11,519.46,580.35,,,517.66,551.99,515.17,543.51,528.9,579.8,449.88,492.0,498.81,538.35,490.97,531.34,592.34,593.45,553.0,563.0,497.0,532.76,512.48,557.13,,,442.04,514.05,474.33,528.83,490.56,526.63,467.57,491.72
2007-10-01,482.83769998626695,524.0844111661444,508.39015087835975,546.6663245430099,501.7,533.85,508.01,566.02,,,543.58,575.64,492.32,530.36,494.87,539.05,499.27,550.24,467.83,514.94,512.28,554.42,478.97,513.9,465.52,510.97,523.39,582.68,,,514.54,549.01,515.17,543.51,531.08,579.63,478.24,515.14,521.41,553.95,491.6,532.02,592.34,593.45,564.51,570.86,497.88,528.12,514.17,554.1,,,440.72,521.21,474.33,528.83,487.29,526.6,454.39,480.27
2007-09-24,487.8270093025852,525.5825164833517,512.0556474858532,547.739038084448,527.2,533.85,527.26,561.64,,,535.75,565.52,491.98,521.35,497.8,550.0,504.68,550.29,467.83,514.94,511.98,553.39,501.64,536.3,471.3,512.69,522.4,576.66,,,517.6,552.34,515.17,543.51,530.37,574.88,486.95,520.39,532.71,553.95,475.68,517.28,606.15,577.66,570.39,572.54,501.53,523.87,516.88,545.7,,,450.04,526.28,477.67,508.0,484.68,513.36,465.29,489.52
2007-09-17,484.7739439289033,516.6769157723458,508.0988541527476,538.3047469959818,525.54,521.35,516.57,556.24,,,530.15,556.64,495.04,520.85,489.41,529.39,509.32,548.52,467.96,499.31,509.79,546.94,506.33,532.72,465.05,505.17,520.14,565.82,,,500.8,524.76,528.39,545.16,525.58,567.49,492.07,516.14,510.11,542.65,471.34,507.05,606.15,577.66,575.44,572.54,495.88,509.89,515.3,536.93,,,453.66,511.82,477.67,508.0,487.74,515.25,463.86,485.83
2007-09-10,486.0876110493098,506.7449306661806,508.0069113845819,525.0328448594898,513.04,503.85,528.28,535.11,,,530.15,556.64,495.51,519.96,486.26,505.86,520.21,540.08,468.41,499.73,509.11,536.99,510.6,526.65,473.87,495.53,518.07,559.3,,,497.3,521.44,528.39,545.16,526.69,554.93,496.59,512.18,534.41,542.65,473.63,501.03,606.15,577.66,571.0,561.0,489.07,498.26,507.4,531.27,,,445.13,507.02,462.47,495.03,490.42,506.69,473.77,495.09
2007-09-03,479.13037722824765,497.3004783563887,495.3842533184833,513.4560637005428,493.04,481.35,493.18,507.23,,,530.15,556.64,495.47,507.16,460.21,489.05,515.81,523.86,452.15,480.36,502.59,527.58,509.64,497.43,462.06,485.42,509.9,555.36,,,500.82,525.4,528.39,545.16,517.64,550.12,483.7,500.23,519.61,526.15,473.9,501.31,606.15,577.66,576.0,545.0,488.76,491.37,508.3,531.66,,,453.21,489.45,462.47,495.03,485.56,500.46,478.49,498.26
2007-08-27,475.7707313950793,495.04842662131506,491.0465711711364,511.53010373798986,498.87,485.51,491.59,509.96,,,531.1,556.64,496.4,506.07,458.53,482.96,493.66,511.4,452.15,480.36,499.97,526.46,489.78,505.7,456.45,485.63,513.55,556.28,,,492.05,513.74,528.39,545.16,514.02,547.36,474.16,492.4,512.71,511.35,473.22,500.6,604.17,593.45,550.0,533.0,493.4,488.44,512.43,534.83,,,440.89,481.43,464.14,500.03,485.91,500.84,479.61,496.76
2007-08-20,479.63827836145117,497.6698976893273,495.8666778354999,514.6373721563123,502.2,489.68,498.83,516.93,,,539.36,556.64,501.9,510.18,463.36,487.79,495.89,514.7,453.01,481.77,503.25,527.94,489.11,500.16,462.07,487.24,515.06,555.39,,,487.98,508.48,528.39,545.16,520.29,553.19,473.1,492.81,500.51,511.35,485.1,501.6,604.17,593.45,560.31,534.73,494.57,485.45,517.35,538.83,,,442.89,492.2,464.14,500.03,488.19,502.0,482.57,498.71
2007-08-13,483.5844617822592,498.46116961837185,498.5682655253832,514.9746637867405,502.2,488.85,495.77,517.15,,,547.42,556.64,497.93,505.67,469.4,496.6,483.96,506.0,453.13,482.72,502.78,519.77,483.18,495.74,460.09,486.48,521.97,565.63,,,521.35,522.02,528.39,545.16,521.33,555.67,468.77,491.3,511.81,511.35,501.95,501.44,604.17,593.45,569.55,533.05,507.75,497.68,520.89,538.62,,,426.44,475.83,479.97,505.87,499.58,506.07,492.1,500.89
2007-08-06,491.71149743367107,504.63412859422857,508.8411230217016,522.137202872528,512.2,493.01,509.71,527.71,,,547.42,556.64,499.36,506.13,474.91,496.62,502.24,526.43,452.81,481.89,512.92,534.77,496.41,508.98,469.73,493.98,528.37,565.23,,,516.72,523.6,528.39,545.16,546.78,562.2,491.03,511.54,524.01,530.55,512.49,503.46,604.17,593.45,562.83,543.13,511.01,501.77,528.55,535.23,,,452.53,493.75,479.97,505.87,500.2,506.39,492.2,499.37
2007-07-30,495.2917418412589,500.6572398887175,512.7303578073667,517.0615861609988,513.87,495.51,498.02,509.27,,,551.26,555.94,501.93,507.73,471.97,486.74,505.59,527.63,495.7,482.31,516.08,532.17,499.17,508.98,474.31,490.62,534.22,557.0,,,514.39,520.84,528.39,545.17,559.77,554.08,495.34,498.73,524.01,530.55,512.64,504.82,604.17,581.6,564.51,549.85,512.13,490.87,543.56,536.06,,,453.75,495.08,509.14,504.2,502.75,503.33,496.36,503.53
2007-07-23,505.37406195335564,502.29957503617567,525.7866855873734,518.3508862537776,515.54,497.18,519.9,525.35,,,571.99,551.73,498.04,503.76,491.93,491.99,507.74,519.03,506.18,482.09,526.07,535.36,501.93,508.98,491.08,491.75,547.54,556.07,,,544.46,535.13,528.39,536.9,566.58,547.27,518.61,499.03,542.21,530.55,509.91,503.32,604.17,581.6,583.0,548.17,520.96,500.78,548.36,535.32,,,454.19,482.5,509.14,504.2,511.26,509.16,499.59,507.16
2007-07-16,514.5161659965552,504.6249200868378,537.8140256629489,522.2578893294123,521.37,495.51,531.38,525.56,,,572.47,551.73,497.57,502.57,515.46,513.42,541.03,523.3,504.9,479.81,535.03,533.81,526.05,508.98,506.12,493.48,548.67,551.85,,,544.67,535.56,528.39,536.9,568.4,547.33,527.84,499.86,564.01,530.55,510.83,498.17,604.17,581.6,598.13,550.69,525.7,493.43,547.14,531.72,,,490.91,488.73,509.97,500.87,508.52,510.98,495.61,502.85
2007-07-09,507.17746721390137,496.5435367147287,527.1445480542709,511.7091401397746,512.2,491.35,521.53,514.28,,,575.88,551.83,487.92,492.46,487.73,484.43,535.72,514.76,500.46,474.29,532.87,527.74,526.05,502.5,495.47,483.85,546.35,549.54,,,544.47,535.33,528.39,536.9,562.96,542.49,520.71,492.79,548.31,530.55,510.61,491.88,604.17,581.6,600.65,546.49,527.69,494.91,548.32,531.64,,,481.25,487.8,509.97,500.87,502.23,519.78,495.63,502.95
2007-07-02,506.3147357043662,497.10994945524953,525.0663145504967,512.07489127854,521.37,493.01,539.22,528.9,,,579.8,541.06,486.27,490.55,479.11,477.92,538.91,519.02,500.46,470.71,539.47,531.14,515.2,496.68,497.81,485.49,548.86,549.47,,,544.93,535.73,511.04,530.29,561.91,541.84,520.63,493.83,548.31,530.55,511.42,492.66,590.36,530.28,595.73,550.48,531.26,498.26,546.82,530.85,,,476.18,491.28,506.64,494.2,499.15,502.68,498.14,504.81
2007-06-25,514.9388679098649,501.65924234931146,536.3183537799322,517.0143465492501,519.7,491.35,532.36,521.89,,,579.9,535.91,481.09,489.07,517.98,513.42,547.39,524.28,500.56,471.35,539.2,530.08,516.17,492.27,497.46,482.22,548.76,546.92,,,542.99,533.05,511.04,530.29,561.77,540.63,509.25,493.17,564.91,530.55,512.93,494.16,590.36,530.28,610.0,550.69,521.04,489.63,545.67,527.02,,,507.51,531.3,506.64,494.2,494.94,500.23,502.06,509.4
2007-06-18,511.0737448909711,496.22071626207793,532.176228023306,512.5805206061716,519.7,489.68,509.03,506.61,,,580.0,536.0,482.6,487.51,514.2,510.5,547.29,518.81,499.79,466.62,534.44,525.31,521.96,496.68,493.96,479.15,540.3,529.67,,,532.35,513.0,511.04,530.29,557.78,536.92,501.49,488.51,548.31,513.15,506.77,490.44,590.36,530.28,601.49,548.0,519.59,475.65,550.56,519.8,,,493.08,490.96,520.8,489.2,494.13,492.39,500.2,507.16
2007-06-11,507.41575270810733,488.126459046162,529.0252776577732,502.64231285534004,513.87,480.51,503.6,483.43,,,580.1,536.09,486.82,491.46,503.1,476.4,539.64,512.24,500.56,454.67,529.5,519.84,512.15,499.31,496.99,478.14,549.75,540.38,,,524.02,505.42,511.04,530.29,557.84,535.98,512.57,493.3,548.31,513.15,507.84,491.51,590.36,530.28,597.28,529.0,517.61,472.74,558.98,516.42,,,463.98,478.97,520.8,489.2,486.15,486.62,499.33,506.68
2007-06-04,513.300372792916,489.65467271360853,537.2371002913677,504.4069725741391,514.7,480.51,505.33,497.81,,,580.4,536.37,489.85,495.59,530.0,501.9,539.39,496.97,500.56,454.67,534.0,511.97,505.12,481.11,502.56,473.19,556.3,541.41,,,530.65,513.88,511.04,530.29,555.87,533.48,515.31,489.7,561.41,513.15,514.15,492.94,590.36,530.28,596.44,526.0,524.8,480.81,557.9,512.29,,,473.17,471.03,519.14,478.37,482.13,490.2,498.4,506.91
2007-05-28,513.4349673476405,487.9979811763383,538.5211803236211,503.43494794970593,507.2,485.51,510.7,495.81,,,567.01,529.7,489.57,492.96,526.8,487.16,552.08,507.53,503.18,456.2,537.95,519.62,516.84,492.41,506.87,473.29,556.15,539.52,,,520.97,500.85,511.04,530.29,554.94,533.44,523.29,489.23,576.21,513.15,504.41,492.94,531.14,522.39,611.57,528.0,510.49,467.21,552.61,508.23,,,496.78,477.23,519.14,478.37,479.76,484.51,493.57,503.95
2007-05-21,505.0626396635484,484.9715989695264,529.1295757353618,500.3706233395961,502.2,488.85,510.7,495.81,,,561.5,526.09,476.81,489.17,516.93,491.99,560.55,498.83,501.32,455.43,534.09,515.47,495.18,502.4,499.04,465.15,545.11,535.52,,,505.11,502.07,473.85,517.89,541.46,527.24,523.1,490.53,559.61,500.05,504.41,492.94,531.14,522.39,616.61,523.0,501.39,473.01,551.24,508.5,,,495.95,467.74,514.14,477.53,475.04,486.48,484.9,497.15
2007-05-14,497.1368694809765,482.5473100149508,520.0829638474213,497.4925445337966,500.54,489.68,499.11,491.41,,,534.28,526.35,474.31,487.2,505.8,488.84,539.23,486.09,501.54,456.07,524.59,511.78,481.81,493.86,493.14,462.14,543.74,535.63,,,509.15,505.83,473.85,517.89,530.03,524.83,520.49,491.94,545.71,500.05,515.29,492.87,531.14,522.39,605.0,518.0,505.21,478.64,544.18,509.09,,,486.61,467.11,514.14,477.53,484.2,489.7,475.81,493.17
2007-05-07,492.04143811692404,482.21502768014005,515.212521877362,496.86804951468594,503.87,494.68,492.42,487.1,,,534.35,526.89,472.75,488.94,494.03,485.06,543.51,492.51,482.02,455.56,519.63,508.35,484.57,494.27,498.34,466.16,536.89,534.75,,,497.47,507.7,473.85,517.89,527.19,525.08,517.71,491.09,569.21,500.05,494.39,492.66,531.14,522.39,600.0,517.0,492.34,484.06,528.66,507.34,,,490.1,470.46,484.14,475.87,484.05,489.79,469.19,490.29
2007-04-30,484.9301738651582,482.81877777688794,508.9023004516439,498.5722149086019,493.04,489.68,496.13,490.57,,,534.46,526.9,449.15,476.19,498.4,498.7,528.56,491.51,462.53,454.99,509.34,505.01,481.26,515.09,483.93,464.77,519.4,530.57,,,496.57,505.97,473.85,517.89,514.02,524.59,505.54,491.88,550.91,488.75,480.18,490.6,531.14,522.39,599.81,518.0,490.35,484.79,519.23,512.37,,,490.81,471.14,484.14,475.87,480.83,481.9,456.79,484.97
2007-04-23,471.66946751665114,480.0686789144405,491.92464266606396,495.1058000243883,473.87,487.18,496.13,490.57,,,520.18,506.55,450.19,477.27,472.28,486.11,509.12,481.74,458.63,454.99,494.3,503.77,464.58,489.31,466.64,464.8,513.72,530.72,,,499.93,515.76,473.85,517.89,502.34,524.1,489.72,488.92,522.21,488.75,482.41,489.15,531.14,522.39,575.0,514.56,490.5,484.95,510.71,507.78,,,453.58,468.8,471.64,471.7,481.7,483.51,453.42,484.26
2007-04-16,462.45610720333264,477.2829415010831,482.524886501422,492.29157883031684,469.7,483.85,489.33,497.59,,,520.63,506.99,444.69,477.13,445.71,462.37,506.81,497.69,453.33,449.94,494.54,508.59,493.95,520.04,467.27,466.79,506.37,525.44,,,489.12,516.02,428.39,488.14,499.51,523.39,480.99,483.9,522.21,494.85,463.3,474.85,531.14,522.39,571.0,522.0,478.52,480.62,501.75,502.29,,,460.97,480.49,471.64,471.7,474.38,491.78,439.98,475.76
2007-04-02,449.1637000062845,470.7084651385577,471.87494660321926,486.7138177723554,457.2,473.85,470.54,484.78,,,496.27,496.13,419.86,463.82,451.8,481.07,493.13,490.45,433.83,442.97,475.34,495.47,484.99,514.8,447.15,454.83,484.0,509.68,,,465.04,491.4,428.39,488.14,483.0,512.22,462.41,473.11,501.41,494.85,434.83,464.25,531.14,522.39,559.47,523.0,440.79,455.58,482.72,488.08,,,453.93,503.04,439.14,445.87,451.85,478.54,423.7,466.91
2007-03-26,431.0852542297523,455.233332883296,450.248137005338,469.31529709521243,435.93,462.18,453.02,465.33,,,496.69,496.56,412.35,463.04,420.5,447.25,464.18,464.72,433.51,442.88,456.04,478.86,459.77,494.81,425.23,437.87,469.34,504.22,,,465.51,491.48,396.99,468.3,469.69,507.71,438.73,458.3,479.61,477.45,419.64,453.78,531.14,522.39,534.26,497.0,442.11,455.8,482.42,488.73,,,431.01,471.84,445.8,450.87,446.66,471.2,409.06,454.26
2007-03-19,428.3286442860084,454.7338665185208,449.6668589125396,469.6063198111649,441.76,467.18,464.89,466.52,,,497.29,497.16,414.92,464.59,421.76,445.57,447.09,459.45,433.38,470.26,455.79,479.74,433.19,490.07,429.09,440.44,474.44,506.74,,,467.28,492.86,396.99,468.3,469.96,508.1,447.3,467.24,479.61,477.45,435.23,471.76,531.14,522.39,519.0,490.0,434.0,456.74,471.92,484.17,,,423.18,464.08,445.8,450.87,457.82,487.32,400.13,445.86
2007-03-12,428.3767858889901,458.6452043980186,452.5095414961506,475.6043238700736,440.1,468.01,455.09,483.27,,,466.03,485.51,399.77,455.54,424.28,454.6,469.55,473.31,430.38,471.67,462.43,484.44,450.69,499.58,433.26,451.87,472.71,504.88,,,453.35,485.05,396.99,468.3,470.39,508.1,447.0,474.87,479.61,477.45,429.09,471.69,531.14,522.39,537.62,497.0,418.05,452.33,459.13,479.51,,,431.72,472.61,405.8,432.53,431.64,470.77,395.07,441.07
2007-03-05,422.81803934108814,454.95391968710265,449.4161551114491,472.3497319410501,434.26,463.01,427.32,473.16,,,447.3,474.82,377.5,442.46,436.68,466.99,475.01,475.55,420.09,483.28,453.09,477.51,455.11,501.1,421.05,441.89,454.09,499.95,,,425.5,469.79,396.99,468.3,462.24,500.47,441.78,475.4,479.61,477.45,412.01,475.09,531.14,522.39,538.0,501.0,392.84,446.04,444.26,473.43,,,438.55,479.27,405.8,432.53,412.6,455.62,385.91,433.9
2007-02-26,400.85389275755165,444.042455419139,420.53524371412436,459.3331312503063,411.76,450.51,386.99,452.38,,,438.19,470.02,366.46,434.13,385.0,435.9,453.2,459.1,388.45,454.99,428.01,470.05,425.19,492.28,389.77,428.03,429.38,490.91,,,408.96,466.28,396.99,468.3,454.05,498.86,414.34,462.04,432.71,465.35,394.29,463.42,531.14,522.39,511.0,491.0,375.27,439.23,431.45,469.31,,,406.4,464.58,394.97,434.2,401.74,450.22,383.97,434.19
2007-02-19,392.5165020172281,440.1904959836568,412.65076601429985,455.89395462422675,412.6,452.18,394.59,446.59,,,438.34,470.18,371.02,439.67,385.63,437.37,418.76,441.83,388.45,454.99,417.15,463.6,397.93,483.6,384.8,428.36,423.83,488.36,,,411.38,468.96,411.04,482.35,437.22,485.73,401.98,457.41,432.71,465.35,393.7,462.94,531.14,522.39,483.0,491.0,376.98,441.13,426.05,467.48,,,373.49,449.23,394.97,434.2,404.96,453.95,375.52,425.32
2007-02-12,391.58562402565576,440.17508760248785,412.17681361717456,455.6772786336621,406.76,444.68,415.72,459.35,,,433.24,465.07,365.67,433.2,383.74,433.59,425.29,455.88,387.24,452.49,417.2,463.75,400.69,492.97,386.35,430.97,423.83,488.36,,,407.11,463.63,411.04,482.35,436.66,485.4,394.5,454.66,432.71,465.35,391.04,465.96,531.14,522.39,482.0,489.0,364.56,433.19,420.02,460.0,,,379.13,473.59,370.8,415.87,399.82,448.27,374.76,425.73
2007-02-05,385.2148288527197,434.0577287895791,405.2369291944228,448.692640378496,400.1,438.85,394.67,440.26,,,430.2,461.71,371.56,439.69,376.38,429.18,420.99,449.43,375.35,440.38,409.02,455.16,399.86,490.35,374.8,421.08,412.23,480.94,,,391.12,447.82,411.04,482.35,434.83,483.45,381.44,443.77,417.01,465.35,378.87,446.49,531.14,522.39,474.0,477.58,357.61,437.28,414.02,453.85,,,369.89,464.22,370.8,415.87,388.14,430.2,370.81,422.42
2007-01-29,379.10893145986364,429.15159591778735,397.9575278408183,442.9457033525515,390.93,435.51,371.2,428.39,,,430.5,462.03,377.34,444.71,365.25,419.73,408.05,441.85,375.35,440.38,404.17,451.2,388.15,482.22,362.9,412.62,403.99,478.59,,,389.83,445.44,411.04,482.35,434.52,483.77,369.84,435.72,402.21,444.45,387.38,447.71,531.14,522.39,464.51,466.0,339.78,431.15,419.14,458.19,,,354.04,448.83,383.3,420.03,384.64,426.41,371.85,423.94
2007-01-22,379.4042593014615,429.98479516960555,395.63638050690525,441.82615518760923,390.1,436.35,392.28,430.78,,,432.15,463.15,388.71,457.65,358.32,414.89,382.36,421.54,370.15,436.07,402.99,451.22,365.4,465.54,358.86,410.2,411.9,485.48,,,399.37,455.43,411.04,482.35,434.99,483.88,374.72,439.97,402.21,433.95,401.35,462.8,531.14,522.39,459.0,468.34,349.12,444.27,429.67,466.64,,,334.47,428.72,383.3,420.03,395.71,436.9,382.97,437.23
2007-01-15,387.03540291866193,436.38949354335824,402.5257831719569,447.78996444406306,397.6,443.85,400.19,438.0,,,446.34,475.69,397.19,467.03,357.68,409.01,397.48,423.78,375.23,441.57,411.24,456.52,370.67,466.87,374.96,419.32,428.48,497.13,,,415.74,465.09,411.87,484.83,442.41,499.03,386.82,443.22,415.31,446.15,415.93,477.38,531.14,522.39,463.0,466.0,349.16,446.08,441.08,477.34,,,353.63,439.51,411.64,446.7,407.58,450.64,391.43,449.05
2007-01-08,399.53935934255094,450.2679214655889,421.1278260348617,463.70149449973036,415.93,463.01,426.08,453.84,,,456.31,495.17,406.31,477.77,399.7,449.77,416.76,428.03,398.87,466.81,420.02,465.35,384.73,467.28,390.01,431.5,436.54,504.58,,,427.99,479.95,411.87,484.83,451.57,512.58,406.86,458.01,433.61,446.15,415.69,477.1,531.14,522.39,474.0,472.54,340.89,450.56,426.55,464.35,,,363.32,440.57,411.64,446.7,425.57,473.85,390.06,458.97
2006-12-18,412.429547941914,473.26590098762733,419.318082019978,474.0227282099071,419.26,470.51,438.72,483.99,,,456.04,501.1,412.74,484.91,383.43,453.74,444.61,479.49,399.38,468.86,424.88,480.63,427.91,504.39,384.08,441.92,446.71,513.48,,,429.59,506.87,408.56,481.53,452.02,512.23,412.8,469.72,447.51,483.85,405.19,474.5,531.14,522.39,473.0,490.0,401.92,469.34,444.66,491.57,,,388.93,473.41,407.74,462.56,422.23,486.83,391.87,462.26
2006-12-11,410.8535767847365,474.22915491360595,419.64057876003284,476.361117503997,420.93,470.51,431.92,480.07,,,451.61,495.91,411.53,483.12,386.23,459.34,429.5,465.45,399.83,468.34,423.68,482.49,418.68,497.77,386.96,447.11,446.77,514.26,,,423.77,500.92,408.56,481.53,452.02,512.23,412.78,474.01,447.51,483.85,401.25,474.16,531.14,522.39,469.55,490.0,406.58,474.25,442.0,491.83,,,379.97,473.26,407.71,462.52,420.44,483.29,385.54,454.96
2006-12-04,409.46287390549344,474.50809388028097,416.7070230629584,475.61086512453596,412.6,464.68,418.94,475.11,,,451.69,496.0,412.42,482.23,381.92,460.2,450.81,481.38,382.7,468.77,418.76,480.24,428.05,513.08,381.16,444.26,442.49,509.96,,,423.15,499.87,408.56,481.53,452.02,512.23,413.2,474.29,431.81,483.85,391.59,474.23,531.14,522.39,472.0,501.0,413.27,481.93,438.8,491.86,,,382.82,483.45,405.64,457.67,419.27,478.29,384.7,457.0
2006-11-27,403.3126433732314,470.52340624695444,409.38077300504074,471.31880083701117,415.1,466.35,411.48,491.64,,,451.7,496.0,415.0,484.7,361.7,439.7,425.22,470.83,382.83,469.43,417.73,477.89,418.68,502.74,379.02,444.66,443.48,510.11,,,420.24,496.2,408.56,481.53,451.74,512.23,409.82,470.49,431.81,483.85,394.08,474.3,531.14,522.39,458.0,488.51,418.94,488.51,438.45,491.64,,,382.42,482.95,405.65,457.69,419.27,478.06,378.34,449.93
2006-11-20,407.16698197017763,473.02083558100134,414.79612979441873,473.6456535585022,416.76,466.35,393.16,476.76,,,453.13,498.08,416.96,484.66,382.78,454.82,435.79,481.38,382.93,469.94,416.86,478.28,427.22,489.4,378.95,445.27,444.33,512.65,,,424.56,504.18,408.56,481.53,451.65,512.13,410.46,468.89,431.81,483.85,392.7,470.45,531.14,522.39,456.0,488.0,428.69,498.52,438.17,491.29,,,371.93,480.83,403.92,452.47,423.3,483.53,378.65,450.52
2006-11-13,406.83946721954044,472.41119338762775,413.371927988916,472.25039968863507,420.93,468.85,356.57,452.79,,,451.72,498.42,420.63,487.55,377.61,448.57,435.8,483.53,385.2,470.58,416.36,480.0,428.73,494.22,376.42,445.06,440.87,510.92,,,421.41,500.34,432.53,498.88,452.61,514.12,410.19,470.86,431.81,470.85,393.82,470.58,531.14,522.39,460.0,487.0,433.68,502.35,439.14,492.23,,,371.47,489.03,403.99,452.55,418.62,478.15,380.82,452.31
2006-11-06,402.55465384022733,471.48694762137507,406.75146855176223,470.6927537034852,423.43,472.18,393.87,485.47,,,451.72,498.42,427.37,493.29,356.49,437.14,396.15,464.27,383.02,471.03,411.98,477.51,412.19,474.1,374.64,442.64,443.63,515.44,,,428.62,514.28,432.53,498.88,452.69,514.68,402.18,462.93,417.0,470.85,393.71,471.66,531.14,522.39,448.55,487.67,441.16,506.76,446.5,499.23,,,360.58,477.45,398.75,466.79,424.94,484.71,383.68,454.62
2006-10-30,407.3298316632237,477.303872693987,412.34863668620255,477.5710412388557,423.43,472.18,408.97,503.12,,,453.35,501.77,424.3,488.12,368.13,447.49,417.75,483.75,365.92,455.11,420.43,487.7,428.46,489.95,375.11,449.14,438.31,515.94,,,422.9,507.39,432.53,498.88,452.49,514.85,407.54,468.67,434.41,496.7,392.49,476.53,604.17,589.49,461.0,493.55,440.0,501.68,445.75,491.79,,,375.57,496.02,398.77,466.81,423.32,483.34,385.52,456.4
2006-10-23,409.7720143232103,481.6069875760098,415.9216857792532,483.0928694014527,432.6,482.18,409.66,505.24,,,453.59,502.03,428.72,492.13,379.34,456.32,402.64,480.44,364.74,450.26,420.66,490.8,419.5,484.44,379.77,457.53,438.52,517.57,,,430.99,516.2,432.53,498.88,452.49,514.8,413.43,475.98,434.41,496.7,399.91,476.67,604.17,589.49,459.0,514.0,449.72,505.23,446.76,492.95,,,366.99,491.82,398.43,458.48,426.01,479.99,385.72,455.27
2006-10-16,414.9608179921805,483.47675771756974,422.32218550978297,485.1980042390204,432.6,479.68,387.76,494.5,,,457.38,504.47,437.01,496.52,393.78,472.92,396.22,480.45,365.38,450.45,425.89,490.64,436.2,522.04,378.7,450.32,439.37,516.66,,,433.27,511.96,500.3,556.73,452.49,514.8,415.74,474.21,434.41,496.7,425.48,476.67,604.17,589.49,456.0,501.0,458.08,506.52,453.6,499.59,,,374.12,485.45,398.5,458.55,431.23,477.65,386.72,458.61
2006-10-09,416.97356399840055,479.6317802603618,422.1766061278957,480.3421824286603,431.76,474.68,400.57,481.14,,,473.38,518.86,448.26,504.36,389.03,454.17,406.89,480.38,366.92,452.43,428.14,491.81,438.68,513.08,382.13,450.21,442.86,518.55,,,431.65,499.86,500.3,556.73,452.69,514.8,413.62,469.24,434.41,485.65,427.86,476.6,604.17,589.49,454.0,491.0,466.23,506.38,454.41,500.72,,,372.63,483.51,412.02,478.67,433.22,474.9,393.72,458.53
2006-10-02,422.42649805230883,483.1901647355685,428.15908505539386,484.4900893031822,431.76,460.51,403.4,493.48,,,473.38,518.86,462.07,510.68,393.78,458.26,417.58,480.34,393.31,454.57,434.16,494.03,453.29,529.48,386.59,450.02,445.96,521.81,,,426.63,494.47,500.3,556.73,461.13,526.28,419.91,469.25,434.41,485.65,430.35,483.98,604.17,589.49,464.51,501.0,475.91,503.69,460.97,511.5,,,379.14,489.41,412.05,478.71,425.21,475.07,396.77,461.85
2006-09-25,430.3661290722988,489.77928692781836,431.4055540408862,489.5698405365838,447.6,483.01,449.96,506.51,,,477.65,523.04,470.07,515.15,389.3,460.0,431.4,471.61,391.91,453.84,448.72,505.12,447.37,513.08,390.57,454.04,456.09,536.15,,,438.89,505.48,500.3,556.73,462.27,527.57,425.86,475.72,450.11,485.65,438.81,488.78,659.45,628.98,460.0,484.0,488.11,504.74,482.66,533.51,,,380.35,478.07,508.36,530.15,438.11,488.37,416.64,484.0
2006-09-18,450.27263840818705,507.8932342126858,453.46720283635267,508.5428706796133,472.6,502.18,460.7,501.0,,,490.26,544.65,487.96,524.98,424.2,490.4,437.76,472.61,404.94,481.32,460.29,518.43,478.37,499.25,404.53,473.68,470.26,556.14,,,464.37,540.79,556.49,572.44,478.97,552.33,429.77,483.27,461.41,485.65,451.05,497.37,659.45,628.98,468.0,491.0,511.16,518.14,516.48,555.98,,,384.87,492.45,508.4,530.19,455.23,516.48,434.29,499.52
2006-09-11,465.8734248480943,521.4678382954407,468.11582434025087,524.127971879263,500.1,518.85,461.37,528.35,,,536.15,571.1,501.61,532.51,428.47,483.26,459.18,510.11,418.56,505.29,477.32,538.56,497.12,528.2,429.67,499.25,498.48,571.54,,,475.87,548.26,556.49,572.44,495.45,568.33,455.02,500.54,472.71,536.95,486.29,513.13,659.45,628.98,484.0,523.0,519.97,517.96,541.2,558.96,,,414.52,522.95,508.38,530.17,469.31,525.22,451.24,499.4
2006-09-04,489.7367369613995,536.8740184213653,494.6292765273143,540.9560423730641,520.93,535.51,484.2,547.53,,,580.25,576.56,516.23,540.87,470.28,515.59,480.66,533.74,446.61,517.08,507.55,550.95,511.18,547.5,456.39,513.14,526.75,583.9,,,499.68,551.71,556.49,572.44,513.76,577.46,479.66,516.78,488.31,563.85,532.56,505.82,659.45,628.98,494.76,545.0,533.52,523.71,556.21,564.44,,,420.92,537.36,508.34,530.12,488.54,531.31,473.47,511.85
2006-08-28,508.77104368846244,541.3833843155461,513.9896066919194,544.4726383021263,537.6,535.51,517.15,559.62,,,580.84,576.66,523.2,543.23,483.65,504.6,495.68,543.4,474.57,518.71,522.07,556.2,466.44,529.27,473.56,518.1,553.08,586.12,,,510.04,544.26,556.49,572.44,544.29,592.68,497.69,532.19,543.11,549.15,531.41,505.89,667.34,623.06,537.62,563.0,547.93,532.17,570.37,564.5,,,450.12,558.81,547.3,528.41,506.25,530.83,492.1,520.7
2006-08-21,526.8299688113511,545.0134611697142,534.7362554090007,547.3340133738847,551.76,548.85,531.66,532.34,,,605.52,576.96,528.17,546.26,500.0,517.1,506.35,540.13,499.92,516.66,545.71,559.02,478.57,521.0,499.18,520.73,586.35,590.32,,,523.15,539.74,556.49,572.44,571.06,592.85,509.09,533.96,542.21,569.15,543.67,519.36,667.34,623.06,555.0,556.57,559.11,540.15,581.48,563.74,,,469.3,552.36,547.35,528.45,526.1,531.55,505.05,532.36
2006-08-14,551.3195768354643,553.0160342806829,558.6327806191857,552.9117486756074,570.1,563.85,551.92,532.6,,,605.52,576.96,529.14,546.91,536.9,527.0,532.11,558.39,532.51,518.39,565.01,566.82,500.22,536.03,520.14,525.16,603.5,590.08,,,549.44,549.03,533.35,560.87,593.9,592.58,537.42,542.72,586.61,569.15,540.02,521.8,667.34,623.06,578.8,568.0,568.95,548.21,586.1,564.19,,,504.54,572.03,547.26,528.36,535.3,532.51,536.05,556.61
2006-08-07,558.1636696761823,552.3881730283708,564.7916851626244,551.8119290187706,570.93,553.85,551.92,532.6,,,606.93,577.26,526.97,539.81,540.33,531.54,563.17,551.91,532.64,516.53,572.37,563.85,535.51,536.03,529.7,519.85,602.95,587.67,,,557.27,556.08,533.35,560.87,593.15,592.36,556.58,539.75,586.61,569.15,538.72,536.33,667.34,623.06,610.73,574.0,570.81,548.6,586.04,563.71,,,540.23,573.0,547.14,528.25,534.44,531.52,539.29,558.5
2006-07-31,556.1906300993695,548.1374508594238,566.8148669458102,549.342219882313,554.26,534.68,566.6,546.02,,,605.57,577.62,522.68,536.46,548.1,532.0,567.42,543.3,533.34,519.47,573.55,560.63,540.2,552.3,524.83,512.61,605.51,589.54,,,553.8,561.43,533.35,560.87,591.97,592.36,551.6,539.12,586.61,544.75,533.85,536.33,669.32,615.16,617.45,571.0,556.59,530.42,585.67,563.34,,,537.42,557.02,507.88,511.24,528.52,526.91,528.41,548.12
2006-07-24,558.3140023711903,551.9414033733736,569.9097257256449,553.9479951392406,551.76,537.18,591.61,570.2,,,575.08,571.49,526.29,540.07,555.6,540.4,563.24,531.61,533.66,520.56,571.33,562.74,547.37,536.03,531.81,522.51,607.21,593.73,,,546.37,559.69,533.35,560.87,592.18,593.05,554.82,541.45,605.71,550.85,533.85,536.33,669.32,615.16,611.0,557.0,548.53,534.58,579.45,556.65,,,548.84,555.43,507.9,511.26,524.63,529.4,529.94,550.18
2006-07-17,547.0965773718104,546.1408891906491,558.9771295655346,548.686469586006,537.6,538.01,575.64,554.83,,,575.08,571.49,519.72,538.02,531.1,519.3,574.09,553.18,517.56,503.56,567.23,561.83,560.05,555.05,517.1,517.19,586.16,585.13,,,537.79,551.1,520.96,562.52,590.23,593.05,546.79,536.18,581.41,550.85,533.77,537.47,669.32,615.16,625.0,574.0,529.19,519.05,564.51,555.28,,,550.21,569.8,507.94,511.3,522.06,531.95,513.55,536.56
2006-07-10,534.8721025571214,540.08337387815,546.8294131994076,543.0047953751346,530.1,535.51,565.91,541.89,,,562.3,568.5,521.27,540.07,518.8,513.9,561.19,540.27,491.8,511.48,549.66,553.91,520.05,531.02,509.58,513.86,598.63,599.53,,,528.21,549.86,520.96,562.52,575.26,588.56,538.37,536.14,581.41,560.45,530.2,537.55,669.32,615.16,604.85,557.0,523.63,515.24,551.81,547.18,,,545.38,565.11,507.9,511.26,516.05,534.0,496.24,524.52
2006-07-03,526.2542179353699,536.9661663888746,538.4537436921845,540.6074675354588,533.43,534.68,552.33,544.39,,,544.3,558.14,499.79,530.73,519.6,521.4,556.86,549.89,490.55,511.87,541.69,545.78,520.87,538.33,501.27,510.41,549.53,562.45,,,501.79,526.37,520.96,562.52,564.41,584.6,535.27,532.42,564.91,546.45,530.2,537.55,669.32,615.16,590.56,560.78,517.02,510.33,548.84,540.33,,,525.36,562.36,503.75,509.89,509.3,521.74,490.1,518.74
2006-06-26,514.4967462394334,528.7474776928049,524.4084987390465,531.9638534678994,519.26,523.85,528.97,520.14,,,544.77,558.14,499.74,530.25,499.6,499.4,549.61,541.56,491.8,512.83,528.42,542.4,489.44,525.37,484.97,500.88,551.65,573.73,,,491.58,510.51,520.96,562.52,549.93,584.6,505.44,509.52,548.31,546.45,530.2,537.55,671.3,636.87,590.0,556.57,502.02,498.35,548.73,540.3,,,494.89,536.22,503.73,509.87,499.66,515.44,488.73,518.23
2006-06-19,516.3436644833115,530.2787957673874,523.6183485289921,532.2018719521496,527.6,533.85,529.96,531.9,,,551.27,566.0,501.0,531.54,492.05,487.14,543.28,538.45,492.99,508.61,535.52,547.47,504.74,525.37,491.88,504.88,558.77,574.44,,,499.65,518.74,517.65,562.52,549.93,584.6,514.6,516.0,548.31,546.45,536.21,549.65,671.3,636.87,571.0,551.53,502.95,499.75,548.55,541.28,,,491.55,532.6,503.75,509.89,501.09,516.43,500.59,529.59
2006-06-12,523.3832029092646,535.4517756964025,532.5342374828729,537.7955151763654,532.6,543.01,552.74,558.84,,,550.51,565.22,501.84,536.12,511.85,508.35,538.95,531.97,473.49,494.87,532.3,541.89,548.07,568.1,494.8,504.2,558.59,575.18,,,513.31,532.75,521.78,565.0,549.93,584.6,527.76,525.42,565.71,546.45,536.21,549.65,671.3,636.87,591.4,564.0,507.27,507.52,541.84,540.75,,,512.81,554.19,503.71,509.85,503.69,519.44,500.77,528.92
2006-06-05,515.7261562543455,533.2513864633589,522.5336586531645,535.5034316320699,523.43,534.68,491.34,530.55,,,551.27,566.0,494.11,535.18,497.44,511.5,549.43,534.95,473.49,495.09,526.75,537.84,501.06,551.83,487.51,504.24,555.15,575.18,,,504.91,534.46,521.78,565.0,549.67,584.49,519.28,528.32,545.71,546.45,536.28,549.73,671.3,636.87,575.0,552.37,507.99,509.76,544.28,549.93,,,518.21,555.32,515.18,533.84,504.76,520.37,493.21,521.87
2006-05-29,510.5617887975177,527.2767270274094,514.9004319118242,527.2438247732287,522.6,528.01,491.34,528.85,,,551.27,566.0,498.67,540.76,470.5,470.33,528.06,525.38,475.57,494.16,532.01,546.14,538.84,541.77,480.87,500.48,548.57,575.19,,,510.31,540.23,521.78,565.0,549.18,584.06,506.08,518.78,527.51,534.35,537.5,549.73,665.36,615.16,566.0,543.0,514.75,515.26,552.95,549.93,,,495.08,548.98,515.22,533.88,497.45,516.0,496.88,525.79
2006-05-22,520.6518261958389,536.1705885882427,527.3935736245958,536.7684761715121,524.26,530.51,530.29,547.3,,,551.27,566.0,499.33,541.58,503.26,499.43,521.74,524.42,481.77,494.0,529.79,547.12,530.15,541.77,489.86,508.36,564.02,583.7,,,512.51,548.04,521.78,565.0,550.45,585.52,507.74,518.38,527.51,545.65,535.07,555.82,665.36,615.16,576.0,550.0,513.82,512.81,554.07,556.92,,,483.57,545.7,515.27,533.93,506.27,527.49,509.87,539.87
2006-05-15,523.0253978999343,541.3373236121864,527.1602060689502,542.2702300776016,527.6,534.68,513.07,541.55,,,551.18,565.91,499.01,541.03,499.59,505.46,547.6,538.48,495.38,498.38,539.51,560.29,478.9,510.11,501.87,517.76,564.35,584.16,,,505.21,540.5,487.07,545.99,556.18,588.69,533.89,534.21,543.11,545.65,536.28,555.82,665.36,615.16,571.0,547.33,519.72,517.69,554.32,557.89,,,512.44,560.7,515.27,533.93,509.34,528.58,512.85,542.25
2006-05-08,527.4397612491531,546.8875528195222,533.9627151206763,548.697718747234,534.26,540.51,516.99,525.55,,,551.08,565.81,502.82,546.48,515.76,523.78,532.36,528.61,517.05,524.2,539.1,560.13,496.55,510.8,510.06,525.76,569.32,590.55,,,521.59,557.39,487.07,545.99,557.07,597.52,534.57,536.33,563.11,556.05,524.11,555.82,665.36,615.16,569.55,544.0,535.82,533.47,556.99,558.38,,,507.82,555.68,467.6,494.26,512.88,534.47,511.17,541.52
2006-05-01,527.030630079168,548.7035315720328,537.3285052920328,552.4804751168456,525.1,542.18,524.48,546.76,,,537.48,558.03,500.14,544.44,530.63,533.05,541.76,546.59,503.69,520.37,535.91,558.85,502.89,521.27,510.05,529.64,567.74,588.22,,,501.78,541.04,487.07,545.99,554.38,596.03,538.33,543.39,563.11,567.35,511.86,544.78,665.36,615.16,576.0,561.0,519.52,517.72,545.98,546.62,,,525.12,577.28,467.64,494.3,506.18,531.35,500.06,534.0
2006-04-24,518.3249039386249,542.4017298190051,528.1207039983667,545.2128353223048,525.1,542.18,524.48,542.56,,,509.47,534.81,494.31,540.66,513.39,514.08,533.19,550.88,501.26,520.43,527.28,553.0,496.55,528.58,503.09,522.98,548.43,572.49,,,478.32,524.09,452.36,525.33,551.02,593.74,530.54,537.53,563.11,567.35,497.32,536.33,606.15,585.56,587.0,572.0,521.68,519.86,530.74,535.03,,,514.02,574.5,467.64,494.3,500.42,523.74,492.13,530.86
2006-04-10,483.43856671492176,516.8509984182948,493.12294047930516,520.7433971378042,490.1,518.01,509.02,535.93,,,509.38,534.72,452.71,503.34,467.27,489.51,513.81,516.49,474.03,506.79,498.58,531.89,463.09,500.24,468.97,494.54,525.44,556.14,,,453.46,504.51,452.36,525.33,510.98,561.68,500.42,515.41,529.21,536.05,436.38,474.17,606.15,585.56,570.0,546.5,468.8,484.15,488.23,522.23,,,481.91,536.25,424.83,485.22,471.64,506.33,459.12,503.64
2006-04-03,477.6872132285661,514.5838071941603,490.9266235328505,519.5072800890977,485.1,513.01,493.24,527.4,,,494.46,529.26,433.92,495.75,470.07,497.27,503.06,518.61,463.62,509.82,486.54,526.13,443.1,496.79,459.82,492.77,511.21,551.91,,,460.36,512.24,452.36,525.33,508.21,561.59,492.43,516.65,510.91,524.75,431.51,458.34,606.15,585.56,601.49,539.0,452.7,485.4,482.19,521.97,,,479.22,533.26,424.9,485.3,442.13,495.26,444.52,491.56
2006-03-27,457.1719549020441,507.2770033712551,465.1862940440983,511.5719158347688,466.53,498.51,454.18,496.21,,,494.55,529.35,431.18,492.79,436.66,483.05,474.15,506.86,459.59,508.67,473.64,520.45,420.76,486.32,445.11,487.38,504.92,551.25,,,443.11,500.93,452.36,525.33,487.23,561.55,478.67,514.21,494.41,513.45,413.31,452.32,588.38,573.7,521.0,525.48,432.19,474.87,467.4,521.82,,,456.01,524.1,424.9,485.3,444.38,499.86,438.87,489.74
2006-03-20,454.60336556048156,509.07244152199917,466.2852886675838,515.4736618027382,467.36,500.18,420.43,477.01,,,487.42,520.18,410.33,472.18,442.91,502.44,460.2,506.83,435.3,499.6,469.5,519.51,499.3,559.93,443.4,489.59,495.58,548.54,,,431.86,499.75,452.36,525.33,487.51,561.25,476.8,514.15,494.41,513.45,420.61,482.76,588.38,573.7,510.73,519.0,417.69,466.91,455.05,521.08,,,463.04,538.14,424.99,485.4,446.37,501.87,427.55,479.44
2006-03-13,442.2916384904515,503.6755872172377,451.570048184133,510.2673991468397,459.03,493.51,443.29,510.18,,,474.3,505.25,405.06,466.51,412.96,479.82,456.03,502.68,435.11,500.24,457.22,516.57,472.14,524.77,420.89,487.67,484.29,546.36,,,422.82,501.13,458.15,525.33,482.67,559.63,451.79,515.11,457.01,513.45,441.25,491.21,588.38,573.7,510.73,519.0,407.87,455.9,455.61,515.22,,,439.51,522.79,434.34,479.1,444.06,496.99,421.89,474.89
2006-03-06,439.2515666914657,499.40147456023624,447.1902597992577,503.85211024037596,457.36,485.18,427.48,484.89,,,474.71,505.69,407.45,466.44,410.16,464.3,445.18,521.83,423.44,489.69,453.15,510.96,464.01,542.14,417.24,481.82,472.41,532.55,,,434.18,505.65,458.15,525.33,482.67,559.52,449.89,508.32,468.31,525.65,405.94,468.08,588.38,573.7,490.56,533.0,417.36,465.73,456.29,506.36,,,423.3,527.91,434.43,479.2,449.24,492.41,422.45,475.31
2006-02-27,435.7778033629197,493.21594240958274,441.0876557031013,495.6254342036564,454.86,479.34,428.01,479.57,,,475.14,505.69,414.08,473.85,415.76,463.22,426.02,499.48,422.07,489.31,455.31,511.9,451.46,523.39,412.68,472.78,460.9,526.96,,,431.78,503.58,458.15,525.33,457.97,535.32,449.46,501.71,468.31,506.45,436.32,497.23,588.38,573.7,480.48,509.0,424.6,473.18,456.94,505.52,,,409.36,510.69,434.43,479.2,448.57,491.4,426.93,479.14
2006-02-20,435.45072748225,491.1693732697259,440.63933704750514,493.2662576349839,450.69,475.18,440.26,488.25,,,478.09,505.77,418.59,477.51,423.09,465.16,427.99,493.92,423.77,490.97,439.72,506.68,397.86,496.35,408.41,467.25,460.73,520.34,,,452.11,509.79,458.15,525.33,459.63,534.67,453.26,498.63,453.61,489.15,433.94,481.47,629.84,581.6,489.72,508.0,428.69,477.29,466.57,511.97,,,398.36,500.56,434.49,479.26,448.24,491.5,425.7,477.37
2006-02-13,445.265439753777,497.00790132325227,454.10418779026406,500.85614749490577,462.36,489.34,453.96,497.74,,,483.78,501.33,423.96,482.76,433.22,477.44,452.52,490.56,450.45,493.27,457.58,509.77,401.99,496.35,426.36,472.42,482.14,523.98,,,452.68,510.43,446.58,522.85,484.27,551.39,454.88,499.97,470.91,503.05,418.18,462.06,629.84,581.6,477.0,497.75,427.72,475.34,475.0,506.81,,,406.3,501.93,432.02,465.65,460.51,496.55,427.05,478.39
2006-02-06,453.5767179990602,503.16895609164766,464.76512974460076,508.07006569102424,465.69,492.68,451.17,501.97,,,492.21,506.39,427.53,486.75,459.29,501.8,456.69,499.02,452.05,494.33,461.51,510.7,405.16,496.35,435.62,479.88,489.46,523.82,,,463.82,512.62,446.58,522.85,484.48,551.39,467.71,508.29,488.31,503.05,447.33,485.12,629.84,581.6,494.0,507.0,426.22,474.87,473.88,505.17,,,421.85,509.29,432.03,465.67,476.08,499.48,428.36,479.65
2006-01-30,450.8196382599316,499.05872254673307,459.8849634151058,502.2699442476951,462.36,487.68,469.33,507.56,,,492.21,506.39,427.43,485.12,435.6,474.86,456.87,495.99,451.09,493.91,459.7,510.57,404.89,496.35,435.37,477.54,490.16,523.04,,,461.98,510.32,446.58,522.85,486.27,551.46,474.63,515.71,467.51,503.05,463.16,499.73,629.84,581.6,511.0,507.0,427.56,477.22,472.16,503.1,,,420.74,520.13,432.07,465.71,476.51,499.91,429.95,480.42
2006-01-23,447.17551692295643,493.28192597060604,455.0749619728216,496.49509515031485,455.69,481.84,481.61,500.32,,,493.78,506.39,415.41,472.7,428.69,466.88,478.42,501.47,434.54,485.92,459.05,503.85,418.4,502.14,435.79,469.67,488.34,518.8,,,452.06,499.86,446.58,522.85,486.07,551.13,473.65,506.6,484.91,503.05,454.7,488.85,610.11,553.97,468.71,507.0,425.44,473.95,459.55,482.36,,,445.14,515.66,432.07,465.71,462.48,486.7,423.26,473.67
2006-01-16,447.64662077891273,491.8817081357847,458.73418937189916,495.18309829596905,451.53,476.84,486.24,509.21,,,473.21,506.73,409.94,467.22,433.65,472.27,473.11,494.02,425.59,483.24,455.35,498.23,422.25,497.5,430.6,464.64,486.69,519.08,,,453.29,499.42,446.58,522.85,485.75,551.19,466.01,498.48,484.91,488.25,448.68,488.92,610.11,553.97,517.45,496.0,430.76,480.96,455.09,496.45,,,428.97,511.83,405.55,459.37,463.37,486.91,417.99,469.87
2006-01-09,442.82182323185106,494.10183878288615,451.59356561190646,498.12556472868783,446.53,481.01,458.8,502.85,,,450.42,501.34,404.95,464.56,435.59,488.44,475.36,495.2,417.05,479.81,447.66,494.68,408.6,497.5,421.63,462.56,463.86,513.86,,,438.18,490.73,446.58,522.85,482.43,550.13,463.37,499.55,484.91,488.25,441.31,488.85,610.11,553.97,488.0,531.0,439.77,491.11,441.43,489.72,,,447.42,504.5,405.59,459.41,443.42,479.82,413.67,468.22
2005-12-19,428.23915831759047,482.5984805733139,434.74778438476886,484.8279762332778,439.86,478.51,445.06,480.4,,,452.22,502.89,415.28,473.45,412.31,471.19,455.26,494.43,403.86,416.32,442.34,490.9,406.53,497.5,397.97,452.39,460.99,513.94,,,433.91,490.22,446.58,522.85,459.36,527.3,441.51,490.51,468.31,494.65,427.61,479.98,681.16,561.87,475.44,487.0,451.27,495.36,440.76,489.37,,,393.66,480.51,405.59,467.41,441.86,489.61,403.43,456.92
2005-12-12,421.66424326605164,480.0178258882819,424.79908533913374,481.391374674837,434.86,477.68,426.16,483.32,,,455.29,509.32,418.42,475.66,389.47,462.8,444.91,484.11,402.07,469.62,439.63,490.65,398.26,497.5,389.58,448.92,451.78,511.49,,,422.24,487.99,473.85,552.6,448.07,516.04,432.3,490.69,448.31,479.85,427.3,467.48,681.16,561.87,490.0,500.0,464.22,502.51,441.22,490.07,,,393.2,479.95,405.55,467.37,442.16,489.46,402.12,456.06
2005-12-05,419.3089364416272,475.563820224228,420.37362025476614,475.3609643416532,432.36,473.51,414.92,472.27,,,455.13,512.6,433.48,489.69,390.54,467.96,431.82,471.01,402.45,469.52,423.07,473.84,389.99,484.41,377.12,439.32,441.22,509.94,,,427.58,493.5,539.14,573.26,442.01,510.41,412.48,479.23,448.31,479.85,427.49,468.89,681.16,561.87,474.6,492.0,476.25,508.09,450.15,497.85,,,393.88,475.69,405.54,467.35,444.44,491.98,402.15,458.16
2005-11-28,426.84412089090677,483.5047055191279,429.307525801915,484.0560102798836,447.36,485.18,423.18,480.54,,,455.13,512.6,443.41,497.6,404.77,482.4,433.69,476.06,406.38,465.34,425.08,482.42,389.99,486.34,381.41,446.96,447.97,515.84,,,430.57,505.28,539.14,573.26,457.83,519.05,418.29,483.69,448.31,491.15,409.54,448.54,681.16,561.87,468.0,487.67,490.35,512.99,452.45,500.85,,,402.6,484.96,405.55,467.37,445.31,504.52,404.64,462.39
2005-11-21,427.8298672215404,485.77961337812184,427.3541636318063,485.5450602328329,449.86,487.68,417.54,478.75,,,455.6,513.2,453.4,501.61,384.51,460.2,430.33,478.05,411.74,470.84,442.71,500.33,428.32,471.29,383.42,451.62,451.29,520.82,,,432.83,509.42,539.14,573.26,458.18,519.05,414.4,481.94,448.31,508.55,435.22,487.63,685.12,595.43,469.0,505.31,492.12,507.95,462.46,513.03,,,407.85,490.06,473.05,531.04,439.82,501.7,412.25,469.46
2005-11-14,446.0755687543432,501.0668397275188,443.88112379816596,500.72603079282425,465.69,491.84,458.47,515.58,,,471.94,537.16,474.53,510.97,416.4,488.2,436.92,473.94,409.48,464.54,452.7,515.12,426.25,457.09,391.4,458.1,453.65,526.66,,,446.31,517.13,539.14,573.26,474.29,535.61,433.33,493.06,465.71,508.55,442.15,499.37,685.12,595.43,470.0,510.0,500.24,510.74,474.44,535.42,,,415.68,491.42,473.07,531.06,445.51,498.86,445.1,500.59
2005-11-07,456.6102887656256,514.8240476043469,452.4979588844952,515.2536737162972,482.36,503.51,458.47,530.15,,,475.26,543.02,492.0,516.41,423.5,496.0,449.36,479.9,425.17,496.08,463.91,529.25,431.63,509.2,398.33,473.13,465.52,542.64,,,448.17,525.04,539.14,573.26,481.9,559.78,434.43,503.1,465.71,508.55,444.64,514.05,685.12,595.43,486.36,515.4,504.22,510.17,495.36,551.31,,,421.47,496.75,473.05,531.04,444.91,507.65,466.98,518.9
2005-10-24,483.5439861675836,535.1692992548465,485.7833695758228,538.2062777813547,503.19,516.84,473.65,552.38,,,522.27,552.43,505.63,514.02,466.6,520.8,447.45,505.89,443.93,517.62,488.42,539.06,480.15,530.29,422.43,499.85,502.94,569.67,,,473.89,523.11,539.14,573.26,515.65,593.79,458.47,523.76,486.61,547.65,466.61,517.77,568.65,579.64,523.0,555.0,536.94,532.33,533.99,555.09,,,424.78,530.03,470.21,508.71,470.97,520.89,480.11,521.97
2005-10-17,500.30592743724964,541.0488374570231,506.151698578813,544.6580897244888,519.03,523.51,511.2,581.75,,,542.59,552.43,520.32,520.37,480.6,518.8,493.36,545.35,471.67,519.35,503.43,539.6,509.71,572.7,451.98,517.58,531.38,575.99,,,483.02,526.95,539.14,573.26,547.72,600.93,486.3,538.19,507.51,547.65,487.23,522.56,568.65,579.64,522.0,554.0,546.53,533.95,533.8,538.71,,,448.91,554.05,470.23,508.73,479.5,522.51,482.34,517.86
2005-10-10,513.749324487426,542.878886433262,523.6817388516937,547.271505240654,532.36,521.84,527.92,578.25,,,553.57,557.32,526.63,524.52,507.6,525.7,498.77,538.97,492.95,514.49,514.54,539.56,519.5,566.77,487.69,523.26,558.43,581.02,,,483.6,519.83,539.14,565.0,550.88,602.08,517.61,546.65,547.51,566.85,510.06,528.34,568.65,579.64,536.0,556.0,550.32,531.53,530.51,534.05,,,480.67,565.66,470.17,508.67,492.91,516.71,481.09,515.73
2005-10-03,519.3145995889628,540.5656188173883,529.2428682748236,544.958378402741,536.53,516.84,535.06,564.68,,,528.38,545.12,526.61,523.89,514.0,525.9,552.34,550.73,474.99,490.2,514.76,539.31,559.75,575.32,489.52,515.23,544.78,568.82,,,483.96,519.85,539.14,565.0,548.68,601.25,509.21,533.56,575.31,566.85,495.42,496.08,568.65,579.64,585.52,572.54,546.71,525.52,522.65,526.2,,,529.4,558.95,470.25,508.75,478.76,502.55,477.73,516.53
2005-09-26,507.74824076957447,528.8668448068194,512.3524933864005,530.9998681898265,529.86,535.68,531.72,552.29,,,528.38,545.12,533.17,529.95,501.1,505.7,533.12,529.37,475.12,489.95,523.18,539.65,546.38,560.84,468.23,500.3,515.97,555.87,,,490.62,528.24,539.14,565.0,513.85,568.39,486.35,511.05,544.91,547.65,499.76,497.37,442.58,478.97,569.0,547.0,552.01,529.43,529.35,532.52,,,518.11,542.37,523.85,528.6,482.48,506.22,476.2,513.01
2005-09-19,508.5761205531145,522.6087612292649,510.9945082836773,521.3326590171237,533.19,540.68,510.13,516.93,,,536.72,550.11,554.45,544.92,507.4,489.9,501.21,507.11,476.72,491.99,522.42,539.33,454.65,513.29,457.47,480.85,528.75,558.15,,,502.74,532.0,539.14,565.0,516.38,569.18,493.77,508.77,527.51,516.35,502.19,499.81,442.58,478.97,571.0,539.0,557.03,535.12,533.12,538.29,,,475.88,518.22,523.92,528.67,494.95,508.51,494.24,530.98
2005-09-12,527.3452350089111,535.8773439136801,535.7888659069258,536.7577310110859,557.36,554.01,531.39,536.67,,,561.46,565.32,562.37,548.37,521.36,502.44,531.44,512.66,516.53,511.77,539.34,540.72,564.94,571.32,503.29,510.47,585.52,577.99,,,518.73,544.12,461.45,521.2,544.2,592.75,517.73,524.05,567.51,553.75,522.82,509.47,442.58,478.97,600.0,545.0,526.6,530.41,516.02,528.34,,,511.02,529.44,467.97,500.22,520.16,533.59,501.43,536.93
2005-09-05,531.0340997180516,541.606589219534,545.1606953993206,545.0971016801565,540.69,561.51,556.24,563.83,,,517.34,536.9,523.3,545.56,564.47,543.39,631.17,555.53,517.68,500.02,544.87,545.71,556.8,522.8,521.94,521.19,547.14,560.38,,,489.13,529.52,461.45,521.2,525.08,569.61,519.49,510.5,638.81,570.35,570.21,522.79,442.58,478.97,617.45,559.0,508.79,525.05,491.06,515.71,,,510.44,552.08,467.87,500.12,485.02,513.38,489.55,524.84
2005-08-29,475.0837575778598,515.4055061510027,482.30974164469603,518.8884107718417,500.69,537.34,509.33,537.11,,,517.34,536.9,442.13,496.64,461.7,496.4,493.52,513.36,452.69,477.55,498.31,529.33,458.65,490.13,447.55,491.75,491.01,543.45,,,478.86,516.34,461.45,521.2,500.21,551.92,474.23,498.68,522.21,538.95,457.07,492.43,442.58,478.97,538.46,540.61,466.82,497.61,484.7,507.29,,,483.3,524.82,451.15,485.83,460.65,489.23,450.42,499.26
2005-08-22,475.39730081809375,512.2722287229427,484.58762773564075,516.2128600739658,494.86,533.18,508.2,529.86,,,517.34,536.9,444.13,499.27,470.9,504.8,489.54,496.51,452.69,477.74,488.72,519.2,477.11,500.22,446.08,485.39,515.64,539.5,,,483.79,519.5,461.45,521.2,499.0,551.38,470.55,498.99,522.21,538.95,459.58,480.32,442.58,478.97,534.0,539.0,464.62,497.45,476.16,495.69,,,480.9,505.14,451.17,485.85,463.28,492.68,444.65,493.64
2005-08-15,461.85045225700856,495.1873626534363,468.85980285388916,496.9838142658865,479.03,509.01,449.86,476.51,,,475.61,512.86,444.32,499.22,467.65,502.27,493.44,507.91,430.44,458.69,473.36,500.76,469.66,486.85,421.41,458.93,486.68,522.27,,,468.47,500.74,461.45,521.2,474.55,531.02,474.8,495.89,492.71,495.55,437.66,473.02,442.68,479.08,525.86,507.0,453.82,487.36,468.89,490.15,,,470.21,496.33,429.21,467.72,439.93,465.03,436.51,485.37
2005-08-08,455.6190956065415,490.9858318103445,463.88672608993795,494.22870007055013,479.03,509.01,449.86,476.51,,,475.2,512.42,443.23,498.93,453.5,489.5,482.74,475.78,430.44,458.69,473.36,500.76,469.66,486.85,421.41,458.93,486.68,522.27,,,468.86,501.49,428.39,501.36,474.55,531.02,448.26,472.52,492.71,495.55,437.66,473.02,442.58,478.97,525.86,507.0,451.97,483.27,466.34,492.26,,,469.32,495.38,429.2,467.7,438.98,464.02,422.39,471.13
2005-08-01,449.906113818882,488.281442042753,458.3235453494838,491.74337308203343,474.86,505.68,436.35,470.06,,,475.03,512.24,434.36,490.44,443.99,478.74,467.8,465.12,428.59,453.45,467.01,501.39,459.18,479.82,414.57,458.74,480.94,520.68,,,457.29,497.43,428.39,501.36,474.55,530.44,440.68,472.71,492.71,495.55,434.01,471.8,442.58,478.97,519.09,506.11,445.79,483.0,469.79,500.12,,,465.88,491.75,428.55,476.45,424.0,459.42,417.32,466.77
2005-07-25,447.330557740273,489.62363391399225,456.24587219868,494.38648403873816,473.19,506.51,457.05,489.55,,,468.2,508.15,433.08,489.65,435.8,479.38,467.8,455.47,429.49,460.64,458.55,502.63,459.32,474.72,415.99,465.87,487.26,524.95,,,453.88,497.07,428.39,501.36,474.08,530.44,450.39,479.44,492.71,495.55,435.16,471.73,442.58,478.97,524.14,501.07,440.69,478.94,465.36,502.62,,,464.49,488.59,428.5,476.39,423.62,459.26,412.5,461.94
2005-07-18,444.5195924566585,493.5193907833422,454.0640209356229,499.2212355934087,467.36,514.01,474.2,500.39,,,465.83,506.05,433.72,490.82,432.4,485.9,457.08,474.77,428.4,459.23,459.28,505.85,451.46,486.85,413.59,474.81,487.26,524.95,,,451.71,497.81,428.39,501.36,475.72,531.48,458.28,487.22,492.71,495.55,431.5,472.95,442.58,478.97,507.33,501.07,433.63,473.98,454.81,497.94,,,458.34,497.07,420.22,470.32,421.69,458.11,409.62,460.45
2005-07-11,441.07170799179744,494.96228204849706,451.4281389522982,501.86912052867586,476.53,524.84,478.34,520.64,,,466.0,506.23,408.09,467.25,426.8,487.6,475.58,497.58,430.05,472.23,455.92,506.62,427.56,486.54,417.68,476.65,473.98,520.35,,,436.88,485.82,394.51,463.34,474.46,530.31,447.08,480.59,492.71,509.45,429.07,472.95,442.58,478.97,527.54,531.0,431.82,474.27,444.5,492.99,,,466.1,512.01,420.22,470.32,410.56,444.71,400.67,452.08
2005-07-04,432.2601665076277,484.72343687854243,441.3654291039051,490.85515581963784,450.69,494.01,447.76,491.32,,,466.08,506.32,406.67,467.51,423.7,483.5,440.4,476.36,401.88,449.17,442.84,495.63,397.37,475.37,394.02,457.97,471.24,516.53,,,423.65,472.67,394.51,463.34,474.16,529.54,429.11,463.65,466.61,486.85,412.03,457.12,442.58,478.97,501.49,518.0,423.72,470.03,425.15,485.51,,,434.03,486.7,400.3,468.35,416.22,449.34,404.41,448.61
2005-06-27,425.298343674473,479.233004735836,432.71325270310285,484.38649333043645,445.69,489.84,443.35,497.66,,,436.13,491.61,407.2,468.12,408.2,466.2,451.33,477.64,396.0,445.53,443.38,489.79,397.37,475.37,391.96,459.89,462.91,514.73,,,422.71,471.59,394.51,463.34,461.99,521.04,422.72,457.54,466.61,486.85,409.54,454.62,442.58,478.97,493.0,502.0,418.31,464.49,423.06,477.22,,,421.67,491.98,400.28,468.33,414.71,448.91,401.64,446.97
2005-06-20,415.86997095329025,472.5831110454464,424.45960896415494,478.5039327104206,433.19,477.34,423.24,476.72,,,412.28,450.51,399.68,461.86,408.2,466.2,440.8,482.17,391.59,434.6,429.19,483.64,410.05,498.55,381.08,457.16,445.97,504.56,,,421.35,470.17,396.16,462.52,449.7,507.03,414.54,451.84,448.31,486.85,403.62,448.73,442.58,478.97,481.0,507.0,406.88,447.64,408.78,457.17,,,428.29,499.71,372.12,426.39,413.62,447.72,384.22,435.35
2005-06-13,406.865291367876,461.13914112391114,416.03520858566367,466.84370613704516,425.69,472.34,421.59,477.27,,,411.92,450.11,398.79,459.73,398.7,452.9,419.56,462.02,379.95,416.38,413.07,466.35,395.99,499.65,368.41,439.91,437.21,490.37,,,412.87,455.3,396.16,462.52,449.55,505.63,401.39,436.11,433.61,469.45,393.94,434.18,442.58,478.97,469.0,501.0,398.54,439.17,389.96,432.93,,,400.58,471.7,372.28,426.56,405.0,432.62,377.54,428.17
2005-06-06,394.7395924598331,444.72171152638475,404.0879245956765,449.76035707997033,424.03,469.84,415.25,471.76,,,409.33,447.93,383.5,434.14,380.6,432.2,415.35,454.6,369.73,408.01,399.38,449.09,395.3,492.62,359.43,422.45,419.58,462.09,,,401.33,436.77,396.16,462.52,434.22,482.46,392.67,421.93,433.61,435.55,378.04,418.28,,,465.0,489.0,386.72,424.52,396.46,434.39,,,406.32,467.07,360.35,398.98,391.22,412.48,361.59,414.82
2005-05-30,381.28981520951635,427.6581343131896,386.83059137799717,430.64637548432273,404.86,452.34,362.91,417.77,,,414.88,451.47,375.39,420.94,350.0,405.7,393.67,422.16,354.55,389.47,396.4,441.74,378.2,467.25,349.46,403.97,415.01,455.22,,,387.72,419.41,396.16,462.52,424.55,464.23,381.0,406.6,408.31,424.25,378.0,418.23,442.58,478.97,437.0,446.5,382.96,420.13,397.16,438.49,,,387.06,441.44,360.27,398.9,380.83,397.58,358.28,410.58
2005-05-23,384.60187134897336,429.47174042216335,390.98937037810856,432.58319636278867,404.86,451.51,339.22,414.74,,,428.59,459.54,377.63,423.21,369.2,427.0,386.89,406.76,350.32,396.18,399.29,440.75,373.93,458.84,347.88,399.6,415.1,455.57,,,390.09,421.99,396.16,462.52,424.55,464.23,381.02,404.95,408.31,405.95,390.06,426.63,442.58,478.97,427.0,430.0,380.9,417.03,399.09,441.79,,,371.24,427.34,377.85,416.99,382.39,397.03,364.91,417.43
2005-05-16,391.92667363481377,435.62618473759755,400.13693620122024,439.4930585567051,410.69,457.34,414.7,454.89,,,428.14,463.22,380.73,426.4,379.1,434.1,380.79,401.75,352.92,399.11,397.86,440.65,390.72,446.54,352.89,405.78,423.62,490.37,,,389.84,431.4,396.16,462.52,436.93,472.52,387.04,421.19,408.31,421.65,390.12,426.69,442.58,478.97,427.0,425.48,380.47,417.88,408.94,452.21,,,378.14,425.3,377.87,417.0,382.61,407.72,370.77,421.97
2005-05-09,396.4823129012703,442.10910987823456,404.51768161841744,445.3684402693511,418.19,464.01,414.7,454.89,,,426.81,461.9,386.2,431.69,375.5,430.7,380.85,408.27,357.46,407.24,403.32,449.57,391.47,460.88,359.29,417.09,440.43,477.39,,,401.21,446.35,382.94,451.77,448.82,480.93,392.03,429.85,418.81,433.75,388.84,426.63,442.58,478.97,434.0,441.45,392.26,432.07,407.55,453.15,,,379.86,447.27,379.19,427.61,388.26,422.83,374.86,426.02
2005-05-02,403.6567490090863,449.12283824230406,414.1795135862791,454.14869124298923,419.86,464.84,414.42,456.27,,,424.46,459.36,377.13,422.82,384.5,438.0,393.53,418.78,362.35,408.59,410.45,458.53,400.64,469.43,370.51,424.46,441.35,481.07,,,397.16,448.06,382.94,451.77,465.08,497.77,397.6,437.4,434.41,447.65,392.55,432.77,443.1,479.52,444.0,454.0,378.31,417.48,410.61,457.78,,,396.55,446.44,379.06,427.46,380.5,419.58,378.77,431.54
2005-04-25,400.56485418526705,450.2884688820709,409.11185427464505,455.11664657631593,418.19,465.68,402.58,440.56,,,424.61,459.52,373.35,424.99,367.3,422.7,399.79,425.02,358.54,419.42,410.23,463.72,403.61,449.91,363.52,423.52,432.03,480.22,,,400.48,451.88,382.94,451.77,465.08,521.54,392.35,438.21,415.31,429.45,392.49,426.63,442.48,478.85,464.51,461.62,383.75,423.48,414.46,456.16,,,394.22,453.98,399.53,443.06,376.99,415.0,378.26,429.89
2005-04-18,398.8680744882792,452.6003790297006,407.16363175982593,457.52206207457664,420.69,471.51,400.65,453.15,,,422.87,458.46,374.23,426.95,373.3,426.8,398.47,433.35,357.46,438.37,401.63,463.5,339.27,418.76,364.64,428.84,443.4,486.93,,,409.51,464.42,382.94,451.77,466.29,522.67,395.52,439.7,415.31,444.25,398.75,432.89,441.86,478.19,440.0,457.42,385.77,425.14,403.2,449.92,,,382.7,455.38,399.53,443.06,379.15,417.36,377.27,429.23
2005-04-11,404.5397762485513,457.2243675576716,413.9738340826963,462.34181796176915,431.53,479.01,421.13,474.47,,,424.56,459.74,371.48,425.11,386.0,436.3,420.18,445.42,357.46,441.36,392.59,456.44,359.54,429.38,383.65,442.98,453.8,490.81,,,413.94,469.4,349.06,419.54,466.29,522.67,404.27,445.97,456.18,472.05,392.54,432.77,441.45,477.74,454.0,462.0,391.4,432.5,390.12,444.63,,,410.89,483.63,358.33,444.25,372.31,413.98,375.27,427.44
2005-04-04,382.4571501503003,439.06077985679167,390.3906351141179,444.2078613283072,399.03,458.18,406.8,452.98,,,396.97,444.02,342.31,396.97,359.3,413.9,423.34,447.5,343.93,428.36,385.62,453.49,361.19,432.14,362.22,423.43,420.27,482.73,,,389.35,451.02,349.06,419.54,425.93,482.53,387.01,430.33,425.71,435.55,368.21,407.21,429.57,462.2,456.0,467.5,372.87,417.14,376.3,443.0,,,392.95,443.81,358.39,444.32,354.09,399.04,353.95,408.32
2005-03-21,361.05362234841715,429.7850863666892,369.77325823325447,436.61210378289115,368.63,434.03,367.69,426.53,,,392.97,436.5,307.08,375.3,330.4,401.8,370.86,430.47,332.53,403.44,375.55,444.6,326.45,418.76,336.56,426.61,395.52,478.32,,,365.18,427.1,331.7,403.84,424.32,481.05,376.31,424.4,386.61,435.55,355.98,394.97,427.38,459.85,414.0,453.0,346.52,400.32,363.96,424.36,,,362.48,459.12,343.4,421.25,343.42,388.79,335.4,388.84
2005-03-14,359.7265974575741,423.5636242012505,371.73382190015866,430.9790966194071,379.47,421.53,360.8,417.99,,,388.71,426.21,311.01,380.85,338.4,400.3,359.09,425.15,333.11,396.38,375.14,443.57,331.74,408.68,336.32,414.24,393.06,451.42,,,368.35,430.61,331.7,403.84,424.25,480.93,370.31,414.65,386.61,422.45,356.08,390.22,427.18,459.64,411.57,446.49,353.91,399.83,357.74,409.72,,,360.55,449.04,332.25,379.37,337.04,380.79,320.86,375.47
2005-03-07,349.4758357556932,411.55781543025563,357.02384703407694,416.78023930271985,369.47,410.69,348.68,402.29,,,385.36,415.64,309.56,380.28,316.2,378.7,364.62,417.82,330.39,387.75,375.19,440.22,315.64,425.66,326.12,398.83,383.84,430.56,,,356.77,416.69,331.7,403.84,401.65,459.99,359.12,394.66,373.61,422.45,351.06,379.1,428.37,460.92,406.53,435.0,365.09,406.37,355.24,387.92,,,348.81,426.16,332.27,379.39,339.37,375.98,318.68,373.87
2005-02-28,342.181808316055,397.10964478389263,350.45439089035085,401.6897310558469,356.13,400.69,361.9,405.6,,,377.94,399.69,301.11,359.03,318.8,363.2,349.59,396.35,320.64,377.99,363.21,422.92,306.4,411.05,322.41,381.91,381.41,418.18,,,356.79,400.02,331.7,403.84,382.7,439.38,360.01,397.5,361.41,405.95,338.99,374.34,428.27,460.81,396.44,424.0,358.11,398.3,356.4,385.93,,,334.75,417.22,331.91,361.57,338.92,363.55,309.74,361.63
2005-02-21,338.90888310345645,385.3720675316414,346.7799987226177,388.9015093083975,350.3,398.19,349.4,382.73,,,377.63,400.73,297.97,356.43,304.3,340.8,344.17,374.8,319.56,376.38,359.82,406.86,320.71,376.14,319.58,362.44,383.16,413.46,,,354.15,397.15,331.7,403.84,388.06,449.12,353.14,380.76,374.41,367.65,342.64,374.34,428.87,461.45,392.0,412.0,350.58,388.44,354.51,386.71,,,341.23,387.17,331.84,361.49,339.3,362.05,306.39,358.36
2005-02-14,337.2649996019284,383.0449977007641,345.0541065512643,386.13781547512264,342.8,389.86,337.38,371.16,,,377.56,400.66,289.35,352.15,302.6,340.6,350.62,369.43,307.64,367.17,358.94,403.74,305.02,382.65,315.9,359.76,380.57,413.54,,,353.28,396.03,335.01,416.24,387.93,448.84,342.67,372.41,360.53,367.65,342.69,369.53,429.27,461.88,399.0,391.0,345.05,387.68,350.8,386.66,,,340.32,388.14,328.01,369.48,340.3,361.25,305.74,358.78
2005-02-07,339.8809617407781,385.77832836258347,348.8941695170736,389.48091641844394,352.8,401.53,357.3,372.81,,,363.94,396.13,292.62,356.46,316.8,355.7,352.78,356.54,307.1,367.17,349.46,401.1,299.78,372.86,319.76,361.36,380.53,415.28,,,353.75,396.58,335.01,416.24,387.92,449.02,347.83,381.14,377.91,381.65,336.55,365.81,429.67,462.31,400.0,388.51,346.53,394.49,336.25,386.51,,,348.31,383.92,328.04,369.52,341.15,362.11,303.65,358.57
2005-01-31,333.85489889779683,387.9696789577074,342.93885773754045,392.43967082817863,354.47,402.36,352.34,387.2,,,363.63,403.55,287.29,353.68,305.2,365.2,360.4,377.06,295.73,350.91,339.88,400.89,306.12,387.61,314.66,363.03,372.89,411.66,,,351.34,393.93,335.01,416.24,384.79,448.96,341.13,375.6,377.91,381.65,329.25,359.73,428.67,461.24,401.49,388.51,329.36,386.71,329.34,386.69,,,347.04,404.47,302.96,363.2,340.47,361.17,297.94,355.63
2005-01-24,318.28565352196614,380.6465938207379,323.7418206765609,384.70039829453646,341.13,389.86,337.46,373.7,,,361.97,398.93,284.79,353.89,288.8,362.1,339.94,360.9,286.52,346.59,332.25,396.67,293.03,372.86,294.28,352.63,362.09,408.43,,,350.3,392.69,335.01,416.24,349.7,433.72,327.39,361.16,359.61,364.25,329.25,359.73,428.08,460.6,387.0,390.0,320.49,386.75,315.25,388.21,,,339.9,389.67,302.96,363.2,334.76,357.83,288.59,348.97
2005-01-17,317.07688825905126,379.5159933027104,324.4409297981046,383.8332997214832,333.63,386.53,319.01,372.6,,,357.42,381.61,288.53,355.95,303.5,365.4,336.79,359.91,283.27,344.95,324.94,396.56,339.52,370.82,278.89,347.72,348.72,405.08,,,334.53,393.2,335.01,416.24,348.14,433.72,311.93,360.1,342.21,364.25,331.72,359.78,427.09,459.53,384.0,383.47,315.18,390.41,314.75,392.53,,,334.39,378.07,276.97,338.78,318.33,358.59,285.57,346.15
2005-01-10,311.8637062038877,382.14167208382247,314.3313600311398,385.323833377463,331.13,399.03,270.8,372.05,,,358.1,382.33,296.31,364.85,280.8,365.8,328.21,351.33,283.81,355.78,321.89,396.03,332.35,372.34,270.01,350.87,332.81,391.48,,,312.85,390.54,391.2,437.73,348.03,433.78,307.02,361.83,320.51,364.25,331.3,359.32,427.68,460.17,358.63,381.0,314.5,395.46,318.24,404.6,,,325.56,375.43,276.96,338.77,307.86,364.14,298.73,360.07
2005-01-03,316.3102137041237,387.72544151777555,319.39026722802527,391.21372951606793,338.63,405.69,303.03,403.45,,,358.65,382.92,305.79,370.79,287.1,371.0,293.93,361.16,283.81,355.78,322.62,396.37,314.16,379.92,259.55,355.2,334.07,390.43,,,325.43,413.5,391.2,437.73,371.15,445.36,304.32,345.23,320.51,364.25,331.53,359.58,425.51,457.84,337.62,380.0,316.87,399.03,324.45,413.29,,,303.04,399.63,277.98,341.79,317.5,382.07,310.74,358.37
