Date,EU_price_with_tax_euro95,EU_price_with_tax_diesel,EUR_price_with_tax_euro95,EUR_price_with_tax_diesel,AT_price_with_tax_euro95,AT_price_with_tax_diesel,BE_price_with_tax_euro95,BE_price_with_tax_diesel,BG_price_with_tax_euro95,BG_price_with_tax_diesel,CY_price_with_tax_euro95,CY_price_with_tax_diesel,CZ_price_with_tax_euro95,CZ_price_with_tax_diesel,DE_price_with_tax_euro95,DE_price_with_tax_diesel,DK_price_with_tax_euro95,DK_price_with_tax_diesel,EE_price_with_tax_euro95,EE_price_with_tax_diesel,ES_price_with_tax_euro95,ES_price_with_tax_diesel,FI_price_with_tax_euro95,FI_price_with_tax_diesel,FR_price_with_tax_euro95,FR_price_with_tax_diesel,GR_price_with_tax_euro95,GR_price_with_tax_diesel,HR_price_with_tax_euro95,HR_price_with_tax_diesel,HU_price_with_tax_euro95,HU_price_with_tax_diesel,IE_price_with_tax_euro95,IE_price_with_tax_diesel,IT_price_with_tax_euro95,IT_price_with_tax_diesel,LT_price_with_tax_euro95,LT_price_with_tax_diesel,LU_price_with_tax_euro95,LU_price_with_tax_diesel,LV_price_with_tax_euro95,LV_price_with_tax_diesel,MT_price_with_tax_euro95,MT_price_with_tax_diesel,NL_price_with_tax_euro95,NL_price_with_tax_diesel,PL_price_with_tax_euro95,PL_price_with_tax_diesel,PT_price_with_tax_euro95,PT_price_with_tax_diesel,RO_price_with_tax_euro95,RO_price_with_tax_diesel,SE_price_with_tax_euro95,SE_price_with_tax_diesel,SI_price_with_tax_euro95,SI_price_with_tax_diesel,SK_price_with_tax_euro95,SK_price_with_tax_diesel,UK_price_with_tax_euro95,UK_price_with_tax_diesel
2026-05-18,1881.8121719810783,1901.010138745325,1941.9650542871125,1948.4166230167368,1813.0,1914.0,1888.77,2111.86,1505.8,1727.6,1564.03,1817.73,1742.4859175198385,1672.9986431478967,2043.0,1972.0,2338.993483467812,2181.0980423641495,1788.0,1818.0,1547.5897730000002,1685.241681,2025.3809523809525,2140.0952380952376,2082.6,2118.44,2119.0,1815.0,1696.0,1816.0,1659.194483401739,1726.984730995304,1825.7,1949.5,1936.82,1982.73,1808.42,1931.86,1824.0,1815.0,1859.6,1902.33,1340.0,1210.0,2388.04,2284.71,1489.8770710340602,1576.4253692474424,2009.0,1954.0,1760.9786531521156,1831.947323965292,1715.9822774402776,1896.3138902845658,1690.02,1744.22,1776.0,1710.0,,
2026-05-11,1873.9319842203822,1929.959267934696,1930.3757833450643,1974.4731925180706,1796.0,1913.0,1940.79,2170.4,1493.2,1751.4,1562.58,1867.93,1751.037685447746,1750.462335100481,2016.0,1970.0,2299.0659208307684,2194.684581002596,1754.0,1847.0,1541.31246,1717.858823,2140.2083333333335,2367.666666666667,2083.29,2156.56,2091.0,1846.0,1700.0,1848.0,1682.2367392331028,1753.4580362152149,1816.6,1956.3,1933.04,2019.92,1799.9,1962.39,1789.0,1837.0,1846.2,1960.17,1340.0,1210.0,2378.16,2287.9,1486.8611550326484,1623.3137835944206,1979.0,1968.0,1759.8829287016604,1843.6138566356396,1677.7455983082793,1885.9007952926033,1661.53,1733.09,1768.0,1770.0,,
2026-05-04,1861.11371909381,1975.3445404404522,1909.03492484478,2016.2309122227186,1793.0,1999.0,1871.22,2111.0,1480.8,1757.4,1542.02,1889.91,1733.3661296273522,1763.9076784323372,2063.0,2088.0,2366.008698561392,2341.92037470726,1772.0,1866.0,1528.212325,1734.892399,2156.863636363636,2359.5,2050.53,2160.49,2082.0,1881.0,1700.0,1879.0,1650.7403976953256,1727.251117052101,1804.8,1973.3,1789.28,2045.59,1781.82,2000.8,1798.0,1912.0,1784.0,1921.2,1340.0,1210.0,2388.81,2365.46,1505.845736124547,1683.5882838824416,1990.0,2028.0,1737.1683629297574,1865.3981568770805,1742.0396862021228,2052.791878172589,1619.77,1742.24,1777.0,1849.0,,
2026-04-27,1841.5150717050396,1974.3438764056204,1896.4979433395613,2030.096480779862,1712.0,1910.0,1822.12,2093.58,1476.8,1767.4,1532.41,1889.55,1683.2943301720245,1707.4762901835202,2144.0,2181.0,2272.301474720981,2234.831250167278,1712.0,1815.0,1503.841415,1727.2772929999999,2087.5652173913045,2337.1739130434785,2015.84,2163.91,2042.0,1879.0,1692.0,1886.0,1645.2751808392352,1705.0743707983659,1819.3,2052.5,1732.07,2059.56,1731.38,1989.91,1759.0,1871.0,1784.0,1921.2,1340.0,1210.0,2323.55,2310.84,1442.5199581869788,1620.1521657086187,1927.0,1958.0,1707.1907995446873,1770.5283196608705,1759.9295546183434,2007.1372294572925,1616.9,1791.4,1688.0,1787.0,,
2026-04-20,1827.4498892009935,2007.9255021607516,1887.4682709377553,2067.039967424813,1691.0,1948.0,1834.52,2193.1,1478.4,1773.9,1530.92,1868.42,1672.4031454567912,1756.1035859854255,2106.0,2133.0,2218.535071051998,2221.211229159419,1717.0,1878.0,1516.9576989999998,1807.678016,1960.75,2245.8333333333335,2022.56,2244.13,2025.0,1946.0,1712.0,1964.0,1651.3956538929694,1715.3615591809914,1907.0,2153.1,1762.82,2114.71,1705.35,2040.68,1721.0,1872.0,1791.4,2006.17,1340.0,1210.0,2279.41,2296.34,1414.287864854663,1635.5247046487182,1899.0,1980.0,1618.1488095088025,1814.207145842896,1716.209314203464,2017.0868737521475,1646.52,1874.21,1694.0,1772.0,,
2026-04-13,1853.7237229191821,2099.7193271785095,1915.4312889665782,2154.2233466307835,1718.0,2075.0,1874.94,2326.01,1470.1,1755.7,1520.29,1844.27,1692.96086635491,1869.18533103618,2141.0,2275.0,2232.1249347625358,2341.857695344387,1742.0,2058.0,1552.351502,1884.745988,2010.72,2304.1250000000005,2036.14,2313.9,2062.0,2058.0,1720.0,1990.0,1634.9406481896235,1706.363455845164,1916.9,2161.2,1782.67,2153.44,1744.99,2150.45,1721.0,2007.0,1833.4,2124.0,1340.0,1210.0,2315.74,2468.78,1433.9202192637879,1769.3823472776394,1911.0,2083.0,1749.5602674571162,1915.409986443553,1712.2658832170403,2129.360998898274,1634.76,1852.15,1669.0,1750.0,,
2026-04-06,1878.7340291513262,2112.2746554519786,1945.947462900365,2158.2529639185195,1787.0,2228.0,1896.5,2309.67,1459.4,1695.4,1513.28,1843.67,1692.6745750275165,1976.8456239044476,2241.0,2434.0,2272.3318835731015,2368.6851789896286,1775.0,2034.0,1553.685055,1813.077605,2012.0,2257.95,2031.62,2233.7,2073.0,2072.0,1677.0,1868.0,1574.1005323898662,1667.1027724005992,1880.5,2098.7,1761.93,2092.08,1755.02,2178.06,1758.0,2186.0,1838.0,2056.0,1340.0,1210.0,2362.82,2584.74,1433.0831122494562,1802.715110905898,1938.0,2131.0,1797.384969946013,2022.344104321295,1747.2247497725205,2199.454049135578,1606.96,1769.08,1665.0,1751.0,,
2026-03-30,1871.5085171582546,2075.6614311823746,1907.6938378599423,2090.282212354372,1879.0,2204.0,1848.31,2225.47,1444.3,1619.9,1578.79,1842.67,1685.0335980452046,1966.6055793117491,2134.0,2286.0,2232.1249347625358,2355.239739317784,1730.0,2012.0,1557.6367879999998,1777.062571,2049.0000000000005,2270.3499999999995,2009.15,2188.8,2046.0,2118.0,1680.0,1881.0,1537.7151517892462,1619.85785047547,1958.1,2178.0,1733.36,2032.73,1738.6863636363635,2124.72,1700.0,2005.0,1869.2,2048.0,1340.0,1210.0,2334.08,2463.25,1680.5544406116442,2017.3956875014017,1917.0,2072.0,1837.305790960452,2032.0307595731324,1711.534934898221,2148.9088575096275,1506.95,1619.89,1577.0,1687.0,,
2026-03-23,1893.491226878209,2064.331085408922,1931.984711786373,2078.483401350305,1841.0,2109.0,1801.4,2164.05,1394.3,1545.8,1486.32,1702.91,1685.7119266812535,1934.0296412500518,2130.0,2297.0,2246.108129090982,2382.641519536322,1777.0,1974.0,1733.0373129999998,1883.3399299999999,2115.0,2319.6,1973.02,2108.79,2037.0,2055.0,1565.0,1693.0,1580.356569315618,1670.9137177846608,1885.0,2079.8,1778.74,2023.15,1725.23,2100.5,1727.0,2006.0,1791.4,2023.0,1340.0,1210.0,2346.79,2475.07,1686.9632088675667,1992.1658287789794,1922.0,2046.0,1791.031803645353,1924.5443308677823,1774.8585853863774,2244.588845776261,1464.98,1524.36,1531.0,1573.0,,
2026-03-16,1837.92605357412,1949.082448458519,1890.2967351767113,1981.9112889979292,1743.0,1954.0,1691.38,1972.84,1331.2,1436.8,1424.02,1588.89,1561.3439188083155,1740.9150433786217,2085.0,2146.0,2178.800856531049,2208.2441113490363,1654.0,1775.0,1708.742645,1836.787014,1958.79166666667,2108.25,1897.93,2017.37,1924.0,1902.0,1550.0,1672.0,1534.29,1612.866,1834.5,1927.8,1819.19,2033.45,1635.4,1951.72,1654.0,1780.0,1677.4,1919.0,1340.0,1210.0,2262.13,2264.15,1578.2128085142351,1782.1431283348586,1849.0,1915.0,1673.0857557854245,1762.7141931811493,1654.471167239298,1988.3926084130374,1443.02,1483.72,1524.0,1528.0,,
2026-03-09,1774.0847793832666,1861.4036216722386,1832.5047278947395,1892.9304849229288,1708.0,1898.0,1628.94,1846.77,1266.1,1306.3,1346.91,1461.95,1488.6710060146656,1603.6911922221304,2075.0,2163.0,2058.6818011457945,2114.900679980725,1587.0,1688.0,1600.832773,1645.466265,1926.0,2042.0,1842.94,1952.47,1852.0,1814.0,1499.0,1544.0,1498.7220044629034,1592.036212527744,1747.3,1747.3,1745.16,1869.24,1576.25,1901.1,1567.0,1772.0,1633.0,1792.67,1340.0,1210.0,2171.63,2255.37,1500.0363083183781,1730.8991901086679,1776.0,1817.0,1625.1927264167598,1704.4410443515958,1511.524615456543,1782.7855439712,1434.82,1462.19,1487.0,1483.0,,
2026-03-02,1664.6510175526491,1629.222728844026,1719.955342136824,1661.815028872277,1515.0,1564.0,1540.93,1681.41,1229.2,1245.2,1317.58,1417.7,1392.0243882343248,1379.5007003378098,1888.0,1812.0,1951.493735946033,1793.5539136952566,1476.0,1428.0,1486.554069,1441.1186629999997,1929.85,1950.9,1758.45,1700.94,1757.0,1574.0,1479.0,1514.0,1462.9233382520688,1529.5599923144377,1739.6,1738.4,1670.39,1720.69,1470.91,1640.53,1483.0,1465.0,1549.83,1548.33,1340.0,1210.0,2069.51,1889.01,1374.8214952721246,1426.45137635668,1703.0,1630.0,1568.3910075329566,1633.1077369742625,1436.5894658199477,1578.632797908106,1426.08,1460.62,1474.0,1466.0,,
2026-02-23,1637.231143049459,1594.415655374101,1686.230974145598,1620.687361690579,1509.0,1546.0,1503.73,1627.17,1218.0,1227.6,1312.02,1406.44,1371.7954010651035,1362.5067085001858,1824.0,1733.0,1938.238719263255,1780.2883263951169,1453.0,1391.0,1471.213927,1423.172361,1712.5454545454543,1737.9090909090905,1710.27,1649.72,1738.0,1548.0,1471.0,1494.0,1461.653572978631,1520.7161127265392,1738.6,1737.0,1654.56,1701.83,1457.51,1614.62,1457.0,1465.0,1531.67,1528.0,1340.0,1210.0,2061.5,1873.04,1376.680544199237,1423.7427228712033,1686.0,1600.0,1545.998548137103,1607.4986756656008,1433.500070122949,1571.2215417699033,1419.7,1459.7,1474.0,1467.0,,
2026-02-16,1631.95305277991,1589.5169405390216,1682.3014099360196,1618.5271220901109,1478.0,1518.0,1518.95,1685.1,1219.3,1224.1,1311.76,1404.91,1366.0084916938042,1357.1458015581845,1809.0,1711.0,1911.47,1726.75,1466.0,1439.0,1464.821862,1416.9685499999998,1878.7619047619048,1919.3000000000002,1743.59,1668.61,1734.0,1546.0,1459.0,1495.0,1482.9124991633346,1524.6481865659266,1737.7,1735.0,1648.33,1695.49,1439.85,1597.32,1457.0,1427.0,1528.17,1522.5,1340.0,1210.0,2039.9,1826.91,1362.9335302889597,1410.86508874183,1684.0,1582.0,1533.3045492012404,1595.908073949052,1421.9669507085353,1529.5890024010168,1414.28,1447.95,1474.0,1467.0,,
2026-02-09,1623.450155431859,1585.2240279470486,1673.9861290555214,1614.8067616346052,1485.0,1529.0,1494.25,1631.33,1219.3,1224.1,1312.35,1392.39,1371.970103646199,1362.3487632654749,1804.0,1714.0,1925.2396508327533,1740.480908263268,1450.0,1414.0,1458.640374,1412.059681,1779.18181818182,1834.27272727273,1732.53,1670.57,1729.0,1544.0,1459.0,1494.0,1477.2718253773974,1521.1547898926492,1737.9,1733.5,1644.88,1691.03,1450.27,1612.47,1457.0,1427.0,1523.33,1520.33,1340.0,1210.0,2026.34,1816.73,1350.0122547400379,1403.7104195675756,1674.0,1586.0,1528.8631855939361,1591.14741865169,1391.202290972255,1497.30059621614,1409.86,1437.86,1474.0,1466.0,,
2026-02-02,1621.9213124993241,1582.6182685844838,1672.7713602173424,1611.5539367137692,1482.0,1520.0,1499.02,1636.11,1219.3,1224.1,1312.78,1383.05,1366.5912363711172,1350.2571487348284,1800.0,1722.0,1898.488439035493,1767.2811985379765,1425.0,1396.0,1452.326084,1403.419758,1885.04347826087,1918.5652173913,1725.55,1661.66,1725.0,1536.0,1457.0,1473.0,1461.725700842969,1506.6233443806705,1735.7,1726.9,1641.55,1681.86,1436.33,1597.49,1433.0,1412.0,1514.0,1507.67,1340.0,1210.0,2026.78,1817.73,1346.7420734481786,1399.014030691373,1665.0,1585.0,1527.0270800627943,1588.2613814756671,1416.4346061263982,1529.994808137065,1393.85,1416.79,1473.0,1448.0,,
2026-01-26,1615.0223080067574,1571.9703164796372,1665.3425039135532,1599.1986907449239,1480.0,1509.0,1475.93,1621.95,1218.3,1222.0,1315.51,1379.17,1360.6861572718649,1341.4292194136322,1793.0,1696.0,1898.818929269664,1740.8071989073085,1420.0,1390.0,1446.4905979999999,1395.496539,1826.58333333333,1848.16666666667,1723.67,1658.5,1722.0,1529.0,1447.0,1457.0,1462.151543503407,1504.2835256862797,1728.8,1719.4,1634.95,1673.47,1430.23,1584.39,1433.0,1412.0,1501.33,1493.5,1340.0,1210.0,2027.0,1816.19,1342.4487653574101,1399.6673873111274,1665.0,1573.0,1521.1321495143727,1571.25674482488,1403.2842422246272,1536.8183315296665,1382.8,1401.13,1454.0,1427.0,,
2026-01-19,1611.296636295135,1562.1012389561702,1662.5155117824581,1588.8306913610256,1455.0,1487.0,1469.19,1583.0,1216.6,1218.3,1318.84,1381.38,1353.808151502676,1331.329765335529,1793.0,1694.0,1884.4439685747554,1726.514715526587,1445.0,1386.0,1440.046993,1387.361418,1869.4583333333333,1895.9583333333335,1724.83,1639.61,1716.0,1520.0,1419.0,1427.0,1444.8859497361261,1483.0489242937929,1722.3,1715.0,1626.16,1660.71,1421.59,1553.07,1433.0,1412.0,1499.17,1480.67,1340.0,1210.0,2034.43,1829.27,1344.38953688473,1403.4819895115315,1663.0,1556.0,1514.6523959151612,1557.2191673212885,1381.1742777260017,1503.821062441752,1381.15,1403.57,1453.0,1402.0,,
2026-01-12,1604.6590932164988,1552.8954518917499,1653.041928110988,1577.5000494994201,1453.0,1477.0,1463.84,1594.31,1214.0,1237.0,1324.39,1385.83,1355.0312911725955,1332.3040184453228,1789.0,1682.0,1870.9349321484972,1699.6333074596505,1429.0,1339.0,1436.440388,1383.620128,1673.6399999999996,1677.52,1709.01,1622.55,1710.0,1515.0,1410.0,1428.0,1421.9308084244467,1458.5618980422423,1719.2,1713.4,1627.29,1660.37,1411.11,1537.34,1410.0,1375.0,1499.83,1482.33,1340.0,1210.0,2016.64,1810.11,1360.2816645542835,1416.7728370707812,1659.0,1537.0,1500.0727029788573,1542.5155230684588,1384.6628289473686,1490.2624102870814,1380.0,1409.11,1440.0,1388.0,,
2026-01-05,1604.5514813278862,1544.8893612910383,1655.210889332916,1568.8617950364592,1470.0,1495.0,1448.2,1581.84,1217.0,1239.9,1331.33,1400.99,1366.3980161190327,1343.3767307294895,1780.0,1675.0,1884.998995916728,1713.635450833389,1448.0,1354.0,1437.9674,1385.365251,1801.9583333333333,1836.478260869565,1682.59,1589.46,1714.0,1518.0,1415.0,1423.0,1438.1924705184792,1469.6108219185924,1723.1,1718.2,1654.7,1644.17,1416.24,1530.56,1410.0,1389.0,1506.5,1490.33,1340.0,1210.0,1979.12,1753.78,1348.4547113353374,1417.8674583451348,1656.0,1534.0,1424.2056000054022,1472.0629976767937,1374.154074348753,1470.937239269491,1409.89,1433.68,1450.0,1401.0,,
2025-12-29,1585.7555123171894,1521.7899390573277,1639.23910969896,1545.9544886765466,1461.0,1492.0,1448.2,1581.84,1215.6662235402393,1239.3394007567238,1336.22,1416.46,1369.218730694782,1345.0434496108069,1704.0,1593.0,1885.08,1700.32,1463.0,1363.0,1440.2630359999998,1387.761424,1806.909090909091,1792.5000000000002,1666.98,1560.07,1718.0,1523.0,1376.0,1370.0,1423.21,1451.51,1735.1,1733.2,1678.89,1628.6,1396.58,1518.9,1392.0,1373.0,1495.4,1476.6,1340.0,1210.0,1889.77,1676.5,1356.106142532647,1425.4759473492286,1654.0,1526.0,1428.6219011914343,1475.927925098632,1369.4526627218936,1465.1442307692307,1431.95,1451.55,1449.0,1400.0,,
2025-12-22,1586.8823553435782,1520.78790625476,1640.2777728053975,1543.5634665735988,1471.0,1498.0,1476.14,1603.92,1217.7625524082218,1235.1978729931488,1340.64,1436.66,1370.0657894736844,1345.5180921052633,1690.0,1580.0,1871.3356356919123,1686.6115171472172,1486.0,1393.0,1451.761748,1400.0178919999998,1814.0,1809.0,1631.92,1529.87,1726.0,1530.0,1430.0,1400.0,1421.8453239263742,1456.9773918542046,1743.3,1743.0,1690.02,1642.55,1375.09,1496.86,1392.0,1373.0,1497.67,1479.33,1340.0,1210.0,1880.89,1664.56,1365.6722920710245,1436.1499708584627,1651.0,1525.0,1433.2645440251572,1480.7841981132074,1355.9322033898304,1460.4826823876197,1441.51,1465.32,1454.0,1408.0,,
2025-12-15,1605.3345911018723,1547.7971903847513,1658.1140622518437,1571.4385353057908,1485.0,1515.0,1517.46,1652.22,1220.472440944882,1253.4001431639228,1342.88,1455.9,1395.1191407053789,1377.5875550434175,1699.0,1590.0,1884.7718997644035,1700.0428357249948,1486.0,1393.0,1470.2038049999999,1421.680954,1671.0,1653.0,1707.62,1600.81,1752.0,1557.0,1463.0,1433.0,1456.8572607712001,1488.819636223871,1752.5,1753.0,1708.0,1665.14,1389.38,1514.89,1449.0,1412.0,1519.17,1500.83,1340.0,1210.0,1920.23,1715.37,1385.1721428353144,1453.3742750287176,1679.0,1552.0,1460.0188497712502,1504.7556402049913,1372.360404928771,1503.1835463331959,1449.91,1481.97,1482.0,1432.0,,
2025-12-08,1619.5362882213838,1567.6798408895202,1671.7635546370716,1592.7516129610026,1487.0,1526.0,1558.25,1671.76,1220.472440944882,1253.4001431639228,1342.96,1473.29,1414.3728366573264,1401.598813252019,1714.0,1612.0,1911.9537275064267,1740.5741216795202,1491.0,1407.0,1478.969365,1437.297681,1668.0,1664.0,1722.34,1632.32,1762.0,1577.0,1471.0,1450.0,1470.3118008316173,1505.6995565938087,1755.0,1755.3,1718.24,1684.25,1416.75,1554.42,1449.0,1412.0,1542.5,1524.17,1340.0,1210.0,1941.61,1744.88,1394.345255106943,1466.326004857839,1700.0,1579.0,1481.6222270253277,1528.9037785157095,1403.4430795926753,1498.5159139686743,1452.09,1489.28,1499.0,1454.0,,
2025-12-01,1628.9672680359574,1588.7389299294953,1680.715035065354,1614.9446873360425,1506.0,1568.0,1567.56,1711.42,1223.5402392882709,1259.995909602209,1342.19,1474.9,1432.1161242297671,1431.0822546627517,1727.0,1633.0,1925.3685380320537,1727.2082156198535,1546.0,1474.0,1484.4012879999998,1451.40768,1669.1111111111113,1655.0000000000002,1722.59,1661.26,1764.0,1593.0,1473.0,1509.0,1487.0787967968456,1529.226614922374,1754.3,1751.0,1727.17,1701.37,1420.9,1571.72,1474.0,1457.0,1565.5,1547.5,1340.0,1210.0,1949.51,1766.18,1403.0458280514345,1480.2279105783632,1709.0,1604.0,1487.2332901096308,1556.0179181893195,1415.1235975554139,1520.477971358205,1453.81,1495.73,1512.0,1491.0,,
2025-11-24,1638.7850342457016,1606.822807370395,1690.0943191670092,1631.4241437464816,1539.0,1595.0,1581.41,1724.3,1221.904080171797,1257.3882810103282,1341.61,1469.28,1443.9571351731556,1437.833588481112,1736.0,1657.0,1952.042414748765,1820.8351742512486,1546.0,1474.0,1489.2116079999998,1456.239765,1669.136363636364,1635.9047619047622,1741.245595,1696.9246999999998,1766.0,1602.0,1478.0,1498.0,1498.0257067587456,1564.3714072864784,1748.1,1703.8,1730.71,1702.63,1431.49,1577.85,1508.0,1532.0,1579.0,1560.67,1340.0,1210.0,1967.22,1805.39,1412.6126087166087,1488.5905819654706,1723.0,1632.0,1491.0550729195331,1569.702032312591,1429.5838633472652,1607.3051063056516,1453.78,1496.13,1548.0,1517.0,,
2025-11-17,1639.1871996979837,1587.1490855565244,1687.9025632794983,1612.9114215518425,1535.0,1575.0,1563.91,1704.06,1213.9278044789855,1248.2871459249413,1337.98,1452.87,1435.5993214448258,1417.4355579461292,1745.0,1638.0,1979.031372601529,1794.2503648755405,1536.0,1454.0,1485.2918269999998,1443.4979270000001,1647.8095238095234,1607.9090909090908,1736.358701,1677.91453,1759.0,1588.0,1461.0,1493.0,1498.5821220271287,1547.3711052639624,1745.1,1694.9,1719.53,1682.79,1422.02,1525.19,1535.0,1472.0,1541.5,1522.17,1340.0,1210.0,1971.59,1779.26,1422.3432753629302,1459.9329679303564,1732.0,1609.0,1491.5519276160505,1570.1239181746657,1456.1043462397959,1564.5551146987732,1453.9,1496.02,1532.0,1514.0,,
2025-11-10,1624.586991170489,1571.3918628624483,1674.1570088664623,1598.4436514747727,1522.0,1575.0,1542.99,1705.83,1207.1275181511403,1226.4546477144902,1338.17,1439.08,1422.4940284984762,1390.2067375010295,1732.0,1636.0,1965.9310049282194,1821.2984786800944,1526.0,1434.0,1477.06,1425.28,1666.3809523809527,1587.0909090909092,1718.72,1658.02,1750.0,1571.0,1451.0,1463.0,1492.7465797039836,1527.217645544887,1742.0,1683.4,1705.53,1654.33,1410.04,1505.05,1496.0,1508.0,1541.5,1522.17,1340.0,1210.0,1944.56,1771.44,1397.6978206832061,1428.206940803205,1706.0,1604.0,1482.37040824353,1552.7491544088725,1438.7912988076819,1568.9451169564031,1444.06,1476.31,1515.0,1463.0,,
2025-11-03,1619.4329725456553,1548.3107638099373,1669.5025262412519,1573.5209900511586,1512.0,1531.0,1556.73,1663.22,1200.1738419061255,1203.7529399734126,1338.68,1429.24,1415.670323349357,1370.9684046181028,1725.0,1606.0,1965.8257003588838,1781.0273715785527,1508.0,1358.0,1472.103847,1408.588141,1693.6666666666665,1616.625,1713.57445,1630.7222100000001,1742.0,1550.0,1441.0,1423.0,1478.9008371060456,1503.7309423162822,1736.3999999999999,1678.1,1694.83,1632.28,1406.79,1486.78,1480.0,1452.0,1543.0,1524.17,1340.0,1210.0,1944.91,1735.56,1391.1266038487765,1421.4922866386391,1703.0,1584.0,1472.335614283467,1525.119946515652,1433.6534064929126,1549.9771376314586,1437.0,1457.94,1519.0,1467.0,,
2025-10-27,1614.6729296640626,1527.6541251584435,1662.4726091013008,1550.4742724799441,1515.0,1532.0,1537.78,1608.55,1191.8396564065856,1181.1023622047246,1339.7,1428.17,1406.7754799983554,1356.41162685524,1726.0,1594.0,1978.7399255629634,1767.2102176881676,1415.0,1278.0,1464.8274299999998,1394.667415,1651.7727272727273,1563.9545454545453,1698.05784,1590.4433399999998,1733.0,1528.0,1431.0,1392.0,1459.2462705082428,1481.0531014729527,1727.7,1670.4,1683.46,1608.83,1407.92,1463.08,1473.0,1452.0,1538.83,1514.67,1340.0,1210.0,1947.6,1719.97,1397.2128371371957,1417.9018320860728,1686.0,1542.0,1466.8509047993707,1504.9036191974826,1452.9875366568913,1532.624633431085,1449.08,1473.41,1480.0,1428.0,,
2025-10-20,1608.4867799579126,1510.748003611282,1656.6884063995806,1533.946153267275,1495.0,1496.0,1549.51,1652.0,1200.2249718785154,1191.2772267102978,1346.02,1435.19,1409.1807328118566,1358.336764100453,1702.0,1548.0,1979.0048738685664,1713.8878474639816,1428.0,1327.0,1466.797737,1396.850614,1659.8636363636365,1556.5454545454543,1673.09749,1554.44123,1732.0,1527.0,1431.0,1412.0,1468.6574373990666,1489.411686315681,1726.0,1670.5,1690.31,1615.8,1407.99,1460.94,1473.0,1393.0,1536.0,1512.0,1340.0,1210.0,1939.17,1685.72,1383.7827468093863,1397.3618897576482,1697.0,1527.0,1447.9630539451705,1495.1085781664538,1438.6715195632391,1474.0673339399452,1458.02,1486.98,1500.0,1429.0,,
2025-10-13,1616.0437579654488,1529.0310265850362,1667.2827874703569,1556.0993378127234,1503.0,1509.0,1547.24,1637.27,1210.6554862460378,1204.4176296144801,1352.86,1443.09,1411.0353887839724,1366.409393217834,1720.0,1584.0,1965.694085510371,1740.7372691849334,1420.0,1298.0,1473.902859,1404.74333,1675.7391304347825,1574.3636363636365,1714.26952,1605.57585,1741.0,1536.0,1449.0,1419.0,1469.5295008257742,1485.7891977726606,1718.9,1666.0,1699.29,1625.43,1402.1,1464.69,1473.0,1412.0,1540.83,1521.0,1340.0,1210.0,1941.82,1702.04,1376.8651784858873,1393.5952004633423,1698.0,1543.0,1458.8646906203319,1502.1287050868777,1439.9346227186054,1488.059565967493,1461.37,1487.84,1513.0,1453.0,,
2025-10-06,1619.859623238035,1538.0958341153041,1670.7965577528194,1565.5574217047417,1502.0,1514.0,1558.06,1668.72,1215.51283362307,1205.3890990898867,1353.96,1443.88,1414.1846305742965,1369.2611485930559,1721.0,1590.0,1952.6698541524365,1727.6708586122381,1444.0,1301.0,1481.69,1412.7,1625.5555555555554,1531.9999999999995,1726.13,1622.1,1751.0,1544.0,1479.0,1442.0,1485.0215046784351,1504.9769728105273,1717.0,1664.2,1708.86,1636.02,1400.94,1472.32,1491.0,1430.0,1534.5,1516.5,1340.0,1210.0,1935.77,1704.14,1389.2772570316606,1407.5837696700164,1701.0,1553.0,1471.6203203301563,1515.4348039697359,1422.9159082635604,1475.882781215872,1463.91,1488.82,1516.0,1470.0,,
2025-09-29,1622.8401463473888,1541.502674110093,1673.553035169362,1567.7369543868226,1512.0,1518.0,1533.91,1637.94,1217.7625524082218,1203.650680028633,1353.57,1442.88,1414.904123117439,1369.8461032013827,1717.0,1592.0,1953.219194598505,1768.346595932803,1415.0,1287.0,1482.17,1411.32,1743.0,1657.0,1725.22,1620.9,1756.0,1546.0,1479.0,1439.0,1491.1639817940065,1507.2672343254578,1713.1,1661.4,1711.7,1637.71,1405.58,1482.08,1491.0,1454.0,1538.4,1517.6,1340.0,1210.0,1947.0,1720.0,1387.4107038294883,1403.5882421829253,1707.0,1572.0,1493.25167871138,1533.3576196758759,1438.2592928377153,1525.9292837715323,1460.31,1486.84,1522.0,1459.0,,
2025-09-22,1622.8622566120032,1535.3569017289444,1674.8421764622408,1563.9433673853446,1506.0,1514.0,1533.91,1627.94,1331.4244810307805,1210.246446466919,1350.32,1440.39,1416.6563595135026,1370.8101422387138,1715.0,1584.0,1966.9056072888056,1741.8101426944465,1421.0,1282.0,1484.33,1411.93,1772.0,1664.0,1728.74,1617.13,1757.0,1544.0,1489.0,1429.0,1504.1122333590336,1514.4837830891802,1708.1,1658.0,1713.49,1638.35,1399.82,1473.75,1491.0,1424.0,1542.33,1523.33,1340.0,1210.0,1949.0,1708.0,1360.3592392580417,1379.5562338577129,1716.0,1568.0,1492.8510906618849,1533.63416027902,1435.4495678537492,1492.5562242635415,1458.04,1485.42,1530.0,1458.0,,
2025-09-15,1621.7911202989599,1534.4080164202849,1674.0819231840046,1562.340950275944,1510.0,1515.0,1531.78,1633.26,1220.9326106963904,1205.3379691174969,1348.85,1440.01,1412.216878365602,1365.8486455378797,1715.0,1583.0,1966.615759719208,1741.5534656913967,1428.0,1300.0,1482.69,1410.12,1791.0,1716.0,1724.03,1610.74,1755.0,1541.0,1489.0,1434.0,1500.608519477855,1506.5498166337545,1706.1,1657.2,1710.83,1634.84,1391.59,1471.44,1478.0,1424.0,1537.67,1519.17,1340.0,1210.0,1949.0,1707.0,1366.5215856958005,1386.1922126808613,1710.0,1561.0,1492.8546029237455,1532.9948636902411,1444.8975851166201,1494.5699491362325,1448.44,1473.34,1544.0,1459.0,,
2025-09-08,1615.7906028753578,1526.3497248910617,1668.0962640231655,1552.564014728386,1507.0,1517.0,1549.42,1638.28,1225.0741384599653,1205.1334492279375,1349.08,1440.95,1407.6171714684397,1361.282114421735,1711.0,1576.0,1924.0557192606484,1803.509241896598,1434.0,1307.0,1480.03,1409.05,1732.0,1640.0,1691.43,1578.19,1752.0,1540.0,1476.0,1420.0,1485.8630265765537,1494.493597235632,1702.1,1652.6,1705.35,1630.15,1387.98,1472.44,1478.0,1441.0,1539.0,1520.83,1340.0,1210.0,1938.0,1703.0,1365.2688551594304,1377.220849511707,1711.0,1565.0,1481.7570631493859,1522.2905699808757,1450.570428616881,1508.2950774964772,1442.11,1464.82,1528.0,1448.0,,
2025-09-01,1607.3624223989696,1516.9374592498177,1658.1981603273325,1543.7300433332632,1501.0,1508.0,1536.61,1623.76,1219.8588812762043,1199.8670620717864,1349.43,1444.39,1399.9099578438997,1351.409978308026,1702.0,1562.0,1940.004555259315,1688.1255107919453,1561.0,1391.0,1477.73,1406.82,1628.0,1516.0,1689.85,1579.6,1745.0,1535.0,1476.0,1412.0,1483.5834240161964,1500.1760850310009,1705.6,1657.9,1696.77,1622.47,1381.57,1468.95,1478.0,1417.0,1521.33,1443.33,1340.0,1210.0,1921.0,1678.0,1363.9296876835947,1375.263788687049,1698.0,1548.0,1467.2940851843823,1514.2006819480855,1436.7054122775155,1489.3752270250636,1442.15,1466.04,1516.0,1434.0,,
2025-08-25,1609.5031933232642,1522.0020703487794,1661.5383687172016,1549.58495002101,1507.0,1516.0,1540.92,1664.14,1224.9207485427958,1209.2238470191228,1349.77,1447.67,1395.656779661017,1348.0280312907432,1709.0,1565.0,1966.7738478027868,1728.2958199356913,1642.0,1463.0,1477.51,1407.8,1718.0,1614.0,1702.68,1587.18,1742.0,1533.0,1466.0,1402.0,1462.7745596376446,1480.1169854051334,1710.4,1693.5,1695.43,1622.04,1390.97,1473.37,1458.0,1417.0,1517.0,1506.33,1340.0,1210.0,1911.0,1661.0,1361.150741505538,1380.751360991177,1697.0,1545.0,1468.9348819723384,1513.8665189259782,1431.3170775517538,1479.186312811532,1442.22,1467.0,1501.0,1419.0,,
2025-08-18,1605.807753373269,1523.2645701362192,1656.5669275848065,1549.990374256195,1498.0,1508.0,1540.92,1634.14,1224.9207485427958,1214.4902341752738,1349.58,1450.77,1406.7263291242696,1362.4698622859712,1701.0,1557.0,1940.004555259315,1708.222243063278,1605.0,1435.0,1479.55,1414.33,1611.0,1533.0,1705.93,1596.65,1744.0,1542.0,1476.0,1420.0,1465.3254455821009,1485.631879661231,1712.9,1701.7,1701.28,1631.42,1392.63,1481.9,1458.0,1409.0,1534.67,1516.5,1340.0,1210.0,1894.0,1655.0,1372.964705882353,1393.5082352941176,1692.0,1540.0,1464.7661020968794,1521.5122828514397,1405.306085865376,1448.328403692749,1439.44,1482.06,1504.0,1422.0,,
2025-08-11,1611.7273805741183,1538.9069153268258,1663.8286089339654,1566.7769724354098,1511.0,1524.0,1533.45,1641.91,1224.4605787912876,1225.5854381838635,1349.55,1452.16,1409.9579299922395,1383.858187313646,1711.0,1580.0,1940.2125122268226,1708.4053543433695,1602.0,1474.0,1483.68,1423.99,1636.0,1575.0,1712.55,1615.44,1748.0,1551.0,1482.0,1455.0,1475.1924797210218,1504.0544815909836,1717.4,1705.8,1709.33,1641.44,1395.29,1490.73,1458.0,1423.0,1542.17,1523.0,1340.0,1210.0,1902.0,1684.0,1372.749500411426,1402.287527918185,1696.0,1559.0,1467.7468404423382,1528.7322274881517,1405.7413700590234,1462.3502056877123,1437.27,1494.44,1524.0,1465.0,,
2025-08-04,1616.817755398579,1551.4458105578426,1669.7010496846112,1580.3658069955318,1533.0,1555.0,1537.67,1675.98,1225.687698128643,1230.5961754780656,1355.98,1456.77,1410.056138638028,1385.729395492637,1726.0,1606.0,1980.4898965535724,1762.0732164871094,1599.0,1479.0,1486.13,1432.07,1615.0,1567.0,1690.51,1616.19,1749.0,1560.0,1468.0,1493.0,1475.6479598242313,1524.6277463904585,1718.1,1706.9,1712.69,1648.86,1396.1,1492.4,1481.0,1439.0,1560.33,1554.17,1340.0,1210.0,1912.0,1706.0,1375.6606950746059,1407.8301136629402,1704.0,1588.0,1384.5418530855195,1475.3276701421055,1430.985915492958,1510.842834786497,1436.65,1490.72,1512.0,1484.0,,
2025-07-28,1614.3271374462765,1557.5811235481679,1668.6332192425446,1587.525232569855,1532.0,1545.0,1523.42,1644.16,1233.6639738214544,1239.237140811944,1361.8,1455.84,1409.3495934959349,1385.040650406504,1719.0,1608.0,1926.813254545698,1735.2038697056182,1616.0,1516.0,1489.0,1435.62,1689.0,1603.0,1703.65,1641.0,1745.0,1563.0,1487.0,1513.0,1461.2717000125833,1518.487303384925,1719.4,1705.7,1720.58,1660.36,1390.12,1497.62,1456.0,1439.0,1574.67,1565.0,1340.0,1210.0,1892.0,1704.0,1379.9201784246977,1415.2717455100365,1681.0,1593.0,1381.4737381905682,1474.9847143054376,1409.744945985925,1515.5318481330405,1436.24,1487.93,1511.0,1483.0,,
2025-07-21,1620.2065159572992,1562.2498540050665,1673.8510449130843,1590.416576041709,1526.0,1557.0,1550.43,1636.03,1234.4820533796913,1239.6461805910626,1361.99,1454.02,1409.2940125111709,1381.3876025672273,1726.0,1619.0,1914.3435101209695,1765.6436293488018,1618.0,1518.0,1491.96,1432.34,1661.0,1601.0,1708.48,1641.39,1748.0,1563.0,1502.0,1521.0,1474.1341772151898,1520.092943977942,1719.8,1701.0,1727.25,1663.72,1397.35,1496.95,1456.0,1442.0,1579.0,1561.8,1340.0,1210.0,1897.0,1714.0,1393.5745433117268,1431.5120801414262,1689.0,1599.0,1392.3900822533876,1481.5018640156222,1418.6585800927578,1532.3760256867643,1451.92,1493.04,1490.0,1464.0,,
2025-07-14,1621.5070269051853,1559.25215547737,1675.8012417843336,1589.2064635171278,1535.0,1560.0,1550.43,1675.03,1232.7947642908273,1233.6128438490643,1366.27,1448.68,1407.9032781564426,1378.7325543654656,1725.0,1616.0,1928.2048533411942,1779.4691071835343,1597.0,1497.0,1491.75,1424.43,1697.0,1651.0,1711.46,1640.09,1747.0,1557.0,1505.0,1511.0,1471.8346913271682,1519.057135716071,1722.7,1700.3,1728.84,1662.84,1391.64,1492.21,1456.0,1479.0,1574.2,1555.6,1340.0,1210.0,1902.0,1684.0,1393.9931900904073,1418.7249031349068,1690.0,1604.0,1398.852204043864,1468.8716949185912,1403.0343596608657,1508.1659973226238,1463.79,1497.05,1496.0,1462.0,,
2025-07-07,1621.3017069860084,1543.9528970347121,1674.191611719631,1572.3450631198612,1526.0,1542.0,1533.87,1647.17,1235.2490029655385,1231.3631250639128,1367.13,1436.65,1410.1522842639592,1370.2741116751267,1729.0,1610.0,1942.255106964774,1766.6613050238593,1592.0,1452.0,1492.08,1418.04,1670.0,1584.0,1676.73,1589.12,1742.0,1544.0,1508.0,1511.0,1462.5730547910935,1492.1738553915438,1725.1,1700.1,1733.47,1663.66,1403.21,1488.19,1442.0,1456.0,1581.2,1537.8,1340.0,1210.0,1902.0,1684.0,1403.1722872002447,1412.9456616383875,1675.0,1573.0,1403.0993978876716,1459.948672391669,1398.6295848448206,1494.0212279994626,1451.17,1473.32,1499.0,1441.0,,
2025-06-30,1632.8618023811184,1555.5930837882909,1685.0950242147803,1585.0691485831294,1533.0,1538.0,1569.84,1685.63,1237.60098169547,1241.4868595970959,1369.93,1438.11,1410.450173765457,1366.4026509334842,1733.0,1604.0,1955.5281534399337,1739.7364929164044,1566.0,1459.0,1501.06,1425.43,1627.0,1560.0,1735.34,1642.93,1757.0,1553.0,1487.0,1471.0,1485.7693096548273,1496.3811405702852,1712.3,1679.6,1747.25,1675.91,1427.09,1514.06,1461.0,1413.0,1591.0,1540.83,1340.0,1210.0,1915.0,1695.0,1414.9800815595313,1427.0207198925111,1694.0,1577.0,1412.304814413705,1460.2402284139016,1430.583591261831,1512.7618534966132,1443.5,1456.72,1538.0,1453.0,,
2025-06-23,1639.2064379547464,1554.105237262505,1695.2624746382728,1586.207910163598,1556.0,1582.0,1551.66,1667.21,1212.393905307291,1203.5484200838534,1348.1,1408.27,1402.662698093476,1355.8040382913684,1760.0,1633.0,2022.9237884576714,1847.3088008579664,1614.0,1507.0,1488.11,1400.9,1854.0,1781.0,1735.79,1640.2,1772.0,1556.0,1483.0,1443.0,1478.1510526185587,1481.5787299309798,1690.9,1648.5,1734.08,1643.08,1419.31,1508.94,1511.0,1475.0,1534.0,1478.0,1340.0,1210.0,1928.0,1718.0,1386.3244065021634,1394.8848087942931,1715.0,1602.0,1433.6306515232604,1474.4603674852829,1442.3791821561338,1519.684686702199,1448.28,1458.27,1532.0,1428.0,,
2025-06-16,1615.692591011363,1499.6669850513304,1673.5218379935136,1531.5481925321203,1517.0,1506.0,1582.34,1655.77,1192.299826158094,1179.7218529501997,1338.54,1390.69,1369.9055766281979,1316.6814623517068,1743.0,1579.0,1983.0788002306217,1740.3896434748797,1563.0,1403.0,1463.42,1364.44,1842.0,1710.0,1709.38,1557.18,1741.0,1487.0,1472.0,1420.0,1463.5699200557865,1460.334620078201,1687.7,1643.7,1696.55,1593.69,1401.37,1423.3,1458.0,1392.0,1533.17,1480.17,1340.0,1210.0,1907.0,1648.0,1342.3961728771426,1330.2394296836524,1693.0,1535.0,1421.9243781094526,1430.4935323383083,1445.6963006887743,1471.1490215755143,1451.14,1459.42,1495.0,1393.0,,
2025-06-09,1598.598759031333,1481.3558697935941,1653.3156207635188,1510.833985836447,1490.0,1472.0,1495.97,1569.71,1190.3057572348912,1178.0345638613358,1338.53,1391.34,1366.8777477513815,1311.2572096962854,1720.0,1545.0,1955.685428199938,1699.6635524040587,1574.0,1404.0,1457.63,1358.46,1691.0,1576.0,1703.68,1545.58,1731.0,1474.0,1470.0,1418.0,1460.0733134179734,1447.2470500373413,1688.3,1647.5,1689.77,1585.58,1393.66,1414.0,1458.0,1364.0,1536.83,1458.0,1340.0,1210.0,1887.0,1611.0,1346.6088992974242,1333.6744730679156,1679.0,1518.0,1402.3727804781272,1412.1515722646564,1416.317228805834,1429.0793072014585,1446.16,1460.69,1496.0,1393.0,,
2025-06-02,1599.3587783940682,1481.2813520836198,1654.913137507238,1511.486610930183,1488.0,1467.0,1524.96,1574.13,1190.4591471520607,1178.1368238061152,1334.5,1394.51,1361.0988393108157,1306.31752279208,1718.0,1541.0,1942.2030399699756,1672.7877114441196,1578.0,1399.0,1458.78,1361.99,1684.0,1572.0,1705.73,1546.34,1732.0,1474.0,1472.0,1421.0,1453.6171089541492,1444.1938286622149,1687.8,1647.8,1693.05,1591.57,1395.5,1418.03,1458.0,1376.0,1537.67,1463.0,1340.0,1210.0,1886.0,1606.0,1345.1289398280803,1331.340128704965,1676.0,1514.0,1393.4892278473499,1404.801471897442,1429.3085179895884,1441.194084857419,1444.74,1463.03,1505.0,1393.0,,
2025-05-26,1602.3434268388887,1486.5751077288414,1656.120254086084,1514.221551121325,1494.0,1476.0,1552.02,1607.75,1187.6981286430107,1232.641374373658,1332.34,1396.47,1363.8191763191764,1309.4835907335907,1714.0,1534.0,1942.593610489201,1673.1241034441152,1578.0,1398.0,1458.66,1365.45,1660.0,1546.0,1708.02,1550.7,1734.0,1477.0,1472.0,1427.0,1451.5532542179717,1440.213834452345,1691.9,1652.9,1697.83,1598.57,1393.86,1414.55,1471.0,1376.0,1527.33,1461.0,1340.0,1210.0,1886.0,1606.0,1364.8085758039815,1354.9746731063726,1684.0,1522.0,1394.2043299620734,1408.6698008849557,1430.931831817972,1442.5624221165829,1432.36,1458.34,1503.0,1403.0,,
2025-05-19,1603.7996009292904,1488.9843248646537,1659.0127690235797,1517.3724886094428,1491.0,1475.0,1533.33,1588.8,1184.9882401063505,1173.9441660701505,1332.6,1396.96,1362.0267394708314,1307.544063917774,1732.0,1559.0,1968.9577525198372,1699.549646150547,1575.0,1387.0,1455.84,1364.91,1648.0,1541.0,1709.34,1550.5,1728.0,1474.0,1450.0,1416.0,1454.1829253137814,1450.128743631167,1689.1,1652.7,1698.71,1591.15,1400.07,1415.33,1471.0,1376.0,1532.67,1464.33,1340.0,1210.0,1887.0,1607.0,1350.679347826087,1356.156296851574,1691.0,1531.0,1384.1251264554778,1405.61958225061,1440.5357060954914,1452.1854790625143,1425.77,1456.75,1494.0,1388.0,,
2025-05-12,1598.7771743152803,1484.55440728716,1654.7493532281987,1512.3831709710578,1476.0,1465.0,1551.91,1607.86,1185.397279885469,1175.5803251866243,1336.05,1402.2,1357.1257005604484,1306.8855084067254,1733.0,1555.0,1929.135441663427,1659.673159679863,1536.0,1376.0,1454.74,1366.45,1740.0,1712.0,1685.65,1532.56,1707.0,1462.0,1448.0,1419.0,1428.308965109694,1433.2101297614065,1694.6,1661.1,1689.68,1578.61,1387.39,1403.62,1434.0,1345.0,1523.0,1455.0,1340.0,1210.0,1864.0,1590.0,1366.6108530056833,1374.1551305332168,1666.0,1503.0,1356.30230689324,1375.4042453107543,1399.0537002159033,1417.7040746014975,1430.42,1462.26,1479.0,1390.0,,
2025-05-05,1602.3121122634818,1493.1369444660631,1656.4920168502663,1520.5714228500353,1490.0,1487.0,1553.39,1613.29,1184.6814602720117,1182.4317414868597,1345.75,1413.0,1366.0710700662517,1321.1804858462156,1728.0,1558.0,1941.7866044866125,1685.8299161105303,1560.0,1395.0,1464.82,1377.8,1694.0,1606.0,1697.69,1549.54,1711.0,1473.0,1442.0,1424.0,1448.9025294859432,1466.814108745642,1708.9,1677.5,1696.76,1589.49,1405.3,1420.6,1434.0,1345.0,1502.0,1428.0,1340.0,1210.0,1862.0,1588.0,1372.6745138417618,1374.4787400837763,1667.0,1513.0,1389.4707241136887,1415.2355127046299,1400.8504412235382,1413.104110465914,1431.23,1465.36,1479.0,1398.0,,
2025-04-28,1609.7821831163928,1503.452292733931,1664.7247273173007,1530.1992977180466,1492.0,1492.0,1514.33,1579.32,1193.37355557828,1195.4187544738727,1355.04,1428.91,1368.6971845087908,1326.6450398494133,1742.0,1574.0,1968.0081453298321,1712.1268956647552,1572.0,1568.0,1470.33,1383.71,1709.0,1618.0,1700.82,1553.13,1719.0,1482.0,1440.0,1425.0,1447.119239517405,1473.1662628560125,1721.3,1693.5,1705.23,1598.8,1417.59,1433.54,1450.0,1367.0,1545.67,1484.17,1340.0,1210.0,1877.0,1602.0,1372.9669044556192,1387.4353876739563,1687.0,1532.0,1399.0538178750076,1429.8097591353783,1410.1118486860053,1430.9357097390198,1482.92,1515.12,1482.0,1410.0,,
2025-04-21,1614.5576817184933,1506.4012876210961,1669.7521702837107,1532.1498781989537,1502.0,1509.0,1517.35,1592.19,1213.7232845894266,1210.7577461908172,1361.1,1435.29,1369.387020672558,1328.8416170178737,1747.0,1584.0,1940.4863938290123,1698.0929933576174,1552.0,1402.0,1479.26,1393.5,1701.0,1611.0,1671.69,1528.09,1722.0,1487.0,1518.0,1481.0,1432.0549067713441,1454.311923454367,1732.4,1708.4,1716.1,1609.69,1419.68,1440.0,1437.0,1367.0,1530.0,1453.0,1340.0,1210.0,1876.0,1600.0,1387.2985050183654,1401.5020003275388,1674.0,1519.0,1400.6368531018966,1430.7035519125684,1413.5185621792198,1443.5336150456121,1506.66,1544.22,1486.0,1418.0,,
2025-04-14,1622.4866741129845,1522.0743855329054,1678.4164707941056,1550.0176772519746,1508.0,1508.0,1549.26,1618.58,1249.2074854279579,1242.253809182943,1379.7,1456.91,1373.9445595029474,1335.0724868567788,1730.0,1570.0,1953.7997991295613,1712.7552728490123,1615.0,1465.0,1496.42,1414.15,1680.0,1641.0,1719.19,1574.92,1736.0,1504.0,1528.0,1502.0,1419.6541844317214,1449.4694603483981,1743.3,1721.5,1738.73,1632.42,1436.55,1471.3,1437.0,1376.0,1586.33,1503.5,1340.0,1210.0,1892.0,1626.0,1397.6598226784884,1411.7895473635094,1681.0,1529.0,1409.8181818181818,1440.9040683073833,1400.6269022850133,1429.7914868486803,1485.37,1534.21,1508.0,1454.0,,
2025-04-07,1647.8264137629876,1553.305692533321,1703.8731576088626,1582.7666171101025,1520.0,1528.0,1582.15,1652.56,1270.0685141630024,1264.955516924021,1388.42,1475.29,1389.9583250644969,1363.9611033935305,1745.0,1593.0,2008.3603526353866,1767.1963343069212,1630.0,1483.0,1517.1,1440.7,1740.0,1712.0,1773.04,1629.69,1785.0,1551.0,1502.0,1499.0,1480.9443804387793,1511.7492830003678,1749.8,1730.4,1761.2,1657.17,1464.24,1517.93,1527.0,1403.0,1598.5,1577.5,1340.0,1210.0,1930.0,1665.0,1408.3791336748952,1423.2976245924547,1744.0,1587.0,1445.8592839635148,1484.6224936713945,1430.402599747247,1450.8033941144613,1474.76,1529.51,1550.0,1493.0,,
2025-03-31,1653.155454628982,1564.1491778182876,1701.362461498113,1586.939870958446,1518.0,1540.0,1549.5,1661.27,1280.0388587790164,1270.221904080172,1394.0,1498.0,1394.199182757792,1375.8112330742729,1757.0,1605.0,2009.0332783831236,1781.1909452776326,1580.0,1465.0,1511.37,1439.62,1728.0,1731.0,1754.19,1627.6,1782.0,1553.0,1498.0,1494.0,1504.7425872996148,1535.1108239095315,1750.7,1733.9,1761.76,1659.51,1440.21,1539.21,1504.0,1449.0,1539.0,1500.67,1340.0,1210.0,1918.0,1671.0,1446.7710325047801,1464.5578393881453,1745.0,1598.0,1463.5771835004318,1499.4534970163347,1500.8756567425569,1549.543736749931,1481.67,1547.41,1520.0,1479.0,,
2025-03-24,1640.2837469436672,1562.7616941761544,1688.9192047859185,1585.5784643955171,1503.0,1528.0,1541.9,1667.71,1287.912874527048,1276.817670518458,1392.13,1497.98,1389.9879855826994,1375.4905887064479,1738.0,1605.0,1969.406496762344,1768.3098497137723,1551.0,1451.0,1508.07,1440.12,1721.0,1709.0,1731.38,1619.58,1762.0,1549.0,1505.0,1521.0,1494.673131028939,1531.3829883440512,1762.2,1748.5,1767.34,1666.89,1439.66,1537.32,1473.0,1436.0,1542.0,1519.67,1340.0,1210.0,1876.0,1650.0,1439.5977011494253,1467.4664750957854,1708.0,1581.0,1457.0524157890507,1494.6056756974035,1457.2419457880806,1534.7266587569588,1486.8,1565.55,1506.0,1480.0,,
2025-03-17,1645.327319833859,1571.8942626289004,1695.8454799961387,1595.9185343766098,1488.0,1518.0,1547.53,1663.77,1299.9795480110442,1291.4408426219452,1402.84,1505.76,1398.082684242061,1382.5444377870979,1736.0,1609.0,1955.580575549211,1767.9306231318776,1571.0,1471.0,1517.35,1450.79,1709.0,1713.0,1726.45,1631.73,1756.0,1559.0,1505.0,1530.0,1488.3730715287518,1535.0963233820878,1781.0,1764.5,1782.14,1683.35,1452.48,1560.63,1459.0,1436.0,1560.17,1541.33,1340.0,1210.0,1916.0,1698.0,1446.7405584884025,1474.7915820653081,1690.0,1584.0,1454.8528377699647,1506.668006027122,1429.8933998639145,1516.6250850533,1518.0,1589.67,1506.0,1483.0,,
2025-03-10,1660.8700714917672,1593.9744968230427,1712.1233275761126,1618.2546217463578,1533.0,1557.0,1558.6,1685.28,1310.9213621024646,1307.751303814296,1428.62,1523.85,1426.0928797531753,1410.385863685539,1745.0,1628.0,1942.7759304944761,1781.8835138903787,1597.0,1497.0,1540.77,1472.97,1723.0,1727.0,1753.71,1660.46,1774.0,1582.0,1563.0,1575.0,1514.5399924896733,1562.107022155464,1790.9,1773.5,1801.83,1703.75,1464.22,1573.33,1474.0,1436.0,1601.83,1581.33,1340.0,1210.0,1916.0,1700.0,1453.6058150619638,1483.2602478551003,1699.0,1606.0,1469.496634180649,1533.3949562945845,1455.6725466065,1578.376407311181,1545.21,1614.23,1541.0,1522.0,,
2025-03-03,1689.3846316335541,1618.4053573518956,1742.5616078760427,1644.2263254412637,1557.0,1586.0,1630.85,1746.25,1320.0736271602416,1318.8976377952758,1432.3,1528.95,1441.247957923258,1420.847113200781,1791.0,1669.0,1983.0256224608822,1822.1310486303846,1668.0,1568.0,1558.74,1490.3,1728.0,1736.0,1779.15,1687.2,1822.0,1616.0,1567.0,1584.0,1535.9078990085657,1581.6041505381713,1801.5,1781.5,1816.14,1719.08,1486.7,1596.12,1510.0,1486.0,1334.0,1316.4,1340.0,1210.0,1953.0,1731.0,1473.832358300566,1505.1932482976886,1740.0,1641.0,1509.9973881421656,1563.4018443734558,1475.067264573991,1575.8744394618834,1544.19,1607.77,1573.0,1551.0,,
2025-02-24,1702.4860710430542,1630.8872310516629,1754.8040015056013,1655.29067229431,1579.0,1607.0,1625.92,1747.81,1284.3849064321507,1298.1899989774006,1432.36,1527.96,1456.8270688692044,1437.834171255287,1801.0,1682.0,2022.7068616543568,1875.2597080546357,1641.0,1551.0,1570.51,1498.61,1804.0,1867.0,1780.31,1685.67,1835.0,1624.0,1568.0,1579.0,1549.7628021608703,1599.4664293360552,1805.2,1785.4,1823.63,1726.95,1503.45,1615.85,1542.0,1526.0,1640.83,1611.17,1340.0,1210.0,1968.0,1744.0,1491.103872602244,1523.0377608879237,1762.0,1664.0,1527.2060596319216,1576.3381017439524,1490.0923518335874,1603.156101497355,1541.78,1602.41,1587.0,1547.0,,
2025-02-17,1706.384757306826,1631.709366303517,1759.1499358766835,1657.4669165192452,1578.0,1600.0,1648.65,1742.9,1284.3849064321507,1298.1899989774006,1432.24,1527.08,1457.3754789272032,1438.89687100894,1800.0,1680.0,2036.2749172218723,1848.5998096438198,1651.0,1559.0,1573.79,1500.65,1824.0,1823.0,1807.23,1702.05,1839.0,1624.0,1567.0,1582.0,1558.5893012719985,1594.6268638140043,1810.2,1791.6,1824.64,1727.34,1500.36,1615.29,1558.0,1527.0,1642.4,1611.8,1340.0,1210.0,1975.0,1744.0,1490.9890638144454,1523.514000721067,1773.0,1659.0,1529.5820775567609,1561.2437211171386,1491.7082738944366,1592.0114122681882,1548.94,1618.21,1586.0,1546.0,,
2025-02-10,1704.5400529140963,1628.1550847535734,1757.0726355633562,1654.4859712232123,1577.0,1599.0,1604.83,1712.99,1284.2315165149812,1293.2815216279785,1432.17,1527.09,1453.954452997248,1434.331751286244,1806.0,1680.0,2036.6298401801996,1835.514319425078,1642.0,1542.0,1571.62,1499.1,1806.0,1812.0,1803.58,1694.75,1835.0,1621.0,1583.0,1601.0,1563.5585817569574,1592.935401604437,1812.0,1794.5,1823.49,1730.36,1489.27,1603.33,1558.0,1490.0,1621.83,1597.5,1340.0,1210.0,1972.0,1744.0,1491.103501125533,1523.9187700560374,1772.0,1646.0,1513.7173742691236,1545.7573991842314,1491.3315301733694,1568.5718086285638,1555.27,1634.21,1587.0,1549.0,,
2025-02-03,1697.430596843302,1625.5134463469062,1750.7335649254549,1653.9384984663923,1569.0,1596.0,1585.65,1707.43,1309.949892627058,1315.0628898660395,1432.24,1526.65,1445.5531796943058,1426.0315197592458,1801.0,1679.0,2035.7018413787557,1821.2763676324746,1642.0,1542.0,1573.01,1501.44,1703.0,1701.0,1804.23,1700.84,1837.0,1624.0,1585.0,1610.0,1541.5055211419337,1566.3491908038097,1809.5,1789.8,1823.49,1730.36,1485.34,1601.22,1525.0,1504.0,1630.0,1588.0,1340.0,1210.0,1962.0,1750.0,1481.1312270737192,1513.8539817773044,1763.0,1645.0,1505.3105346701764,1537.5615342884128,1472.2585140667188,1546.9906802543333,1538.21,1611.62,1589.0,1549.0,,
2025-01-27,1701.9593836825668,1637.3415388899068,1753.832679717034,1664.4208390533297,1589.0,1624.0,1614.82,1739.26,1317.5171285407507,1321.9654361386647,1428.76,1523.89,1466.417018564258,1448.848697314955,1788.0,1674.0,2035.510887772194,1847.9061976549413,1674.0,1573.0,1579.24,1508.66,1712.0,1715.0,1816.06,1725.98,1846.0,1637.0,1560.0,1585.0,1555.7704388668722,1597.762512843094,1800.1,1768.7,1831.25,1739.48,1492.4,1618.86,1552.0,1527.0,1648.5,1635.67,1340.0,1210.0,1969.0,1767.0,1491.5080700590147,1525.2506339914205,1770.0,1669.0,1511.7105527638191,1541.98391959799,1471.3813500347947,1579.331941544885,1529.93,1597.97,1612.0,1568.0,,
2025-01-20,1700.7525697060064,1639.1694856300808,1754.8981122999367,1666.9755216129142,1597.0,1630.0,1606.55,1750.52,1304.785765415687,1310.0010225994479,1422.79,1503.59,1448.371613312706,1431.1158713158,1799.0,1698.0,2035.8928308158315,1901.8643363579097,1638.0,1547.0,1571.88,1499.0,1741.0,1753.0,1814.93,1723.29,1844.0,1633.0,1557.0,1572.0,1550.570906450442,1604.1624833595547,1783.9,1750.9,1823.06,1726.9,1504.07,1639.76,1552.0,1555.0,1652.17,1632.5,1340.0,1210.0,1979.0,1783.0,1483.1845517759818,1518.7699680511182,1776.0,1687.0,1473.7688119110292,1506.5422250798692,1478.7942059245725,1620.253164556962,1514.23,1584.7,1594.0,1546.0,,
2025-01-13,1678.6335088486042,1607.468829340403,1731.3478690247553,1634.5019746023145,1565.0,1594.0,1593.23,1745.99,1289.804683505471,1294.7642908272833,1399.8,1488.3,1427.0313119302418,1406.7380103051921,1777.0,1667.0,2022.6526372227063,1834.9976543127136,1638.0,1547.0,1551.82,1471.56,1723.0,1716.0,1791.73,1680.87,1816.0,1597.0,1528.0,1557.0,1537.9002368980853,1583.8299893637593,1766.4,1731.6,1793.1,1692.43,1485.09,1598.29,1534.0,1498.0,1629.0,1607.17,1340.0,1210.0,1954.0,1745.0,1454.7535994381365,1481.369542315346,1750.0,1640.0,1496.2699322354267,1520.0538899278117,1471.8178262570077,1591.5866324801184,1514.66,1585.28,1563.0,1514.0,,
2025-01-06,1671.005017920467,1594.0333095024303,1723.0497358685957,1619.7625954757807,1552.0,1594.0,1585.53,1698.03,1284.2315165149812,1293.2815216279785,1391.94,1469.58,1423.2726405343087,1400.7712491055102,1784.0,1658.0,2023.0322693086298,1848.748508533201,1638.0,1547.0,1536.16,1454.58,1671.0,1659.0,1786.5,1669.74,1799.0,1582.0,1527.0,1550.0,1514.4531687084016,1563.177655059323,1751.9,1713.8,1772.59,1671.86,1471.13,1586.27,1496.0,1478.0,1618.67,1598.33,1340.0,1210.0,1953.0,1735.0,1439.101086598617,1466.6188437838093,1746.0,1633.0,1475.4015317506583,1504.565099402979,1512.3206419817698,1604.9544245278905,1507.37,1568.74,1561.0,1509.0,,
2024-12-30,1652.1288027120613,1569.3244573454333,1703.9412930198123,1598.5317691630078,1517.0,1553.0,1597.18,1695.06,1281.0614582268126,1294.0996011862155,1391.9,1469.55,1415.48402441925,1391.5801157535875,1741.0,1617.0,1941.0187667560322,1678.28418230563,1630.0,1540.0,1525.06,1442.69,1757.0,1712.0,1770.72,1655.38,1790.0,1574.0,1518.0,1538.0,1489.2857142857144,1530.1158846256653,1752.0,1714.0,1756.73,1656.03,1397.56,1437.87,1489.0,1468.0,1570.67,1531.5,1340.0,1210.0,1942.0,1719.0,1430.2285781268315,1447.8912202555384,1719.0,1611.0,1422.6082588164372,1401.1373455239627,1513.3417490097072,1553.9981717668568,1500.38,1573.83,1524.0,1474.0,,
2024-12-23,1651.0668429587922,1567.5037446587057,1702.5905270453916,1594.7830091782046,1523.0,1563.0,1591.09,1692.31,1268.8413948256468,1268.4323550465285,1391.66,1468.11,1417.9828923811417,1392.5601750547044,1731.0,1607.0,1941.3310452083444,1678.5541910226846,1635.0,1545.0,1520.94,1438.58,1851.0,1853.0,1756.47,1639.64,1788.0,1573.0,1518.0,1535.0,1498.3882600298268,1539.467985233357,1755.0,1714.7,1754.6,1653.28,1400.62,1439.94,1489.0,1468.0,1570.67,1531.5,1340.0,1210.0,1950.0,1725.0,1430.0901322720358,1449.4931522884235,1718.0,1609.0,1431.4101919790933,1461.4473816463967,1503.880001734079,1552.954437074609,1500.38,1573.83,1524.0,1477.0,,
2024-12-16,1644.9388113218267,1562.3608729350115,1694.1633102525007,1588.5981625783597,1513.0,1541.0,1558.72,1686.53,1268.8413948256468,1268.4323550465285,1391.13,1468.23,1422.8710656654416,1394.5917878255311,1729.0,1607.0,1941.3310452083444,1678.5541910226846,1601.0,1511.0,1515.24,1432.37,1675.0,1671.0,1762.44,1641.57,1783.0,1566.0,1527.0,1543.0,1498.3882600298268,1539.467985233357,1758.0,1714.5,1750.38,1647.8,1389.82,1430.12,1489.0,1454.0,1570.67,1531.5,1340.0,1210.0,1953.0,1728.0,1429.9929643527203,1447.6407129455908,1713.0,1596.0,1415.3065530615115,1448.1622892510497,1517.6225107166867,1558.3939375420157,1499.82,1579.54,1505.0,1459.0,,
2024-12-09,1639.4117095928777,1559.7473288384404,1687.7525399386777,1584.7027469262468,1503.0,1545.0,1599.03,1705.52,1267.7165354330712,1267.8699253502405,1391.45,1468.11,1423.3053042681224,1403.2200215199457,1700.0,1577.0,1928.182573949422,1678.779264662501,1620.0,1527.0,1513.54,1431.54,1667.0,1682.0,1755.81,1645.58,1781.0,1570.0,1528.0,1549.0,1504.526443768997,1538.6664316109423,1756.9,1709.9,1757.09,1655.42,1383.07,1420.13,1468.0,1449.0,1568.83,1530.5,1340.0,1210.0,1950.0,1730.0,1439.2787547249548,1458.596482990163,1699.0,1591.0,1412.166130329847,1456.035800482703,1476.0748959778086,1518.8973647711512,1492.32,1567.24,1507.0,1459.0,,
2024-12-02,1641.7963373736486,1565.2998894195293,1691.147316861159,1592.328014370039,1502.0,1545.0,1578.98,1752.58,1265.9781163718174,1264.444217200123,1392.07,1467.34,1414.5096176680124,1395.3534394047335,1707.0,1589.0,1928.0533097354623,1651.850957993108,1622.0,1522.0,1514.76,1431.08,1657.0,1681.0,1760.82,1654.25,1787.0,1575.0,1512.0,1539.0,1490.918857693698,1526.3485721171226,1749.2,1692.2,1763.67,1661.54,1387.31,1422.96,1484.0,1449.0,1575.0,1534.33,1340.0,1210.0,1958.0,1748.0,1437.8976809229694,1456.3896981703765,1704.0,1601.0,1413.8175607795858,1460.1426562186055,1490.9343280992452,1538.4748850524857,1488.66,1559.92,1521.0,1479.0,,
2024-11-25,1644.6161988952554,1560.2436952466257,1695.12101293275,1586.8589573732986,1507.0,1553.0,1581.24,1717.4,1258.5642703752942,1249.4120053175172,1388.92,1460.18,1410.397311721684,1387.34927851354,1719.0,1601.0,1941.3831013863194,1678.5992009224253,1622.0,1522.0,1510.78,1420.23,1658.0,1671.0,1757.21,1641.73,1783.0,1568.0,1508.0,1529.0,1497.4624432622386,1540.0334569769147,1738.5,1677.6,1758.14,1648.88,1389.21,1402.22,1484.0,1452.0,1558.33,1516.33,1340.0,1210.0,1985.0,1773.0,1424.9716336690979,1438.6453629732546,1715.0,1601.0,1418.992505073643,1463.1703739425723,1514.6483526036684,1569.677475441189,1490.54,1544.52,1504.0,1441.0,,
2024-11-18,1635.6976606393118,1543.1175766684644,1688.5976966089454,1571.2469221994927,1501.0,1542.0,1550.09,1654.39,1258.5642703752942,1249.4120053175172,1387.5,1448.94,1392.4531287081718,1330.7491495925956,1706.0,1583.0,1927.8465230389725,1678.4866806987438,1579.0,1478.0,1504.82,1406.18,1849.0,1837.0,1749.52,1625.08,1773.0,1551.0,1518.0,1518.0,1485.615341326156,1520.136873011989,1735.0,1669.6,1753.91,1634.42,1368.24,1378.04,1469.0,1432.0,1445.17,1438.33,1340.0,1210.0,1963.0,1742.0,1407.112158602523,1419.1113267711078,1695.0,1581.0,1412.9086707525369,1444.3825982115945,1486.2068965517242,1540.1724137931035,1492.88,1535.2,1504.0,1441.0,,
2024-11-11,1631.0766322029144,1534.9327680766019,1681.546262024276,1560.9217618175996,1492.0,1522.0,1536.0,1645.31,1255.8032518662442,1241.180079762757,1389.97,1446.88,1411.0659457752872,1357.5910651564782,1708.0,1575.0,1928.2859978008423,1652.0503124413337,1578.0,1465.0,1504.49,1399.27,1690.0,1647.0,1750.94,1619.29,1776.0,1550.0,1518.0,1508.0,1480.2507384713033,1520.8159558626076,1731.3,1664.4,1756.36,1635.33,1369.32,1362.68,1469.0,1453.0,1445.17,1438.33,1340.0,1210.0,1929.0,1685.0,1408.8328729281768,1420.3453038674031,1690.0,1580.0,1420.2878449818086,1441.0158998170816,1487.7501725327813,1525.2760524499656,1508.22,1542.27,1496.0,1421.0,,
2024-11-04,1629.2663410422444,1524.580178432713,1680.604971067303,1550.1850036886412,1481.0,1499.0,1563.12,1647.67,1254.0648328049904,1232.8970242356072,1393.52,1443.27,1415.5726036064536,1360.8430876304967,1705.0,1567.0,1914.7737938802327,1638.552924454933,1571.0,1431.0,1504.59,1391.46,1677.0,1602.0,1747.98,1600.81,1777.0,1539.0,1540.0,1517.0,1474.5932864183605,1487.7232670475444,1736.8,1664.0,1756.48,1631.93,1372.39,1347.56,1450.0,1396.0,1554.5,1504.5,1340.0,1210.0,1915.0,1655.0,1408.4517421642909,1418.8310342445247,1681.0,1558.0,1422.9929648241207,1426.7959798994975,1463.0082871742022,1498.4756752114731,1520.45,1547.01,1499.0,1422.0,,
2024-10-28,1639.1512027081556,1525.6422691231694,1691.8237580170935,1551.5891707602232,1501.0,1508.0,1576.55,1621.23,1253.2467532467533,1232.641374373658,1396.38,1447.84,1414.5889222029352,1361.4880858450372,1724.0,1568.0,1887.7790440437086,1584.769055440102,1609.0,1471.0,1507.24,1392.86,1703.0,1658.0,1742.03,1597.7,1790.0,1544.0,1540.0,1516.0,1482.4704937875158,1488.8556184077268,1733.1,1658.3,1762.1,1635.45,1381.64,1357.41,1485.0,1425.0,1567.17,1529.0,1340.0,1210.0,1926.0,1660.0,1410.1632183908048,1421.0919540229886,1712.0,1565.0,1428.1354296513732,1432.2570268205397,1507.1920495161712,1509.1099293871503,1492.48,1529.0,1516.0,1418.0,,
2024-10-21,1640.199077760917,1530.2487940790263,1691.8297507244338,1556.866102229794,1503.0,1510.0,1589.39,1654.9,1250.8436445444322,1232.4368544840988,1396.63,1451.38,1417.0096564825074,1364.6113661548202,1722.0,1559.0,1941.3570729483688,1638.3552093528363,1586.0,1466.0,1505.38,1392.53,1717.0,1651.0,1761.75,1618.64,1793.0,1550.0,1503.0,1508.0,1496.418799800797,1499.4061752988048,1710.7,1637.0,1765.34,1645.3,1375.5,1361.86,1485.0,1406.0,1853.2,1830.4,1340.0,1210.0,1912.0,1651.0,1404.449334105385,1417.6629994209613,1706.0,1563.0,1426.5142374517375,1431.0227638352637,1513.0168453292495,1503.0409100853203,1477.8,1517.75,1518.0,1424.0,,
2024-10-14,1640.039649284741,1534.2870662055748,1692.2227991381271,1561.3018520867613,1514.0,1527.0,1585.34,1671.44,1248.1337560077718,1228.9600163615912,1379.05,1442.23,1405.7317024898073,1353.1251236986898,1736.0,1582.0,1954.0830686341521,1651.186790505676,1568.0,1437.0,1495.45,1383.79,1808.0,1731.0,1750.53,1623.14,1786.0,1552.0,1498.0,1497.0,1493.319127700983,1522.5589849792905,1685.5,1616.6,1757.47,1639.97,1375.67,1368.12,1504.0,1426.0,1529.6,1502.4,1340.0,1210.0,1911.0,1656.0,1397.7292332082156,1413.4497470449724,1707.0,1583.0,1422.91578714593,1427.5355326377578,1526.9705895282896,1535.3233393414516,1470.85,1509.96,1495.0,1420.0,,
2024-10-07,1618.6083967126335,1510.542342245054,1672.5261765370205,1538.8835964495956,1499.0,1513.0,1548.34,1620.2,1249.3608753451274,1225.3809182943041,1370.83,1434.12,1386.6487808727215,1331.492148662511,1719.0,1571.0,1914.9278549589658,1638.6847610363138,1561.0,1441.0,1481.03,1362.42,1843.0,1748.0,1729.54,1590.53,1757.0,1530.0,1488.0,1478.0,1459.3003133704735,1484.6663599283725,1683.4,1614.5,1731.41,1612.36,1346.73,1334.55,1459.0,1426.0,1499.5,1447.33,1340.0,1210.0,1886.0,1626.0,1371.6487330787918,1377.9983801920628,1679.0,1557.0,1404.984129535136,1413.0539595805376,1487.418616927679,1497.800457504839,1456.19,1490.86,1477.0,1402.0,,
2024-09-30,1611.1134199308574,1500.9550522471673,1661.303566310774,1526.5171835690865,1471.0,1479.0,1610.95,1666.95,1249.3608753451274,1225.3809182943041,1373.47,1438.48,1397.87166454892,1335.9275730622617,1690.0,1530.0,1888.412017167382,1585.3004291845493,1568.0,1437.0,1482.58,1362.4,1708.0,1627.0,1720.67,1585.51,1751.0,1524.0,1488.0,1477.0,1467.6150977625477,1483.1521366659947,1697.4,1626.7,1734.83,1615.51,1340.54,1327.82,1444.0,1391.0,1445.17,1438.33,1340.0,1210.0,1861.0,1589.0,1389.5134149761614,1395.2206226044684,1659.0,1542.0,1395.7188511245552,1396.7479347979015,1471.3274336283187,1473.8053097345132,1478.77,1522.32,1475.0,1401.0,,
2024-09-23,1621.96809720484,1505.624939859138,1669.5099213779347,1529.8152418391126,1481.0,1488.0,1566.43,1630.96,1254.3204826669394,1233.3571939871154,1405.34,1462.93,1406.5264164475257,1344.0114750179298,1697.0,1529.0,1954.9214947506737,1584.8540512999289,1572.0,1421.0,1487.94,1367.42,1859.0,1769.0,1718.8,1581.93,1749.0,1525.0,1503.0,1502.0,1484.959131448262,1493.1065420087161,1713.6,1639.2,1742.98,1622.17,1341.04,1328.22,1452.0,1391.0,1505.0,1487.5,1340.0,1210.0,1875.0,1600.0,1409.8502923976607,1413.1672514619881,1662.0,1536.0,1397.3583691849944,1397.7121949258171,1484.5097694067947,1466.7312092941384,1488.19,1539.04,1477.0,1402.0,,
2024-09-16,1624.5369295953376,1514.3783510488042,1672.6444034613282,1537.8640107676367,1500.0,1510.0,1527.59,1606.22,1267.5631455159016,1246.8555066980264,1405.34,1462.93,1410.2196752626553,1347.1028334925184,1693.0,1536.0,1900.269361171788,1584.0045027539163,1572.0,1421.0,1502.42,1380.38,1885.0,1795.0,1717.51,1588.7,1745.0,1530.0,1505.0,1511.0,1476.751187060407,1500.5455653454535,1733.8,1655.1,1759.44,1635.68,1357.08,1334.06,1432.0,1368.0,1517.5,1476.0,1340.0,1210.0,1872.0,1606.0,1425.5666385688864,1429.884330804533,1651.0,1535.0,1399.963814731425,1406.4470086844644,1471.9731436900922,1476.4786430496047,1498.62,1542.52,1477.0,1403.0,,
2024-09-09,1640.2052804944135,1531.0939545522892,1689.4103189655943,1554.477763481149,1506.0,1513.0,1552.89,1630.19,1288.0662644442173,1270.2730340525618,1428.21,1467.16,1446.449243543172,1381.621492156002,1705.0,1550.0,1886.994746435081,1597.5125978342446,1605.0,1436.0,1530.33,1406.02,1778.0,1683.0,1742.4,1611.74,1770.0,1551.0,1553.0,1531.0,1482.48920318222,1510.4850359893928,1749.0,1667.2,1782.35,1655.45,1386.55,1353.26,1470.0,1394.0,1545.8,1503.0,1340.0,1210.0,1893.0,1624.0,1443.5553997194952,1446.3370733987847,1642.0,1526.0,1424.0134290251895,1427.4993466417384,1454.6486250545615,1477.3461370580533,1507.41,1550.9,1516.0,1428.0,,
2024-09-02,1667.1299841503242,1545.7222998119823,1713.5282755594235,1566.9243992431154,1535.0,1534.0,1627.95,1697.01,1298.036609060231,1277.0221904080172,1452.5,1487.4,1475.4242363745257,1407.226991415452,1732.0,1561.0,1941.3570729483688,1611.5408851408422,1649.0,1479.0,1551.34,1424.24,1781.0,1683.0,1755.06,1609.31,1807.0,1564.0,1555.0,1531.0,1515.2059355496115,1532.0624379059993,1759.5,1676.9,1795.76,1668.07,1422.88,1371.3,1490.0,1411.0,1582.5,1522.83,1340.0,1210.0,1916.0,1640.0,1470.5871345029238,1470.5543859649122,1670.0,1530.0,1461.765119691275,1444.3732036259119,1523.830499515461,1511.7610783190905,1526.54,1556.08,1529.0,1443.0,,
2024-08-26,1679.0239373432053,1555.892517146367,1725.8450521809816,1578.162862416548,1541.0,1533.0,1604.4,1646.56,1307.6490438695164,1286.7880151344718,1469.47,1504.8,1487.4171127266918,1419.7091954941282,1746.0,1570.0,1990.3498190591072,1637.8501541348344,1670.0,1500.0,1565.69,1437.74,1776.0,1669.0,1784.62,1634.52,1821.0,1575.0,1585.0,1553.0,1511.8778179794042,1526.8843964273967,1765.7,1685.8,1810.97,1684.24,1441.66,1389.08,1490.0,1411.0,1603.0,1543.33,1340.0,1210.0,1930.0,1649.0,1480.2288917435478,1479.7057106154382,1683.0,1531.0,1470.1945494010774,1452.1022590240373,1522.3186880645444,1493.7297202490572,1542.77,1562.07,1549.0,1459.0,,
2024-08-19,1698.731482867957,1573.7039579334455,1745.021729406838,1594.2908859637337,1564.0,1558.0,1638.26,1677.68,1317.159218734022,1298.5990387565193,1477.46,1514.33,1493.467296771375,1428.7756641912551,1771.0,1592.0,2006.2721132196848,1664.5223544548085,1670.0,1500.0,1583.36,1453.27,1779.0,1680.0,1794.52,1644.78,1849.0,1597.0,1585.0,1550.0,1553.7243309250025,1566.7669176757913,1772.0,1694.3,1822.12,1698.41,1453.89,1397.45,1537.0,1449.0,1629.8,1566.6,1340.0,1210.0,1956.0,1677.0,1499.8243065967017,1499.5666229385308,1689.0,1530.0,1492.4497217366848,1501.7238261708155,1557.0509528079324,1524.840908497358,1544.63,1566.62,1568.0,1474.0,,
2024-08-12,1705.6149500989648,1579.3795841231909,1751.9360218306424,1601.8450002626278,1574.0,1562.0,1607.55,1650.01,1321.9654361386647,1306.7798343388897,1483.76,1526.78,1499.5631106521566,1436.6113273492733,1786.0,1603.0,2106.4479819906737,1704.4540922977972,1692.0,1524.0,1589.62,1459.36,1778.0,1678.0,1811.57,1660.5,1852.0,1602.0,1578.0,1559.0,1548.972943420216,1559.9285950413225,1784.3,1707.1,1827.97,1705.2,1464.3,1406.95,1522.0,1449.0,1647.4,1579.4,1340.0,1210.0,1968.0,1688.0,1491.1630823540343,1490.6985925960334,1687.0,1525.0,1485.8741736492052,1485.5607129222174,1568.71275068517,1532.431374255014,1538.89,1557.63,1572.0,1477.0,,
2024-08-05,1717.3960350848115,1590.8620262805136,1766.0439795937473,1614.6241578051868,1597.0,1590.0,1634.89,1674.99,1331.3733510583907,1318.028428264649,1498.15,1541.23,1501.1061072924074,1447.4203997787786,1799.0,1615.0,2107.040894286059,1704.9338533917728,1719.0,1569.0,1603.24,1473.61,1829.0,1730.0,1807.1,1664.87,1876.0,1625.0,1580.0,1563.0,1533.0056217844144,1551.2339314845024,1771.9,1697.0,1838.6,1717.25,1473.92,1423.9,1559.0,1470.0,1659.5,1594.83,1340.0,1210.0,1981.0,1705.0,1496.496475607494,1496.87442033018,1713.0,1544.0,1492.5996624336922,1495.4046777045492,1584.5326859719091,1545.6043003294606,1538.1,1555.22,1579.0,1484.0,,
2024-07-29,1726.5292546601024,1604.3639451750694,1777.4179149615647,1629.3792391447632,1601.0,1599.0,1709.24,1759.05,1332.4470804785767,1306.3707945597712,1509.15,1560.45,1503.7247250798157,1451.972724764495,1804.0,1624.0,2046.2311557788944,1717.9229480737017,1724.0,1573.0,1611.49,1483.25,1838.0,1751.0,1824.83,1682.41,1883.0,1638.0,1608.0,1593.0,1549.560458598726,1568.5514394904455,1776.5,1705.3,1851.45,1730.64,1483.66,1441.43,1559.0,1470.0,1662.0,1597.83,1340.0,1210.0,1986.0,1714.0,1507.906749266384,1508.2560901765335,1713.0,1553.0,1505.8421317244847,1506.4635495223731,1579.7552551912336,1549.8230503560312,1535.7,1551.81,1592.0,1505.0,,
2024-07-22,1732.2573907745193,1612.787018322908,1781.517844281069,1636.9987003894312,1603.0,1600.0,1671.06,1724.19,1332.4470804785767,1306.3707945597712,1514.81,1570.25,1520.5501169196623,1470.135943878562,1809.0,1630.0,2059.8523124757094,1718.1071337630835,1736.0,1586.0,1617.65,1492.58,1816.0,1729.0,1828.52,1697.0,1893.0,1652.0,1610.0,1601.0,1564.660611192364,1585.2438098170528,1778.1,1710.9,1862.18,1742.43,1491.27,1451.53,1571.0,1488.0,1672.83,1617.17,1340.0,1210.0,1998.0,1727.0,1516.1213424324576,1517.5539870991865,1726.0,1565.0,1515.2936444086886,1528.6102172164117,1594.2215916419452,1562.2339739455695,1511.86,1539.88,1597.0,1509.0,,
2024-07-15,1742.418832220278,1627.0903624737864,1790.9924186841458,1651.9835948730206,1628.0,1626.0,1689.59,1754.65,1332.4470804785767,1306.3707945597712,1515.3,1572.17,1521.7528125245851,1468.2558413972151,1823.0,1648.0,2071.997212319404,1746.3210657517357,1742.0,1592.0,1624.32,1500.03,1767.0,1683.0,1857.64,1725.35,1908.0,1668.0,1603.0,1609.0,1573.3655870031675,1591.7966435066926,1774.3,1705.0,1869.84,1751.01,1502.07,1461.04,1585.0,1508.0,1680.2,1623.6,1340.0,1210.0,2003.0,1738.0,1530.7377338510412,1532.2673255677137,1737.0,1583.0,1524.975851243661,1534.9110520808179,1618.4615384615383,1583.9653304442036,1496.68,1527.99,1613.0,1526.0,,
2024-07-08,1747.8744499795012,1633.5762420404455,1796.8617166517363,1657.739790154761,1630.0,1629.0,1678.87,1754.99,1332.4470804785767,1306.3707945597712,1503.22,1568.16,1530.601700977665,1483.6261028535093,1835.0,1669.0,2086.182393478669,1787.1986699916877,1723.0,1584.0,1626.18,1499.79,1804.0,1710.0,1850.0,1723.32,1909.0,1670.0,1602.0,1605.0,1558.7285279959465,1587.1336711426402,1771.5,1693.7,1871.49,1751.72,1505.4,1460.21,1600.0,1525.0,1684.83,1635.67,1340.0,1210.0,2020.0,1755.0,1523.8533825798306,1526.880639581093,1751.0,1604.0,1547.2883331993246,1560.0406046474232,1650.1911163832872,1632.177848073459,1471.65,1495.48,1624.0,1541.0,,
2024-07-01,1738.60269567258,1625.7363380160893,1789.2328625309312,1651.6887501905217,1620.0,1620.0,1677.93,1751.85,1332.4470804785767,1306.3707945597712,1490.69,1554.85,1527.307569466624,1477.2436921111466,1830.0,1672.0,2072.7750516182664,1787.1986699916877,1675.0,1535.0,1621.98,1488.2,1823.0,1728.0,1853.7,1724.94,1897.0,1658.0,1495.0,1541.0,1556.2104755865566,1586.6420798985416,1769.7,1687.3,1859.74,1737.52,1503.87,1452.57,1582.0,1525.0,1655.83,1601.17,1340.0,1210.0,2013.0,1749.0,1516.162109375,1518.4314546130954,1737.0,1594.0,1453.2572439014587,1471.082666881003,1629.997800747746,1617.5940180338687,1459.8,1474.49,1622.0,1538.0,,
2024-06-24,1730.7087667750557,1614.3670527488032,1781.130891872695,1638.6812997129769,1609.0,1607.0,1658.45,1732.48,1332.4470804785767,1306.3707945597712,1489.01,1531.34,1525.8104688064916,1472.421966014542,1825.0,1665.0,2018.956202324615,1760.2187872856703,1685.0,1542.0,1616.45,1470.49,1822.0,1732.0,1847.32,1713.25,1889.0,1646.0,1492.0,1532.0,1536.8113398924843,1581.8619028299017,1777.0,1690.7,1845.63,1715.81,1514.06,1451.35,1582.0,1513.0,1636.0,1566.0,1340.0,1210.0,2004.0,1731.0,1519.4637583424412,1521.142710973653,1726.0,1585.0,1417.5131594808533,1427.526419415759,1634.48980498423,1619.6526142774644,1472.44,1475.8,1599.0,1523.0,,
2024-06-17,1723.1734545706106,1593.248216183013,1778.6872088860255,1620.1860606672155,1603.0,1590.0,1697.81,1744.39,1337.2021679108295,1313.9891604458535,1490.93,1525.51,1525.243937001498,1451.7186930644964,1818.0,1651.0,2018.6855756470918,1733.174269131268,1751.0,1575.0,1615.78,1453.51,1830.0,1718.0,1839.91,1682.51,1875.0,1620.0,1525.0,1526.0,1501.3361766561513,1531.9260063091485,1785.0,1695.9,1844.38,1694.32,1508.08,1431.46,1559.0,1489.0,1656.8,1584.0,1340.0,1210.0,1990.0,1710.0,1482.0091743119267,1482.676605504587,1708.0,1551.0,1407.7960176013182,1414.764210653218,1604.6682546288505,1581.9999468711535,1484.24,1481.87,1580.0,1477.0,,
2024-06-10,1723.8199326642987,1583.3870169924094,1777.1982466635955,1607.5566411622488,1587.0,1564.0,1660.99,1681.93,1332.4470804785767,1306.3707945597712,1518.07,1536.06,1538.8455918168534,1463.9551875304433,1816.0,1625.0,2005.5770055770054,1679.8048048048047,1757.0,1557.0,1623.67,1457.23,1814.0,1704.0,1842.7,1673.83,1875.0,1609.0,1530.0,1535.0,1489.8460484587085,1508.6035519472282,1793.7,1705.8,1850.71,1694.99,1499.97,1409.43,1559.0,1442.0,1661.17,1561.0,1340.0,1210.0,1981.0,1682.0,1503.2701202590194,1501.8617021276596,1702.0,1523.0,1409.0839679318453,1411.6538407442386,1598.0764140121767,1549.3690990911496,1497.3,1481.99,1577.0,1472.0,,
2024-06-03,1741.8449858013737,1601.4368204069326,1793.2741354732284,1623.77009754227,1615.0,1589.0,1673.87,1701.35,1342.6730749565397,1316.596789037734,1530.55,1539.19,1560.8720271800678,1488.1896133311761,1830.0,1635.0,2019.0374044778123,1706.6630915672345,1749.0,1550.0,1640.21,1474.82,1806.0,1704.0,1871.09,1695.43,1904.0,1629.0,1552.0,1535.0,1518.48633111906,1535.5921563617783,1802.9,1719.4,1865.1,1710.95,1508.92,1418.91,1581.0,1478.0,1694.17,1594.0,1340.0,1210.0,1994.0,1694.0,1532.093892327455,1531.0124956206935,1733.0,1551.0,1426.0660745146897,1427.4908564768295,1623.5366334897183,1572.1489016530015,1507.28,1481.79,1610.0,1497.0,,
2024-05-27,1753.729776617715,1609.1786164860114,1803.9054859815537,1630.2140543755868,1630.0,1599.0,1690.07,1705.46,1347.6838122507415,1327.0273034052564,1542.96,1552.18,1577.002385476893,1507.0957829620345,1845.0,1640.0,2031.6541363459708,1705.9998123802247,1752.0,1549.0,1648.7,1484.46,1799.0,1694.0,1881.62,1698.54,1915.0,1635.0,1552.0,1535.0,1562.0490772030155,1562.7727579932418,1812.1,1733.0,1873.93,1722.41,1517.61,1427.52,1581.0,1478.0,1698.67,1598.5,1340.0,1210.0,2000.0,1696.0,1548.9695203628416,1548.0083660376472,1745.0,1552.0,1444.8385346542611,1439.919217089002,1622.4436741767765,1557.36568457539,1535.58,1498.94,1620.0,1505.0,,
2024-05-20,1768.0119037143913,1620.3528531192776,1819.7340707653245,1642.2786476905542,1628.0,1597.0,1751.35,1750.18,1355.7623478883322,1356.2225176398406,1559.37,1568.68,1586.7140779052852,1515.799256505576,1865.0,1658.0,2045.274825427886,1706.182734449344,1736.0,1536.0,1657.96,1495.38,1819.0,1712.0,1888.75,1704.77,1929.0,1642.0,1597.0,1561.0,1563.9590561389864,1556.5428238039674,1821.6,1750.1,1882.89,1733.26,1521.23,1434.72,1594.0,1475.0,1703.33,1603.17,1340.0,1210.0,2018.0,1709.0,1560.454235534761,1559.3280511602754,1749.0,1553.0,1464.1969849246232,1448.9246231155778,1621.7589363369416,1551.4049273640067,1554.21,1513.66,1622.0,1507.0,,
2024-05-13,1779.4302971950888,1632.453802325309,1833.623003053517,1655.9862935288552,1650.0,1610.0,1762.26,1749.08,1369.414050516413,1356.2225176398406,1565.1,1586.23,1602.0016949836556,1534.5655595463902,1871.0,1663.0,2045.3570662663524,1719.6547287154194,1777.0,1559.0,1671.82,1512.33,1840.0,1731.0,1911.46,1718.62,1949.0,1657.0,1600.0,1563.0,1574.1402842377263,1567.4167441860466,1835.0,1775.2,1898.59,1753.3,1525.73,1447.9,1611.0,1498.0,1725.5,1629.5,1340.0,1210.0,2046.0,1739.0,1559.2463835744286,1560.4643023798415,1756.0,1565.0,1482.6031911900645,1466.9506852618463,1614.2735042735044,1549.059829059829,1567.35,1536.11,1631.0,1516.0,,
2024-05-06,1791.3149889844324,1645.194212158339,1846.4001125071675,1671.427641407607,1660.0,1622.0,1752.18,1751.06,1374.629307700174,1370.794559770938,1574.11,1600.64,1609.241848369674,1541.2682536507302,1881.0,1667.0,2059.284881148695,1706.6859724624276,1778.0,1580.0,1685.26,1531.16,1828.0,1713.0,1932.5,1739.9,1975.0,1681.0,1620.0,1598.0,1608.4507422055576,1577.123504032051,1837.1,1783.6,1912.29,1775.21,1555.6,1506.44,1623.0,1483.0,1728.0,1670.0,1340.0,1210.0,2068.0,1762.0,1556.0449230056731,1556.901701979854,1786.0,1570.0,1500.4246498148445,1481.283207213009,1638.7096774193549,1557.0752688172045,1578.77,1561.03,1660.0,1541.0,,
2024-04-29,1800.9766564164568,1659.3479870561819,1857.8801522836407,1688.2399092972494,1673.0,1641.0,1754.27,1759.58,1374.629307700174,1375.958686982309,1574.03,1603.92,1604.687189672294,1551.459781529295,1901.0,1693.0,2099.7304943618346,1720.277282417774,1794.0,1574.0,1687.41,1541.72,1930.0,1826.0,1936.48,1752.09,1983.0,1697.0,1622.0,1605.0,1631.9345827801042,1602.9314676743948,1831.8,1785.9,1914.59,1789.87,1555.6,1506.44,1653.0,1514.0,1749.83,1673.67,1340.0,1210.0,2081.0,1783.0,1543.532539590799,1548.5493006588833,1808.0,1591.0,1498.6816455314615,1490.4117848027493,1667.6080445014975,1577.920410783055,1560.44,1564.52,1659.0,1541.0,,
2024-04-22,1808.1935094112991,1677.9522628458285,1866.028110488001,1707.8461730142337,1687.0,1685.0,1774.55,1794.35,1368.1869311790574,1385.1620820124758,1572.87,1605.44,1598.1800197823939,1555.845697329377,1913.0,1718.0,2098.773705019098,1728.8748911076862,1808.0,1617.0,1686.84,1558.75,1976.0,1875.0,1939.65,1768.7,1984.0,1712.0,1602.0,1619.0,1644.7528814419904,1648.0867479055598,1808.4,1777.7,1920.49,1802.5,1564.67,1527.8,1674.0,1514.0,1752.0,1691.5,1340.0,1210.0,2088.0,1800.0,1552.0399184958783,1560.6673149949058,1821.0,1608.0,1499.182008200016,1510.6801189806256,1671.249407404215,1593.500840408568,1552.9,1569.7,1694.0,1570.0,,
2024-04-15,1805.6198759509348,1694.2627594868204,1862.8421928636383,1725.5674562413963,1678.0,1690.0,1754.29,1832.26,1358.4211064526028,1386.0312915431027,1552.75,1604.95,1580.5165060811876,1550.9793081661664,1922.0,1754.0,2099.0268879178616,1755.8909471088116,1744.0,1600.0,1676.89,1560.52,1985.0,1979.0,1931.55,1790.74,1965.0,1715.0,1602.0,1623.0,1622.4323652504754,1659.4084971464808,1787.7,1763.7,1913.74,1806.87,1559.43,1537.39,1653.0,1565.0,1752.0,1692.0,1340.0,1210.0,2094.0,1822.0,1561.9940379151335,1570.867297032931,1810.0,1632.0,1486.4058542077119,1512.3316312170803,1677.7553792512742,1630.2570447211097,1539.48,1561.49,1696.0,1572.0,,
2024-04-08,1795.9111538733798,1694.1021012472665,1848.328002912743,1722.2280026729982,1665.0,1696.0,1723.0,1806.16,1345.33183352081,1378.0038858779017,1512.92,1591.89,1563.3869441816462,1542.6915799432356,1912.0,1763.0,2085.958656192187,1769.579322733732,1805.0,1607.0,1660.39,1551.58,1885.0,1882.0,1928.94,1789.86,1958.0,1713.0,1582.0,1605.0,1647.1199188036385,1678.3828305668328,1757.5,1745.2,1900.79,1798.77,1552.69,1533.86,1653.0,1599.0,1753.0,1695.17,1340.0,1210.0,2084.0,1823.0,1575.4998472852008,1587.3505157061295,1810.0,1644.0,1481.1531495270679,1508.3739182934191,1693.7338755520573,1663.9993003629368,1534.25,1556.65,1680.0,1566.0,,
2024-04-01,1775.7356859656422,1677.8024301623198,1828.3024477656973,1706.018576852056,1637.0,1679.0,1682.73,1796.24,1345.33183352081,1378.0038858779017,1511.7,1591.84,1538.8135058378039,1527.335121489429,1889.0,1735.0,2086.0984863719855,1742.8843395138695,1782.0,1596.0,1645.92,1541.86,1906.0,1917.0,1900.78,1764.87,1943.0,1707.0,1582.0,1613.0,1626.8164038657171,1643.6047812817906,1735.6,1734.0,1887.2,1793.05,1521.46,1531.3,1628.0,1557.0,1708.0,1667.0,1340.0,1210.0,2053.0,1798.0,1548.740923477937,1576.6733382982682,1796.0,1620.0,1461.6881679312496,1492.45677943929,1674.7300215982723,1630.928725701944,1515.38,1552.5,1655.0,1570.0,,
2024-03-25,1754.7302777641132,1678.6680104444097,1808.0653075553441,1707.7043581959383,1610.0,1681.0,1610.0,1681.0,1331.12,1373.91,1413.47,1508.06,1523.75,1525.09,1859.0,1730.0,2059.4,1742.98,1713.0,1583.0,1635.81,1540.1,1956.0,1976.0,1900.14,1787.13,1934.0,1710.0,1550.0,1609.0,1593.6115511551154,1644.6691546077686,1732.7,1732.2,1877.18,1800.72,1493.64,1565.95,1604.0,1574.0,1698.67,1675.83,1340.0,1210.0,2031.0,1802.0,1523.92,1572.61,1776.0,1630.0,1446.84,1494.01,1648.34,1630.27,1500.16,1547.57,1635.0,1596.0,,
2024-03-18,1737.2664757180587,1673.3856824205166,1790.3180571089695,1703.7794624090516,1596.0,1672.0,1662.53,1769.61,1336.74,1374.89,1403.68,1508.63,1524.76,1525.91,1840.0,1730.0,2032.91,1743.26,1692.0,1593.0,1616.77,1532.37,1915.0,1927.0,1875.51,1778.72,1908.0,1700.0,1550.0,1609.0,1564.07,1626.1,1734.6,1735.0,1851.39,1789.97,1493.64,1565.95,1573.0,1552.0,1688.0,1670.0,1340.0,1210.0,2005.0,1790.0,1499.71,1550.09,1741.0,1613.0,1442.64,1491.54,1640.25,1643.69,1499.99,1548.75,1607.0,1569.0,,
2024-03-11,1732.5254895283747,1679.5446450627978,1783.072245822994,1709.4304572843073,1596.0,1679.0,1692.56,1794.56,1336.6,1377.54,1389.79,1513.41,1520.3,1521.72,1824.0,1727.0,2006.65,1743.75,1695.0,1594.0,1614.74,1542.49,1799.0,1843.0,1876.61,1785.07,1906.0,1708.0,1552.0,1640.0,1568.49,1624.79,1731.0,1733.3,1852.73,1800.71,1496.48,1596.97,1573.0,1552.0,1694.17,1701.17,1340.0,1210.0,1988.0,1797.0,1509.99,1564.02,1732.0,1616.0,1454.42,1509.45,1645.02,1648.24,1500.79,1549.5,1624.0,1589.0,,
2024-03-04,1731.2900301278466,1687.6809106671342,1783.3013337894795,1720.4534836126977,1597.0,1690.0,1654.98,1801.16,1337.77,1379.85,1385.2,1513.13,1514.51,1526.42,1836.0,1742.0,2020.42,1717.22,1718.0,1612.0,1609.56,1552.25,1799.0,1843.0,1867.87,1797.82,1907.0,1720.0,1550.0,1647.0,1546.67,1636.61,1726.7,1730.3,1851.97,1812.73,1493.4,1607.03,1573.0,1552.0,1687.67,1701.5,1340.0,1210.0,1992.0,1807.0,1500.4,1553.97,1734.0,1630.0,1453.76,1516.46,1642.89,1656.23,1471.61,1535.24,1623.0,1590.0,,
2024-02-26,1728.993904178691,1700.5643269092927,1779.460909647112,1733.3122617422507,1594.0,1710.0,1683.77,1840.69,1337.77,1383.78,1376.05,1507.12,1500.88,1514.67,1826.0,1751.0,2006.92,1743.98,1676.0,1616.0,1605.92,1561.32,1768.0,1868.0,1868.39,1814.89,1901.0,1736.0,1517.0,1653.0,1575.42,1681.31,1718.8,1722.6,1858.97,1826.36,1492.66,1621.66,1559.0,1578.0,1668.57,1696.57,1340.0,1210.0,1980.0,1817.0,1509.14,1564.85,1727.0,1640.0,1445.04,1520.78,1642.0,1685.61,1455.73,1521.99,1624.0,1612.0,,
2024-02-19,1731.045937528698,1709.3418252731203,1781.8761679181616,1742.3684309392463,1600.0,1725.0,1644.61,1821.07,1331.12,1373.91,1365.69,1493.66,1500.88,1514.67,1832.0,1765.0,2033.62,1837.77,1613.0,1611.0,1598.64,1558.29,1865.0,1966.0,1870.95,1830.15,1900.0,1742.0,1510.0,1642.0,1570.57,1695.18,1702.3,1703.6,1863.91,1832.56,1500.53,1637.5,1576.0,1608.0,1668.57,1696.57,1340.0,1210.0,1989.0,1834.0,1508.05,1563.5,1733.0,1664.0,1427.11,1506.97,1649.37,1717.27,1433.91,1499.53,1622.0,1641.0,,
2024-02-12,1714.405528749658,1688.1352007745886,1763.938839571014,1720.3457628780322,1579.0,1704.0,1631.04,1772.37,1323.29,1352.18,1359.12,1477.89,1484.87,1493.64,1824.0,1769.0,2006.76,1837.74,1649.0,1627.0,1572.24,1527.89,1852.0,1931.0,1844.21,1796.95,1872.0,1712.0,1483.0,1607.0,1545.49,1652.56,1705.2,1703.7,1839.98,1801.49,1478.34,1615.23,1553.0,1583.0,1658.29,1673.71,1340.0,1210.0,1970.0,1820.0,1503.03,1541.72,1706.0,1647.0,1400.71,1482.02,1640.85,1734.6,1421.1,1483.21,1602.0,1591.0,,
2024-02-05,1694.9570947850204,1665.7063937680487,1743.6218116649175,1697.4726418851524,1573.0,1686.0,1619.68,1779.59,1317.47,1342.78,1341.41,1454.58,1483.6,1491.52,1793.0,1719.0,1979.61,1797.21,1664.0,1592.0,1560.06,1512.95,1759.0,1844.0,1841.8,1793.38,1858.0,1695.0,1443.0,1555.0,1561.31,1661.22,1687.9,1687.6,1826.72,1785.61,1451.42,1574.24,1542.0,1567.0,1638.14,1649.0,1340.0,1210.0,1946.0,1782.0,1483.69,1520.55,1696.0,1626.0,1385.24,1466.01,1598.91,1671.53,1400.95,1455.87,1602.0,1591.0,,
2024-01-29,1687.1374350776764,1648.8128082311875,1738.532358224387,1681.9423181197362,1561.0,1667.0,1599.11,1751.87,1305.55,1329.94,1335.16,1448.59,1477.99,1483.51,1802.0,1725.0,2007.03,1797.74,1669.0,1569.0,1546.19,1495.81,1870.0,1948.0,1824.36,1755.55,1837.0,1668.0,1443.0,1555.0,1509.02,1602.96,1681.4,1683.0,1811.86,1766.89,1437.03,1538.85,1518.0,1527.0,1625.0,1625.43,1340.0,1210.0,1935.0,1763.0,1454.06,1490.44,1686.0,1604.0,1380.24,1460.68,1600.01,1663.85,1390.38,1440.58,1575.0,1554.0,,
2024-01-22,1666.1093925947853,1628.26458178768,1716.3218545831996,1660.6396898213786,1538.0,1645.0,1565.42,1729.44,1302.38,1321.97,1335.86,1448.44,1468.58,1475.4,1788.0,1707.0,1965.54,1756.39,1669.0,1569.0,1537.57,1486.82,1703.0,1777.0,1808.29,1736.13,1818.0,1650.0,1440.0,1545.0,1510.19,1601.13,1677.9,1680.6,1777.8,1734.14,1431.86,1522.29,1493.0,1509.0,1617.29,1617.43,1340.0,1210.0,1919.0,1743.0,1435.28,1471.75,1663.0,1579.0,1366.05,1447.75,1577.26,1629.66,1397.59,1448.42,1551.0,1511.0,,
2024-01-15,1663.1169803822834,1623.0378717599726,1714.2670612867494,1655.644805655867,1532.0,1634.0,1574.44,1719.96,1301.72,1321.97,1336.62,1448.3,1459.62,1464.23,1794.0,1714.0,1952.0,1742.86,1659.0,1559.0,1535.2,1483.88,1713.0,1782.0,1798.73,1722.72,1811.0,1640.0,1460.0,1559.0,1516.2,1597.88,1679.1,1681.9,1768.94,1724.52,1418.56,1510.52,1481.0,1487.0,1598.14,1598.57,1340.0,1210.0,1911.0,1739.0,1430.91,1467.61,1645.0,1561.0,1362.18,1438.02,1562.42,1622.27,1412.25,1468.17,1527.0,1485.0,,
2024-01-08,1666.5707919098293,1626.0154631464927,1717.7814890746067,1658.5524971894192,1534.0,1636.0,1584.06,1738.82,1309.34,1325.9,1339.69,1455.9,1470.76,1478.56,1801.0,1713.0,1937.95,1728.87,1657.0,1559.0,1535.92,1488.02,1713.0,1782.0,1806.12,1727.8,1816.0,1644.0,1460.0,1585.0,1481.86,1559.54,1678.0,1680.1,1773.66,1730.54,1424.53,1510.34,1481.0,1487.0,1581.71,1582.29,1340.0,1210.0,1904.0,1727.0,1443.33,1480.78,1644.0,1552.0,1372.24,1447.58,1561.44,1609.08,1400.25,1453.88,1553.0,1503.0,,
2024-01-01,1661.23986712701,1626.7227481008804,1711.5311966719062,1658.9922761542541,1478.0,1594.0,1592.93,1716.92,1331.94,1342.67,1343.07,1462.31,1452.03,1473.51,1784.0,1700.0,1934.82,1733.55,1619.0,1524.0,1534.59,1493.65,1762.0,1855.0,1805.74,1749.15,1821.0,1654.0,1440.0,1554.0,1473.28,1570.8,1682.4,1682.6,1772.05,1730.66,1428.52,1491.02,1481.0,1487.0,1584.0,1584.0,1340.0,1210.0,1895.0,1715.0,1452.06,1487.92,1643.0,1567.0,1328.1,1408.32,1558.22,1612.29,1415.43,1468.17,1551.0,1503.0,,
2023-12-25,1667.1650490392396,1636.9780093998445,1711.8214826344122,1660.5129525324344,1478.0,1594.0,1604.86,1737.85,1319.1,1341.6,1348.41,1469.28,1457.56,1478.87,1773.0,1697.0,1872.32,1703.33,1619.0,1524.0,1531.95,1492.96,1793.0,1889.0,1799.04,1742.23,1820.0,1653.0,1440.0,1554.0,1429.77,1522.91,1696.4,1697.4,1765.91,1732.08,1438.87,1493.71,1460.0,1499.0,1584.0,1584.0,1340.0,1210.0,1888.0,1711.0,1463.88,1502.17,1641.0,1574.0,1330.06,1409.07,1668.02,2047.65,1415.43,1468.17,1529.0,1521.0,,
2023-12-18,1664.8684884545742,1632.8131653228593,1709.7930757391684,1656.4106878089035,1483.0,1589.0,1602.54,1734.79,1337.05,1347.89,1361.11,1484.82,1465.67,1488.16,1760.0,1676.0,1845.77,1663.34,1619.0,1524.0,1536.91,1501.66,1860.0,1958.0,1792.37,1734.02,1811.0,1647.0,1485.0,1592.0,1431.07,1519.35,1715.7,1717.6,1765.91,1732.08,1444.43,1487.08,1436.0,1462.0,1584.0,1584.0,1340.0,1210.0,1887.0,1714.0,1462.87,1501.13,1628.0,1554.0,1331.91,1411.67,1652.4,2016.96,1430.53,1486.64,1512.0,1509.0,,
2023-12-11,1681.6251078280402,1652.7481970553156,1727.0017337021886,1677.820817419761,1506.0,1617.0,1621.82,1767.97,1358.32,1369.26,1393.01,1527.1,1501.33,1515.49,1781.0,1706.0,1845.42,1663.02,1626.0,1532.0,1557.87,1526.59,1809.0,1859.0,1798.49,1747.05,1828.0,1671.0,1490.0,1600.0,1502.68,1560.94,1733.1,1734.2,1780.08,1753.7,1456.68,1501.56,1461.0,1504.0,1605.14,1605.14,1340.0,1210.0,1909.0,1738.0,1480.06,1516.26,1642.0,1576.0,1333.62,1425.41,1621.23,1987.52,1471.45,1520.77,1534.0,1539.0,,
2023-12-04,1701.5133370509232,1677.3652353738287,1747.177834481219,1703.0504605400206,1544.0,1653.0,1631.34,1782.96,1373.91,1386.13,1406.9,1550.07,1512.75,1537.1,1803.0,1729.0,1885.63,1713.96,1589.0,1542.0,1572.08,1543.08,1814.0,1915.0,1812.99,1783.21,1856.0,1697.0,1500.0,1618.0,1523.79,1603.52,1760.1,1760.8,1797.06,1773.4,1480.56,1523.01,1497.0,1504.0,1617.0,1617.14,1340.0,1210.0,1935.0,1763.0,1487.98,1525.86,1667.0,1607.0,1344.49,1457.71,1666.64,2027.91,1515.16,1560.57,1565.0,1594.0,,
2023-11-27,1718.0425183378466,1692.1155484672786,1787.2685102884082,1746.976119214388,,,1644.97,1794.23,,,1416.65,1573.8,1539.36,1552.41,1814.0,1744.0,1885.88,1741.02,1617.0,1555.0,1585.63,1558.59,1848.0,1942.0,1809.78,1781.18,1863.0,1705.0,1500.0,1621.0,1528.09,1589.41,1787.6,1788.5,1805.32,1785.41,1491.26,1519.64,1497.0,1542.0,1618.71,1618.86,1340.0,1210.0,1951.0,1781.0,1488.56,1528.08,1680.0,1627.0,1345.57,1458.91,1648.98,2029.94,1531.24,1597.85,1568.0,1593.0,,
2023-11-20,1720.2215849814584,1697.1412500485721,1768.6434114327967,1725.011934335374,1556.0,1663.0,1672.16,1797.57,1391.25,1411.19,1430.15,1591.08,1548.63,1567.17,1813.0,1741.0,1899.01,1740.76,1618.0,1555.0,1600.01,1577.08,1869.0,1963.0,1843.52,1801.1,1869.0,1720.0,1518.0,1666.0,1550.83,1609.82,1810.1,1815.3,1815.68,1796.53,1501.62,1509.06,1513.0,1542.0,1596.0,1601.0,1340.0,1210.0,1969.0,1796.0,1493.39,1532.15,1703.0,1631.0,1354.48,1467.44,1645.75,2025.38,1543.42,1630.22,1584.0,1597.0,,
2023-11-13,1738.5520158762586,1716.2280582083968,1788.963953644382,1747.1896775280743,1581.0,1699.0,1692.06,1848.67,1401.22,1421.36,1438.59,1606.83,1560.35,1591.84,1836.0,1757.0,1938.39,1739.99,1654.0,1587.0,1619.53,1607.09,1905.0,1989.0,1840.43,1807.71,1874.0,1745.0,1520.0,1714.0,1583.45,1665.86,1819.8,1824.9,1834.98,1824.28,1508.03,1518.15,1546.0,1525.0,1681.86,1690.43,1340.0,1210.0,1997.0,1831.0,1478.79,1519.14,1739.0,1649.0,1375.21,1486.39,1692.33,2052.89,1546.84,1653.82,1587.0,1627.0,,
2023-11-06,1757.0883447951262,1745.9169266988436,1809.052092631836,1783.0618684860278,1600.0,1735.0,1707.3,1874.6,1412.67,1433.84,1451.52,1622.3,1588.72,1611.79,1856.0,1808.0,1978.9,1820.69,1736.0,1639.0,1646.6,1640.81,1935.0,2009.0,1859.3,1846.63,1888.0,1780.0,1520.0,1714.0,1605.24,1686.44,1829.7,1834.0,1854.2,1847.71,1532.92,1544.87,1577.0,1614.0,1699.86,1725.86,1340.0,1210.0,2009.0,1860.0,1467.41,1490.46,1764.0,1692.0,1401.18,1515.51,1730.73,2116.83,1551.85,1679.97,1648.0,1647.0,,
2023-10-30,1755.0128433238194,1743.0010821668652,1808.5790551758134,1785.8086997325297,1601.0,1733.0,1704.31,1875.84,1422.33,1445.5,1554.09,1710.45,1581.63,1608.62,1835.0,1789.0,2004.31,1832.82,1720.0,1619.0,1652.11,1645.78,1988.0,2015.0,1846.11,1854.22,1896.0,1804.0,1520.0,1726.0,1589.12,1697.46,1837.2,1841.1,1872.85,1865.34,1545.65,1555.51,1561.0,1602.0,1700.86,1728.86,1340.0,1210.0,2009.0,1869.0,1440.31,1437.45,1768.0,1706.0,1407.02,1530.65,1749.62,2076.32,1548.21,1674.9,1649.0,1669.0,,
2023-10-23,1763.569337086049,1755.8253611395724,1827.5310506540736,1806.8551585937935,1617.0,1745.0,1711.15,1871.02,1423.2,1444.27,1565.98,1712.45,1586.24,1608.28,1868.0,1827.0,2017.85,1873.14,1762.0,1659.0,1662.87,1654.07,1986.0,2026.0,1850.61,1881.77,1896.0,1812.0,1563.0,1738.0,1583.16,1707.69,1846.7,1849.6,1895.48,1883.7,1554.46,1574.96,1583.0,1638.0,1702.43,1730.71,1340.0,1210.0,2028.0,1891.0,1371.37,1377.17,1774.0,1726.0,1413.86,1533.61,1743.81,2133.75,1548.43,1674.85,1606.0,1677.0,,
2023-10-16,1765.4537304397265,1750.8992910826612,1834.9712495285821,1802.3225051285324,1630.0,1750.0,1704.43,1865.3,1427.34,1445.55,1583.67,1716.44,1601.61,1617.5,1871.0,1829.0,1951.95,1833.98,1781.0,1677.0,1679.5,1656.88,1986.0,2007.0,1835.45,1848.0,1896.0,1803.0,1563.0,1740.0,1560.81,1696.1,1852.8,1854.7,1918.68,1897.3,1557.06,1574.87,1559.0,1624.0,1728.71,1732.14,1340.0,1210.0,2031.0,1888.0,1353.74,1363.98,1760.0,1711.0,1418.31,1531.31,1716.75,2158.09,1577.07,1680.43,1614.0,1661.0,,
2023-10-09,1789.4129144670685,1766.7327727630613,1863.847623146688,1823.2331858436878,1663.0,1773.0,1767.68,1934.82,1443.5,1455.11,1610.38,1721.82,1638.64,1649.75,1880.0,1813.0,2006.14,1861.31,1787.0,1687.0,1719.39,1682.77,1977.0,2080.0,1881.02,1892.11,1930.0,1835.0,1672.0,1779.0,1619.45,1758.28,1857.2,1858.7,1962.69,1921.63,1583.65,1590.84,1559.0,1601.0,1746.71,1746.86,1340.0,1210.0,2058.0,1903.0,1323.57,1331.36,1798.0,1744.0,1431.8,1543.31,1729.16,2138.35,1603.37,1689.28,1641.0,1684.0,,
2023-10-02,1823.9590162605336,1782.4951419942051,1902.5680652997723,1843.191528903357,1692.0,1792.0,1823.6,1944.64,1449.79,1449.23,1611.66,1718.04,1652.78,1649.8,1924.0,1858.0,2086.21,1928.0,1818.0,1719.0,1751.96,1687.7,1986.0,2022.0,1926.48,1912.11,2005.0,1854.0,1677.0,1774.0,1663.62,1746.99,1853.8,1849.9,1991.58,1932.12,1608.53,1612.71,1638.0,1695.0,1760.71,1742.0,1340.0,1210.0,2104.0,1936.0,1307.3,1308.13,1853.0,1782.0,1458.29,1546.47,1800.78,2215.17,1580.43,1651.27,1704.0,1705.0,,
2023-09-25,1839.163201542838,1788.2766951974793,1919.1187509271185,1849.6714293150435,1712.0,1794.0,1847.0,1955.88,1449.84,1450.81,1613.12,1716.13,1659.8,1655.41,1942.0,1856.0,2086.6,1928.36,1818.0,1717.0,1759.89,1685.91,2026.0,2039.0,1971.55,1940.97,2040.0,1853.0,1643.0,1730.0,1684.38,1749.2,1839.0,1825.5,2001.89,1938.24,1614.32,1610.98,1667.0,1695.0,1760.71,1739.0,1340.0,1210.0,2129.0,1951.0,1313.77,1313.08,1865.0,1805.0,1467.34,1533.8,1828.79,2225.27,1569.12,1629.62,1720.0,1707.0,,
2023-09-18,1838.0931645850096,1779.3465268115501,1916.9783383770457,1839.5059476009658,1718.0,1796.0,1804.29,1945.33,1436.5,1433.79,1586.37,1676.51,1651.72,1636.28,1950.0,1853.0,2087.16,1955.71,1785.0,1679.0,1751.5,1668.26,1996.0,2016.0,1967.41,1929.38,2037.0,1844.0,1638.0,1714.0,1707.09,1766.94,1815.0,1789.9,1997.29,1924.02,1613.58,1599.57,1700.0,1739.0,1758.67,1717.83,1340.0,1210.0,2139.0,1957.0,1331.58,1316.34,1857.0,1805.0,1456.47,1509.52,1797.75,2190.75,1567.32,1614.53,1711.0,1690.0,,
2023-09-11,1830.3155426913477,1746.347782810121,1902.7322875872287,1799.9147889543647,1699.0,1745.0,1861.47,1920.34,1422.38,1412.72,1583.09,1664.49,1625.96,1568.75,1941.0,1828.0,2059.48,1847.63,1785.0,1685.0,1735.25,1634.15,1989.0,1965.0,1961.75,1881.67,2002.0,1789.0,1628.0,1679.0,1680.85,1703.97,1789.8,1761.4,1969.59,1876.7,1605.68,1561.56,1644.0,1638.0,1749.17,1686.33,1340.0,1210.0,2105.0,1885.0,1390.66,1358.01,1859.0,1752.0,1447.63,1498.34,1798.73,2153.96,1569.17,1609.29,1690.0,1646.0,,
2023-09-04,1833.6932125327085,1732.8471790197696,1894.2715840638398,1774.4328398011055,1696.0,1714.0,1817.23,1891.92,1412.16,1401.42,1575.57,1644.49,1649.37,1582.34,1929.0,1782.0,2074.42,1835.58,1796.0,1671.0,1731.13,1622.82,2030.0,2007.0,1956.96,1858.69,1994.0,1769.0,1628.0,1684.0,1681.44,1717.63,1750.9,1721.7,1954.47,1855.61,1589.59,1526.69,1670.0,1604.0,1743.83,1669.33,1340.0,1210.0,2107.0,1858.0,1489.37,1444.36,1872.0,1720.0,1446.55,1489.64,1796.91,2069.91,1554.61,1605.86,1719.0,1637.0,,
2023-08-28,1827.464904583091,1720.8343014851084,1885.3491460354999,1759.954645183926,1691.0,1707.0,1814.24,1861.79,1400.96,1388.18,1554.21,1623.95,1640.4,1572.13,1931.0,1784.0,2101.17,1835.5,1783.0,1639.0,1721.04,1612.26,1934.0,1906.0,1933.11,1823.99,1991.0,1761.0,1602.0,1670.0,1681.63,1694.81,1731.6,1694.8,1947.72,1847.35,1589.38,1527.97,1657.0,1622.0,1712.17,1634.53,1340.0,1210.0,2083.0,1824.0,1485.52,1443.09,1872.0,1724.0,1450.2,1484.73,1819.92,2100.67,1543.75,1602.9,1716.0,1633.0,,
2023-08-21,1815.9794619096544,1711.8934022491596,1874.0973821853047,1751.694185768289,1677.0,1692.0,1785.06,1856.09,1390.94,1378.0,1547.86,1603.12,1640.38,1572.44,1911.0,1762.0,2074.5,1822.23,1779.0,1629.0,1709.72,1601.91,1926.0,1903.0,1932.87,1833.64,1990.0,1750.0,1598.0,1671.0,1683.85,1698.11,1719.5,1665.0,1946.16,1845.34,1570.73,1508.92,1657.0,1587.0,1703.67,1626.03,1340.0,1210.0,2080.0,1821.0,1472.21,1428.34,1855.0,1703.0,1449.69,1479.62,1792.6,2068.1,1547.02,1607.1,1701.0,1616.0,,
2023-08-14,1811.5945443220903,1708.5718641705416,1870.9777727726657,1748.4312208488163,1672.0,1691.0,1840.39,1887.36,1372.58,1354.33,1536.17,1585.44,1637.41,1556.7,1916.0,1775.0,2047.91,1835.87,1779.0,1629.0,1692.03,1586.19,1934.0,1903.0,1912.88,1834.63,1966.0,1742.0,1570.0,1596.0,1646.91,1677.19,1698.5,1614.1,1939.06,1827.71,1559.92,1496.1,1632.0,1614.0,1690.0,1603.43,1340.0,1210.0,2080.0,1821.0,1480.83,1438.01,1827.0,1706.0,1428.71,1456.28,1770.2,2053.97,1549.38,1607.06,1689.0,1614.0,,
2023-08-07,1800.0128060185677,1681.7245835612,1858.2451450911242,1719.0644699524619,1650.0,1661.0,1798.67,1831.52,1357.86,1318.74,1516.42,1549.58,1615.75,1504.33,1904.0,1756.0,2034.49,1800.98,1717.0,1607.0,1680.28,1552.66,1918.0,1856.0,1910.33,1806.4,1959.0,1712.0,1572.0,1583.0,1617.57,1611.03,1659.4,1561.2,1929.24,1796.41,1554.04,1474.34,1644.0,1573.0,1624.0,1513.0,1340.0,1210.0,2070.0,1800.0,1488.77,1445.59,1823.0,1688.0,1394.85,1410.42,1765.49,2063.02,1510.74,1575.52,1703.0,1563.0,,
2023-07-31,1786.733838039204,1634.1447735326524,1842.6933990337302,1668.4514806236716,1628.0,1609.0,1775.07,1775.75,1328.15,1278.5,1492.23,1521.2,1589.41,1394.69,1909.0,1717.0,2047.53,1746.97,1717.0,1517.0,1650.5,1501.79,1912.0,1830.0,1893.01,1739.87,1948.0,1658.0,1520.0,1527.0,1581.71,1543.56,1637.8,1538.3,1897.95,1746.1,1516.2,1418.41,1644.0,1537.0,1653.83,1542.53,1340.0,1210.0,2052.0,1743.0,1485.52,1439.98,1809.0,1626.0,1383.24,1380.0,1790.67,2014.67,1491.74,1551.26,1647.0,1506.0,,
2023-07-24,1746.7928577556565,1591.2618151419833,1802.5728942746364,1623.7499424028001,1588.0,1558.0,1708.33,1719.69,1306.22,1252.99,1475.0,1499.58,1544.8,1359.5,1875.0,1662.0,1980.84,1680.22,1696.0,1497.0,1615.01,1465.31,1856.0,1778.0,1846.88,1700.23,1901.0,1613.0,1518.0,1527.0,1564.34,1533.73,1632.6,1527.2,1864.04,1709.59,1480.89,1373.09,1569.0,1462.0,1603.67,1479.03,1340.0,1210.0,1998.0,1676.0,1453.96,1407.56,1719.0,1539.0,1358.22,1355.61,1725.27,1937.83,1478.92,1532.09,1589.0,1475.0,,
2023-07-17,1736.533861210336,1582.7532775205623,1789.9644951107866,1612.4094617581688,1583.0,1559.0,1706.84,1714.57,1295.68,1249.11,1458.68,1489.6,1568.38,1378.25,1854.0,1636.0,1954.26,1667.02,1697.0,1498.0,1602.42,1453.48,1856.0,1778.0,1835.26,1694.86,1883.0,1602.0,1498.0,1505.0,1589.03,1560.33,1634.9,1525.7,1859.58,1703.27,1469.67,1357.76,1569.0,1462.0,1594.88,1478.32,1340.0,1210.0,1984.0,1662.0,1449.2,1405.51,1697.0,1535.0,1353.38,1350.65,1709.02,1941.19,1471.29,1518.57,1587.0,1474.0,,
2023-07-10,1726.2716188682898,1565.5888026073048,1783.2518755632582,1596.854820579768,1557.0,1531.0,1734.29,1722.0,1295.68,1243.99,1463.92,1490.42,1562.14,1363.21,1854.0,1630.0,1927.21,1640.0,1697.0,1498.0,1593.71,1439.65,1873.0,1791.0,1812.94,1665.81,1869.0,1583.0,1497.0,1498.0,1515.26,1478.63,1639.2,1525.0,1844.85,1683.77,1476.46,1344.61,1541.0,1440.0,1562.0,1429.0,1340.0,1210.0,1971.0,1649.0,1441.26,1389.8,1681.0,1519.0,1351.78,1348.7,1653.29,1892.37,1457.5,1504.73,1566.0,1428.0,,
2023-07-03,1727.9076292383807,1561.815501532079,1784.369486012402,1592.2825007404101,1565.0,1521.0,1710.2,1698.04,1295.68,1233.82,1467.96,1492.55,1571.97,1373.37,1850.0,1607.0,1914.92,1614.12,1697.0,1498.0,1591.69,1437.57,2027.0,1926.0,1825.98,1675.18,1863.0,1578.0,1455.0,1462.0,1532.1,1503.83,1638.3,1523.9,1846.49,1685.02,1490.08,1345.97,1541.0,1426.0,1578.17,1433.98,1340.0,1210.0,1976.0,1643.0,1447.18,1390.33,1648.0,1484.0,1350.47,1347.85,1648.53,1870.19,1448.9,1493.59,1574.0,1443.0,,
2023-06-26,1721.8557586013674,1566.155893951326,1771.603191520923,1594.5705491939018,1577.0,1530.0,1707.96,1679.1,1295.28,1236.78,1383.83,1407.62,1574.95,1371.26,1847.0,1610.0,1928.6,1627.76,1697.0,1498.0,1598.24,1441.39,1930.0,1823.0,1870.74,1703.47,1873.0,1585.0,1455.0,1458.0,1576.3,1542.98,1627.7,1510.3,1852.43,1690.32,1508.09,1357.68,1561.0,1467.0,1568.83,1420.4,1340.0,1210.0,1828.0,1537.0,1463.24,1401.42,1672.0,1499.0,1354.92,1349.59,1675.84,1898.22,1437.22,1473.74,1589.0,1456.0,,
2023-06-19,1721.9937478877957,1548.9839864155838,1771.9897301178064,1579.551830088933,1571.0,1508.0,1713.06,1672.4,1294.41,1234.48,1379.16,1380.42,1561.11,1336.78,1857.0,1606.0,1938.31,1616.15,1697.0,1497.0,1596.64,1427.15,1927.0,1795.0,1872.94,1675.99,1874.0,1572.0,1437.0,1437.0,1548.71,1496.26,1605.8,1488.5,1840.97,1677.35,1498.25,1330.98,1561.0,1434.0,1578.5,1410.83,1340.0,1210.0,1829.0,1526.0,1457.48,1368.12,1685.0,1482.0,1370.53,1354.19,1703.74,1887.24,1431.98,1460.64,1580.0,1433.0,,
2023-06-12,1725.3010886664713,1545.9270515863,1773.7143809595225,1574.7129516135396,1583.0,1506.0,1760.06,1713.7,1292.05,1234.18,1381.14,1380.09,1550.07,1321.65,1859.0,1588.0,1951.15,1591.52,1697.0,1497.0,1594.27,1424.16,1932.0,1805.0,1878.4,1679.67,1877.0,1570.0,1433.0,1430.0,1568.22,1508.39,1587.1,1468.5,1831.44,1668.44,1485.05,1307.19,1601.0,1434.0,1574.33,1396.83,1340.0,1210.0,1829.0,1519.0,1465.77,1382.35,1702.0,1480.0,1364.22,1349.56,1731.72,1887.42,1414.49,1456.86,1584.0,1423.0,,
2023-06-05,1711.9476883475709,1533.7807458860927,1759.5479574682652,1561.2573697494543,1567.0,1487.0,1729.7,1688.53,1288.12,1233.77,1377.91,1380.35,1558.56,1328.21,1847.0,1575.0,1938.67,1565.44,1697.0,1497.0,1588.27,1417.19,1894.0,1765.0,1871.51,1665.84,1865.0,1558.0,1368.0,1389.0,1562.19,1506.41,1562.5,1450.5,1822.23,1661.44,1473.9,1295.63,1553.0,1396.0,1570.83,1390.5,1340.0,1210.0,1810.0,1502.0,1456.88,1378.52,1664.0,1439.0,1341.47,1331.37,1702.63,1861.02,1404.53,1455.96,1585.0,1425.0,,
2023-05-29,1714.7314406419894,1534.0796445580536,1765.5617859321194,1565.8115076132274,1569.0,1499.0,1712.8,1651.65,1288.12,1238.83,1379.12,1382.87,1538.18,1311.78,1867.0,1590.0,1951.89,1565.27,1697.0,1497.0,1584.99,1415.84,1903.0,1788.0,1876.28,1672.24,1861.0,1556.0,1368.0,1389.0,1555.61,1503.07,1563.5,1454.0,1818.47,1662.3,1471.38,1296.41,1584.0,1414.0,1590.72,1417.5,1340.0,1210.0,1819.0,1509.0,1443.37,1350.81,1678.0,1444.0,1335.37,1331.75,1700.47,1846.65,1401.94,1449.71,1589.0,1429.0,,
2023-05-22,1701.2079531310558,1528.7885250429374,1751.131928206603,1559.8861224839823,1550.0,1488.0,1680.72,1664.37,1288.17,1241.64,1386.61,1389.67,1536.07,1315.42,1851.0,1590.0,1938.83,1578.99,1697.0,1497.0,1576.49,1409.1,1890.0,1774.0,1850.48,1660.11,1833.0,1547.0,1368.0,1379.0,1485.12,1460.82,1570.0,1462.2,1807.54,1650.33,1474.99,1302.55,1570.0,1402.0,1596.52,1416.54,1340.0,1210.0,1807.0,1506.0,1437.77,1346.7,1654.0,1439.0,1322.01,1324.85,1710.72,1869.29,1405.87,1449.04,1565.0,1423.0,,
2023-05-15,1699.4962820601795,1529.657870866949,1748.1170152961865,1558.149689575948,1555.0,1492.0,1697.59,1662.8,1290.21,1246.91,1420.53,1419.76,1546.62,1333.8,1836.0,1580.0,1912.15,1552.28,1698.0,1498.0,1579.69,1411.99,1907.0,1803.0,1855.2,1655.53,1827.0,1538.0,1367.0,1373.0,1506.88,1476.47,1594.6,1492.5,1811.6,1654.14,1477.97,1311.22,1549.0,1390.0,1590.0,1406.46,1340.0,1210.0,1802.0,1501.0,1441.68,1360.24,1637.0,1425.0,1357.58,1374.65,1693.37,1843.32,1419.78,1458.66,1525.0,1413.0,,
2023-05-08,1705.7456059656033,1544.5056511331145,1755.2100888726875,1573.0830132882759,1555.0,1496.0,1703.61,1669.7,1296.35,1274.77,1426.35,1437.84,1570.65,1367.79,1829.0,1591.0,1912.1,1538.81,1698.0,1498.0,1599.31,1433.72,1943.0,1832.0,1871.81,1665.51,1837.0,1550.0,1468.0,1476.0,1531.39,1489.66,1615.7,1529.0,1834.76,1679.86,1496.43,1339.53,1517.0,1376.0,1640.67,1479.17,1340.0,1210.0,1791.0,1491.0,1437.08,1373.9,1613.0,1405.0,1359.49,1375.29,1688.39,1861.68,1437.0,1476.29,1532.0,1421.0,,
2023-05-01,1728.7492086785105,1577.3769337468714,1778.2049447545949,1608.1954594349672,1581.0,1534.0,1711.64,1691.88,1303.3,1302.79,1432.96,1451.8,1585.23,1400.26,1848.0,1621.0,1977.51,1604.55,1717.0,1518.0,1622.36,1464.69,1969.0,1872.0,1910.79,1719.98,1880.0,1596.0,1468.0,1476.0,1551.16,1518.34,1628.5,1555.5,1857.54,1710.83,1520.58,1384.56,1569.0,1395.0,1628.0,1506.0,1340.0,1210.0,1821.0,1526.0,1454.76,1404.56,1659.0,1454.0,1340.54,1351.7,1734.13,1855.44,1414.0,1439.0,1562.0,1452.0,,
2023-04-24,1740.3455349610097,1606.2842893904817,1790.7016013645025,1638.0555983126799,1603.0,1568.0,1744.96,1716.27,1308.52,1333.62,1430.31,1466.33,1597.76,1434.7,1842.0,1638.0,1950.89,1618.14,1767.0,1568.0,1641.85,1496.46,1985.0,1901.0,1941.33,1762.14,1915.0,1631.0,1498.0,1494.0,1579.24,1539.22,1626.7,1570.0,1877.95,1745.61,1551.78,1422.24,1569.0,1455.0,1663.33,1519.95,1340.0,1210.0,1834.0,1556.0,1467.05,1425.4,1673.0,1473.0,1334.74,1363.95,1745.78,1911.84,1433.73,1470.43,1581.0,1472.0,,
2023-04-17,1766.0489270539008,1639.0351682078403,1814.0998754818797,1669.157674435687,1616.0,1580.0,1783.37,1757.2,1303.97,1346.41,1422.72,1470.91,1620.48,1470.94,1880.0,1687.0,2004.83,1658.62,1689.0,1568.0,1651.29,1519.75,1969.0,1920.0,1961.2,1799.84,1948.0,1655.0,1498.0,1494.0,1642.38,1577.63,1610.0,1579.0,1885.7,1766.49,1570.39,1440.68,1633.0,1481.0,1644.5,1532.83,1340.0,1210.0,1878.0,1601.0,1474.19,1451.16,1714.0,1490.0,1417.0,1480.35,1814.99,1961.33,1407.49,1479.94,1605.0,1493.0,,
2023-04-10,1758.4088798071507,1644.9822603790237,1808.6313104417961,1677.671176737774,1623.0,1605.0,1762.93,1753.59,1294.97,1348.3,1413.74,1474.98,1604.0,1479.43,1881.0,1708.0,2018.52,1672.26,1689.0,1570.0,1640.56,1523.72,1962.0,1953.0,1949.31,1801.43,1940.0,1654.0,1458.0,1504.0,1624.16,1557.18,1605.8,1589.6,1875.28,1767.22,1553.2,1446.85,1633.0,1481.0,1643.0,1556.0,1340.0,1210.0,1881.0,1620.0,1450.63,1439.29,1707.0,1498.0,1412.54,1491.07,1800.92,1964.61,1391.29,1478.57,1601.0,1496.0,,
2023-04-03,1733.7669100532262,1640.4298584860383,1779.7353942276827,1671.2023037138822,1576.0,1585.0,1690.99,1690.3,1292.57,1361.44,1404.01,1485.92,1578.5,1493.86,1841.0,1680.0,2005.26,1658.97,1684.0,1578.0,1631.02,1529.96,1938.0,1937.0,1936.07,1809.26,1918.0,1653.0,1455.0,1506.0,1617.81,1586.81,1614.3,1618.3,1858.14,1766.67,1532.94,1457.7,1599.0,1467.0,1646.0,1586.17,1340.0,1210.0,1842.0,1611.0,1443.98,1443.24,1693.0,1494.0,1351.3,1435.63,1818.67,1984.76,1386.55,1502.08,1532.0,1501.0,,
2023-03-27,1714.7139728909874,1653.8734681091944,1762.4315063358044,1687.545971314515,1557.0,1600.0,1661.62,1706.68,1292.17,1382.66,1404.45,1514.0,1557.39,1484.58,1820.0,1693.0,2004.97,1698.99,1678.0,1584.0,1627.57,1545.89,1933.0,1947.0,1921.4,1816.23,1900.0,1665.0,1462.0,1565.0,1568.83,1574.18,1624.5,1646.0,1850.86,1800.67,1518.75,1475.75,1512.0,1490.0,1579.78,1558.62,1340.0,1210.0,1800.0,1613.0,1415.91,1444.33,1667.0,1507.0,1350.26,1449.48,1779.97,1970.48,1386.26,1528.92,1508.0,1524.0,,
2023-03-20,1707.8569226788807,1663.8534664450565,1757.4207717860713,1696.5493898865434,1563.0,1614.0,1714.39,1706.5,1296.71,1407.97,1403.03,1539.83,1546.23,1482.28,1796.0,1704.0,1939.56,1687.04,1678.0,1585.0,1635.9,1571.04,1946.0,1974.0,1912.72,1818.28,1896.0,1687.0,1462.0,1577.0,1520.41,1533.68,1620.0,1648.8,1855.34,1801.8,1509.78,1510.08,1526.0,1490.0,1621.95,1612.12,1340.0,1210.0,1780.0,1594.0,1421.48,1471.87,1657.0,1515.0,1352.7,1471.18,1757.56,1990.96,1376.73,1520.49,1511.0,1527.0,,
2023-03-13,1729.2085092861812,1689.6665166864857,1779.6153447342067,1719.8263168542178,1592.0,1646.0,1732.44,1723.8,1299.25,1422.03,1393.72,1549.25,1566.6,1518.17,1832.0,1732.0,1980.01,1727.47,1727.0,1696.0,1644.46,1592.66,1964.0,2007.0,1916.65,1838.32,1909.0,1713.0,1442.0,1565.0,1549.58,1586.51,1609.0,1646.2,1859.93,1812.58,1523.32,1563.04,1572.0,1556.0,1615.28,1607.95,1340.0,1210.0,1831.0,1652.0,1432.45,1514.62,1688.0,1552.0,1398.46,1504.0,1764.23,1988.99,1371.08,1514.42,1562.0,1558.0,,
2023-03-06,1727.633652505333,1694.1089006568243,1775.5184559507888,1721.610095989322,1590.0,1664.0,1696.5,1706.47,1299.48,1421.82,1394.19,1554.69,1586.54,1538.29,1840.0,1764.0,1980.57,1781.71,1727.0,1696.0,1635.67,1588.8,1937.0,1968.0,1885.95,1812.04,1901.0,1710.0,1440.0,1550.0,1602.42,1634.9,1608.0,1653.8,1852.84,1809.06,1528.65,1592.29,1557.0,1571.0,1626.28,1613.18,1340.0,1210.0,1830.0,1675.0,1427.07,1511.65,1683.0,1566.0,1366.66,1480.67,1789.32,2075.9,1369.43,1516.09,1564.0,1545.0,,
2023-02-27,1719.708845012519,1687.7369629313905,1767.0093624673132,1713.772430367011,1581.0,1645.0,1711.97,1684.33,1301.67,1429.59,1391.83,1560.3,1585.46,1539.1,1818.0,1738.0,1953.62,1714.45,1727.0,1697.0,1632.2,1589.1,1949.0,1991.0,1897.56,1810.14,1898.0,1704.0,1440.0,1555.0,1605.0,1631.46,1618.5,1675.8,1856.45,1821.71,1517.96,1589.46,1557.0,1536.0,1605.22,1617.07,1340.0,1210.0,1802.0,1640.0,1425.95,1528.7,1668.0,1521.0,1349.39,1464.9,1777.21,2042.14,1368.45,1516.16,1564.0,1546.0,,
2023-02-20,1723.769344283044,1707.353835591269,1770.9667821678634,1732.9714465263105,1587.0,1669.0,1713.68,1696.13,1303.35,1443.3,1381.35,1569.37,1589.16,1542.99,1819.0,1753.0,1979.56,1753.94,1727.0,1697.0,1636.62,1611.4,1940.0,1993.0,1907.02,1838.19,1902.0,1718.0,1438.0,1544.0,1617.24,1652.46,1629.4,1705.5,1860.01,1836.58,1520.41,1620.87,1569.0,1551.0,1632.24,1675.72,1340.0,1210.0,1816.0,1660.0,1423.09,1557.46,1674.0,1539.0,1350.71,1477.39,1785.57,2050.62,1367.06,1535.29,1569.0,1552.0,,
2023-02-13,1720.5674787588368,1718.7227340848492,1771.7770507319883,1746.3013701776438,1574.0,1682.0,1697.01,1690.39,1307.39,1458.84,1379.99,1579.4,1584.94,1550.07,1828.0,1780.0,1952.07,1753.37,1727.0,1697.0,1633.59,1628.75,1932.0,2018.0,1903.82,1827.85,1895.0,1724.0,1468.0,1651.0,1601.05,1657.47,1641.9,1729.1,1859.74,1853.17,1503.41,1641.24,1569.0,1581.0,1603.9,1680.05,1340.0,1210.0,1817.0,1683.0,1395.52,1557.71,1668.0,1533.0,1343.71,1485.43,1781.62,2056.39,1368.5,1557.81,1570.0,1553.0,,
2023-02-06,1724.4880600564413,1756.2281310993642,1775.5495627903476,1782.6998211436833,1583.0,1722.0,1724.71,1722.17,1307.39,1483.28,1367.4,1570.05,1588.89,1579.96,1802.0,1778.0,1980.33,1794.93,1789.0,1819.0,1655.31,1677.42,1975.0,2111.0,1929.86,1887.27,1909.0,1779.0,1468.0,1668.0,1592.45,1705.01,1628.7,1725.4,1872.37,1897.04,1511.11,1671.17,1580.0,1566.0,1657.38,1715.05,1340.0,1210.0,1835.0,1748.0,1417.69,1619.56,1689.0,1580.0,1343.21,1522.81,1735.03,2024.6,1325.05,1528.61,1598.0,1601.0,,
2023-01-30,1741.2069159955208,1794.909352848193,1792.2519504884847,1824.7362615527281,1608.0,1779.0,1728.38,1748.45,1306.22,1478.93,1367.45,1569.91,1579.1,1575.96,1845.0,1851.0,2035.41,1890.22,1780.0,1801.0,1660.86,1704.04,1943.0,2093.0,1933.43,1943.18,1919.0,1822.0,1405.0,1626.0,1605.33,1774.8,1601.6,1702.5,1871.31,1912.32,1524.22,1692.1,1580.0,1653.0,1655.88,1755.05,1340.0,1210.0,1864.0,1819.0,1420.27,1623.77,1739.0,1650.0,1341.33,1537.74,1806.34,2138.16,1300.64,1511.47,1578.0,1606.0,,
2023-01-23,1715.6208158535367,1780.2149585596485,1766.0068786120228,1807.4418539980245,1589.0,1762.0,1691.97,1733.4,1297.32,1462.93,1366.19,1570.04,1535.99,1560.45,1827.0,1853.0,2008.25,1889.96,1742.0,1764.0,1636.78,1688.31,1930.0,2105.0,1900.83,1916.18,1895.0,1804.0,1398.0,1614.0,1579.42,1741.33,1585.5,1692.3,1829.47,1875.1,1496.4,1665.82,1544.0,1648.0,1639.05,1725.88,1340.0,1210.0,1839.0,1784.0,1392.5,1618.38,1705.0,1634.0,1319.57,1513.36,1811.97,2206.0,1293.77,1512.16,1519.0,1607.0,,
2023-01-16,1692.9402261417354,1765.3464055202296,1742.0160680007334,1790.165933581096,1567.0,1740.0,1660.93,1715.31,1300.8,1465.13,1369.21,1573.88,1507.61,1555.32,1801.0,1837.0,1981.4,1889.99,1713.0,1734.0,1619.33,1679.08,1871.0,2061.0,1857.24,1884.56,1857.0,1783.0,1388.0,1623.0,1568.15,1728.98,1571.2,1684.7,1813.58,1863.68,1484.36,1652.79,1544.0,1614.0,1620.72,1697.12,1340.0,1210.0,1813.0,1768.0,1392.13,1624.45,1672.0,1611.0,1287.44,1487.53,1755.78,2160.3,1300.96,1525.48,1489.0,1617.0,,
2023-01-09,1687.0056881043051,1767.1918514769368,1734.9658855618209,1791.2073653600726,1570.0,1743.0,1691.98,1726.78,1317.01,1487.06,1379.19,1582.66,1510.75,1560.82,1780.0,1823.0,1914.65,1823.22,1713.0,1734.0,1616.35,1681.94,1908.0,2084.0,1851.65,1899.39,1855.0,1791.0,1388.0,1627.0,1654.75,1810.02,1553.3,1670.2,1812.01,1868.13,1479.74,1644.56,1492.0,1573.0,1625.38,1699.22,1340.0,1210.0,1803.0,1774.0,1399.48,1635.04,1661.0,1599.0,1277.28,1473.99,1703.47,2118.08,1272.66,1506.97,1491.0,1619.0,,
2023-01-02,1666.3878418818915,1753.499484357699,1708.3660488448782,1772.2518006620328,1492.0,1685.0,1687.0,1757.0,1233.92,1458.89,1409.13,1612.31,1500.95,1563.58,1731.0,1850.0,1938.85,1831.29,1719.0,1749.0,1583.84,1660.81,1910.0,2081.0,1678.84,1766.53,1846.0,1796.0,1356.69,1612.05,1598.67,1782.01,1556.5,1677.0,1827.09,1890.84,1482.94,1651.33,1507.0,1626.0,1611.38,1658.1,1340.0,1210.0,1795.0,1781.0,1402.67,1639.85,1670.0,1634.0,1285.43,1525.1,1744.36,2152.55,1266.76,1510.6,1485.0,1612.0,,
2022-12-26,1625.41164307249,1716.243115642026,1665.2527586292408,1724.5046264936336,1454.0,1654.0,1634.35,1736.59,1287.45,1524.7,1435.34,1663.66,1495.86,1559.53,1747.0,1818.0,1824.14,1810.69,1711.0,1712.0,1565.4,1643.35,1851.0,1985.0,1655.12,1749.39,1827.0,1791.0,1331.17,1595.06,1566.75,1778.38,1569.2,1693.2,1625.22,1689.77,1492.53,1654.55,1485.0,1597.0,1599.06,1643.27,1340.0,1210.0,1757.0,1754.0,1409.48,1652.5,1600.0,1607.0,1296.19,1532.83,1694.99,2118.33,1318.35,1545.02,1487.0,1616.0,,
2022-12-19,1629.665879694775,1722.1870019227558,1669.974750735653,1732.257874917345,1468.0,1666.0,1621.38,1722.54,1282.03,1518.36,1445.87,1675.31,1503.53,1564.15,1732.0,1821.0,1847.22,1796.13,1698.0,1697.0,1590.66,1661.75,1810.0,1922.0,1660.31,1742.73,1828.0,1792.0,1456.73,1671.33,1585.74,1770.11,1610.8,1756.7,1662.96,1717.14,1507.56,1664.43,1454.0,1637.0,1609.22,1655.1,1340.0,1210.0,1742.0,1751.0,1393.33,1634.72,1582.0,1608.0,1329.92,1566.63,1677.58,2138.68,1376.07,1581.91,1490.0,1617.0,,
2022-12-12,1646.221520943468,1726.8305742175846,1689.5512421318508,1739.7868392666387,1502.0,1690.0,1686.64,1743.1,1318.18,1560.49,1478.05,1703.33,1522.2,1577.2,1716.0,1775.0,1847.3,1730.33,1757.0,1757.0,1642.18,1710.97,1877.0,2021.0,1693.03,1732.05,1858.0,1807.0,1453.93,1682.68,1584.95,1734.23,1654.5,1817.8,1701.59,1770.08,1561.55,1712.34,1450.0,1549.0,1643.72,1699.83,1340.0,1210.0,1730.0,1713.0,1400.59,1634.14,1593.0,1563.0,1343.47,1583.98,1676.46,2088.56,1423.08,1611.83,1521.0,1657.0,,
2022-12-05,1685.1926815414492,1778.78811677021,1739.5960196349868,1798.7935193692945,1547.0,1735.0,1712.18,1789.69,1353.0,1601.19,1491.07,1746.58,1583.92,1645.07,1801.0,1854.0,1941.67,1865.02,1797.0,1856.0,1688.0,1763.96,1923.0,2077.0,1733.56,1820.22,1957.0,1890.0,1571.05,1790.49,1225.48,1457.14,1705.8,1887.6,1689.44,1764.68,1590.32,1749.69,1537.0,1671.0,1688.5,1752.33,1340.0,1210.0,1799.0,1784.0,1389.34,1638.89,1652.0,1643.0,1469.71,1716.49,1791.32,2237.01,1473.83,1645.85,1577.0,1718.0,,
2022-11-28,1699.0619208491357,1804.6998190594609,1754.217610998482,1826.25716547309,1597.0,1787.0,1754.2,1812.61,1380.97,1631.3,1532.21,1804.67,1635.12,1702.89,1818.0,1874.0,1928.27,1851.63,1797.0,1856.0,1730.54,1821.57,1955.0,2118.0,1756.55,1861.14,1989.0,1933.0,1571.51,1793.8,1249.48,1522.09,1759.0,1950.9,1659.8,1747.93,1614.98,1783.15,1539.0,1660.0,1714.28,1813.83,1340.0,1210.0,1808.0,1793.0,1392.05,1645.72,1648.0,1644.0,1507.75,1762.35,1786.5,2227.07,1483.94,1692.89,1614.0,1745.0,,
2022-11-21,1734.177016903636,1849.8995906193788,1794.7944153033193,1876.1088390671991,1666.0,1852.0,1832.56,1880.29,1407.61,1654.36,1532.57,1830.46,1677.53,1777.14,1855.0,1911.0,1981.8,1905.16,1675.0,1668.0,1764.66,1876.78,1993.0,2184.0,1782.84,1905.88,2052.0,1994.0,1586.08,1886.91,1257.5,1549.33,1800.1,2006.8,1697.11,1809.92,1646.85,1830.66,1591.0,1737.0,1752.32,1874.33,1340.0,1210.0,1849.72,1844.03,1398.12,1653.23,1703.0,1701.0,1539.24,1796.32,1793.8,2236.76,1492.67,1740.14,1670.0,1804.0,,
2022-11-14,1777.041222010604,1886.1061975890061,1838.3333225047807,1910.3890757647298,1715.0,1937.0,1920.91,2003.1,1416.86,1668.93,1522.75,1857.41,1718.97,1854.54,1923.0,1986.0,2062.33,2012.58,1889.0,1952.0,1784.84,1939.9,2028.0,2228.0,1685.52,1802.03,2106.0,2071.0,1585.24,1890.02,1279.16,1600.11,1812.3,2025.2,1709.93,1852.46,1682.24,1870.53,1723.0,1825.0,1795.37,1934.33,1340.0,1210.0,1944.0,1937.0,1410.46,1668.25,1785.0,1797.0,1566.26,1833.06,1925.3,2367.68,1462.81,1770.27,1725.0,1869.0,,
2022-11-07,1790.6652881291955,1932.437682827303,1852.898386536289,1957.390570643196,1736.0,2022.0,1837.34,2034.5,1416.96,1661.98,1497.52,1873.24,1730.42,1905.19,1974.0,2087.0,2115.79,2133.27,1890.0,1952.0,1771.32,1963.98,2046.0,2211.0,1679.66,1831.93,2094.0,2091.0,1516.29,1928.36,1291.65,1657.71,1819.0,2026.9,1687.73,1858.56,1694.96,1892.22,1722.0,1830.0,1795.37,1959.33,1340.0,1210.0,2029.0,2072.0,1412.1,1692.49,1823.0,1879.0,1558.03,1829.68,1962.98,2510.25,1448.71,1807.55,1724.0,1916.0,,
2022-10-31,1779.1717620235884,1954.0155927381938,1836.7781091789004,1986.0064994974123,1753.0,2042.0,1830.53,2122.63,1422.95,1666.17,1475.97,1888.95,1733.3,1926.62,1945.0,2131.0,2074.04,2131.8,1926.0,1971.0,1759.65,1971.43,2057.0,2227.0,1672.59,1867.76,2037.0,2109.0,1517.59,1940.51,1241.57,1492.56,1822.9,2024.2,1677.74,1865.54,1705.34,1905.14,1690.0,1982.0,1821.5,1975.5,1340.0,1210.0,2012.0,2131.0,1457.33,1707.68,1817.0,1941.0,1540.7,1804.85,1927.62,2540.78,1432.69,1736.78,1726.0,1910.0,,
2022-10-24,1786.969625975663,1965.217223816176,1848.3693190626316,1999.1371859945984,1764.0,2045.0,1837.05,2149.16,1428.01,1666.17,1473.63,1878.16,1752.39,1934.16,1962.0,2138.0,2089.13,2200.71,1927.0,1971.0,1763.29,1972.9,2055.0,2214.0,1704.97,1905.26,2026.0,2139.0,1473.25,1871.19,1265.11,1690.11,1823.8,2018.3,1691.24,1880.08,1713.36,1907.9,1717.0,2021.0,1834.0,1963.0,1340.0,1210.0,2024.0,2141.0,1432.3,1678.34,1835.0,1953.0,1533.61,1802.89,1937.9,2502.46,1426.71,1709.12,1735.0,1881.0,,
2022-10-17,1807.7340314288547,1961.0247500555824,1865.4851110989362,1998.9437848533323,1786.0,2048.0,1806.63,2144.71,1428.78,1641.02,1447.51,1803.32,1734.43,1892.44,2012.0,2156.0,2196.86,2214.33,1927.0,1946.0,1756.63,1949.2,2061.0,2175.0,1726.75,1921.08,2035.0,2141.0,1468.01,1783.43,1244.29,1634.47,1819.0,1979.0,1697.59,1882.67,1698.17,1911.52,1768.0,2038.0,1828.62,1931.38,1340.0,1210.0,2032.0,2118.0,1422.84,1663.79,1886.0,1954.0,1507.14,1765.95,2160.83,2560.58,1388.69,1659.0,1709.0,1827.0,,
2022-10-10,1774.0440050790705,1890.137896921415,1831.1056429517243,1920.5762192887908,1760.0,2007.0,1749.56,1975.12,1450.61,1609.62,1445.0,1780.95,1671.95,1807.68,2005.0,2141.0,2129.49,2173.85,1877.0,1876.0,1711.01,1856.6,2023.0,2106.0,1644.0,1803.47,2017.0,2053.0,1467.72,1783.08,1202.99,1529.3,1749.0,1869.0,1659.78,1788.98,1706.8,1870.96,1675.0,1970.0,1760.1,1822.82,1340.0,1210.0,1972.0,2042.0,1395.62,1631.27,1825.0,1856.0,1472.91,1719.2,2152.02,2559.13,1369.03,1630.08,1662.0,1778.0,,
2022-10-03,1723.0483817374827,1804.889925699364,1785.5671921207122,1837.6336285763416,1724.0,1955.0,1690.83,1906.62,1450.61,1602.98,1450.98,1800.59,1558.81,1751.25,1941.0,2016.0,2062.77,2026.46,1797.0,1796.0,1676.48,1808.35,1988.0,2072.0,1573.7,1695.61,1983.0,1895.0,1437.26,1767.92,1204.76,1511.43,1729.0,1849.0,1632.81,1738.33,1649.85,1763.9,1675.0,1840.0,1707.08,1759.65,1340.0,1210.0,1938.0,1949.0,1328.91,1511.98,1701.0,1752.0,1463.17,1701.42,2010.34,2325.48,1371.21,1672.8,1639.0,1759.0,,
2022-09-26,1715.7693692242908,1799.2408169780838,1788.806452861858,1833.0851090937301,1679.0,1917.0,1689.46,1885.4,1450.61,1601.08,1459.5,1824.9,1532.39,1749.15,1951.0,2013.0,2029.18,1985.48,1827.0,1846.0,1680.99,1822.01,1994.0,2051.0,1547.32,1659.3,1949.0,1823.0,1448.9,1779.94,1250.14,1556.92,1759.0,1879.0,1656.12,1761.73,1655.41,1774.18,1648.0,1810.0,1710.0,1762.77,1340.0,1210.0,1928.0,1943.0,1325.16,1506.37,1688.0,1737.0,1488.64,1724.91,1738.27,2202.79,1372.91,1712.03,1638.0,1813.0,,
2022-09-19,1738.8785008827856,1830.2161766760955,1814.0978567351808,1867.3434126400434,1705.0,1933.0,1675.19,1934.36,1476.63,1614.17,1485.02,1834.1,1573.2,1803.99,1985.0,2034.0,2035.68,1932.15,1827.0,1846.0,1708.99,1867.99,2012.0,2102.0,1554.73,1696.48,1954.0,1864.0,1449.05,1859.6,1271.11,1593.76,1799.0,1919.0,1691.49,1803.09,1661.07,1790.64,1640.0,1782.0,1735.18,1802.68,1340.0,1210.0,1945.0,1979.0,1327.95,1531.07,1695.0,1760.0,1536.37,1754.26,1760.39,2138.93,1449.93,1760.46,1642.0,1847.0,,
2022-09-12,1766.3816944115144,1886.1594123870157,1844.5140563888676,1923.3619848987923,1751.0,1958.0,1654.66,1990.61,1512.42,1644.85,1523.47,1836.3,1597.25,1822.99,2017.0,2135.0,1995.56,2013.04,1897.0,1896.0,1748.56,1905.73,2075.0,2166.0,1568.97,1754.74,1964.0,1912.0,1455.81,1860.76,1291.72,1629.41,1839.0,1949.0,1722.22,1827.79,1699.9,1831.63,1586.0,1877.0,1756.62,1836.57,1340.0,1210.0,1988.0,2037.0,1363.47,1584.71,1703.0,1823.0,1568.13,1819.68,1755.04,2290.35,1516.66,1802.21,1676.0,1847.0,,
2022-09-05,1798.2805019994394,1900.974630268279,1877.8589493239272,1936.4413747352387,1744.0,1900.0,1688.58,2021.06,1543.1,1665.3,1551.48,1815.38,1643.25,1847.17,2068.0,2159.0,2035.93,2066.86,1897.0,1896.0,1779.6,1921.21,2085.0,2146.0,1618.57,1780.07,2001.0,1941.0,1532.33,1789.21,1289.97,1659.14,1849.0,1959.0,1746.58,1838.4,1725.96,1842.01,1608.0,1826.0,1788.42,1841.87,1340.0,1210.0,2011.0,2047.0,1376.23,1613.27,1719.0,1829.0,1639.82,1832.19,1785.91,2300.31,1520.01,1725.46,1729.0,1821.0,,
2022-08-29,1769.4594204629843,1903.1562253024156,1832.2965770191392,1937.9969356498486,1758.0,1865.0,1733.5,2005.34,1558.44,1665.3,1562.08,1816.1,1648.1,1828.2,1836.0,2077.0,2116.19,2147.11,1897.0,1896.0,1794.16,1882.55,2122.0,2132.0,1779.66,1948.81,2052.0,1941.0,1533.17,1789.83,1284.24,1624.47,1849.0,1899.0,1761.48,1808.69,1759.24,1841.37,1655.0,1900.0,1815.48,1817.52,1340.0,1210.0,2048.0,2061.0,1385.24,1604.55,1781.0,1865.0,1666.32,1796.07,1856.42,2429.15,1522.32,1677.17,1729.0,1792.0,,
2022-08-22,1754.73128993289,1819.9239102388156,1814.230948264647,1853.063815078767,1765.0,1799.0,1718.91,1892.03,1573.78,1655.08,1587.86,1828.15,1635.31,1718.43,1792.0,1975.0,2116.44,2066.69,1896.0,1796.0,1786.97,1816.15,2115.0,2090.0,1770.74,1840.0,2043.0,1839.0,1533.16,1754.96,1290.01,1586.26,1859.0,1869.0,1749.31,1744.4,1764.78,1787.79,1638.0,1804.0,1820.27,1762.98,1340.0,1210.0,2038.0,1940.0,1371.95,1507.08,1777.0,1771.0,1654.82,1765.53,1870.33,2345.26,1554.87,1705.5,1730.0,1769.0,,
2022-08-15,1766.962193926674,1798.769747040133,1816.9465423097336,1828.2358977943172,1761.0,1770.0,1741.73,1881.04,1589.12,1675.53,1623.6,1873.75,1668.6,1738.23,1767.0,1924.0,2116.36,1972.49,1897.0,1797.0,1797.57,1806.08,2122.0,2084.0,1779.38,1789.91,2043.0,1806.0,1549.55,1758.81,1294.14,1551.19,1879.0,1889.0,1770.22,1756.53,1762.88,1758.75,1638.0,1717.0,1831.4,1778.53,1340.0,1210.0,2061.0,1942.0,1461.37,1521.62,1787.0,1729.0,1668.93,1762.56,1871.88,2259.0,1569.17,1723.7,1734.0,1773.0,,
2022-08-08,1795.036193818635,1827.5413445006498,1851.2299648890203,1860.9390343561324,1860.0,1866.0,1779.98,1914.78,1614.68,1695.98,1702.97,1884.38,1746.28,1795.39,1760.0,1906.0,2085.88,1974.33,1931.0,1820.0,1860.78,1854.26,2164.0,2121.0,1836.17,1839.31,2087.0,1843.0,1640.78,1843.51,1313.44,1579.0,1939.0,1949.0,1830.6,1811.28,1784.25,1777.41,1636.0,1713.0,1855.42,1823.03,1340.0,1210.0,2085.0,1966.0,1455.63,1522.43,1805.0,1746.0,1651.07,1776.29,1866.67,2233.48,1627.44,1742.52,1784.0,1820.0,,
2022-08-01,1850.9566834442567,1874.2559621956714,1901.621480614657,1904.841099279942,1964.0,1976.0,1846.62,1975.83,1640.4,1726.4,1748.26,1897.12,1821.06,1843.06,1814.0,1943.0,2218.73,2080.4,1957.0,1907.0,1902.56,1893.32,2190.0,2153.0,1844.85,1878.23,2154.0,1900.0,1642.87,1856.0,1290.79,1558.17,1979.9,1985.8,1877.15,1851.65,1827.39,1821.28,1742.0,1816.0,1877.77,1860.17,1340.0,1210.0,2131.0,1997.0,1533.07,1590.39,1889.0,1830.0,1675.42,1801.69,2012.96,2370.07,1650.69,1742.97,1829.0,1861.0,,
2022-07-25,1875.932116088661,1898.5469703578526,1931.7755027781998,1933.147579751739,1996.0,2010.0,1875.28,2000.24,1692.4,1767.05,1790.75,1947.77,1881.27,1894.52,1817.0,1939.0,2192.1,2067.19,1758.0,1684.0,1954.71,1933.06,2245.0,2215.0,1923.96,1934.29,2184.0,1933.0,1774.85,1919.41,1245.45,1465.2,2019.0,2009.0,1937.48,1894.46,1867.2,1861.01,1715.0,1749.0,1902.03,1896.62,1340.0,1210.0,2143.0,1996.0,1547.47,1606.31,1895.0,1857.0,1680.9,1807.02,1984.94,2366.86,1704.63,1792.0,1833.0,1864.0,,
2022-07-18,1925.120233422007,1932.9680542460899,1984.9772122259556,1975.089935845172,2040.0,2036.0,1910.24,2026.63,1707.89,1782.6,1802.81,1963.98,1925.09,1925.21,1864.0,1977.0,2246.26,2121.31,2004.0,1944.0,2026.03,1971.61,2307.0,2244.0,2000.79,1969.56,2279.0,1980.0,1837.08,1896.98,1225.32,1431.32,2071.0,2061.4,1988.71,1940.89,1905.25,1894.46,1724.0,1828.0,1946.85,1938.77,1340.0,1210.0,2190.0,2051.0,1558.29,1590.58,1908.0,1955.0,1709.5,1832.43,2119.32,2443.64,1746.7,1839.33,1882.0,1898.0,,
2022-07-11,1957.7413403423843,1950.4515819267297,2026.5337936867502,2000.199116749225,2100.0,2092.0,1990.69,2043.71,1707.89,1782.6,1826.99,1988.58,1936.65,1939.74,1884.0,1965.0,2327.52,2121.91,2047.0,1946.0,2072.79,2022.5,2339.0,2301.0,2028.94,1994.57,2344.0,2012.0,1850.89,1925.78,1204.6,1411.21,2129.0,2119.0,2028.44,1981.63,1946.7,1932.86,1799.0,1846.0,2011.6,1996.42,1340.0,1210.0,2251.0,2112.0,1556.32,1573.91,2019.0,1923.0,1721.8,1831.13,2101.59,2388.28,1759.65,1848.35,1911.0,1903.0,,
2022-07-04,1991.8005363902137,1995.9500793132656,2059.120181454145,2047.0722876348527,2086.0,2072.0,2006.43,2111.17,1724.1,1792.62,1826.7,1989.46,1935.34,1940.72,1900.0,2000.0,2382.01,2162.9,2169.0,1949.0,2112.93,2076.49,2409.0,2362.0,2082.32,2064.32,2392.0,2076.0,1850.44,1947.25,1223.2,1455.86,2159.0,2139.0,2065.05,2022.53,1984.99,1974.42,1878.0,1848.0,2043.17,2061.83,1340.0,1210.0,2306.0,2161.0,1634.14,1642.51,2084.0,1993.0,1726.52,1832.71,2103.33,2405.95,1772.32,1865.51,1946.0,1946.0,,
2022-06-27,2013.382486463116,2033.4165285043637,2078.9025631421428,2085.805863034997,2102.0,2079.0,2042.99,2178.01,1714.08,1787.4,1819.41,1976.07,1934.03,1949.28,1929.0,2048.0,2435.22,2269.92,2147.0,2067.0,2128.58,2100.48,2523.0,2489.0,2086.74,2130.19,2400.0,2126.0,1848.33,1930.36,1216.94,1463.77,2169.0,2149.0,2073.98,2033.83,2048.15,2007.24,1897.0,1964.0,2096.0,2107.63,1340.0,1210.0,2336.0,2185.0,1664.11,1680.09,2101.0,2066.0,1733.17,1838.7,2181.74,2496.7,1606.53,1724.54,1914.0,1916.0,,
2022-06-20,2032.334861603369,2027.227192668565,2100.193434644768,2077.4998887062725,2089.0,2069.0,2110.83,2173.44,1690.87,1740.98,1800.78,1879.68,1934.29,1934.41,1974.0,2061.0,2435.91,2310.89,2169.0,1949.0,2141.58,2076.53,2545.0,2451.0,2128.98,2134.54,2424.0,2113.0,1830.4,1836.65,1226.77,1470.06,2169.0,2109.0,2063.48,2006.04,2065.3,2008.9,1943.0,1996.0,2103.67,2072.0,1340.0,1210.0,2356.0,2187.0,1702.67,1691.39,2121.0,2080.0,1731.88,1837.27,2160.85,2528.23,1560.0,1668.0,1913.0,1864.0,,
2022-06-13,2033.8069731845467,1979.8228206912952,2097.900076722595,2025.2709234323022,2048.0,2023.0,2107.04,2112.05,1665.35,1690.0,1783.59,1861.29,1914.33,1885.74,2007.0,2041.0,2490.69,2275.63,2119.0,1949.0,2117.09,2003.73,2558.0,2399.0,2130.95,2069.35,2408.0,2035.0,1829.42,1835.8,1230.15,1464.87,2169.0,2059.0,2014.26,1935.27,2062.46,1932.3,1996.0,1979.0,2100.5,2000.67,1340.0,1210.0,2369.0,2168.0,1707.1,1661.98,2170.0,2024.0,1726.24,1825.83,2229.37,2487.19,1560.0,1668.0,1912.0,1838.0,,
2022-06-06,2007.8902882995178,1902.9818529465667,2058.057096422637,1937.9867649711462,1988.0,1923.0,2023.38,1984.2,1624.76,1655.18,1760.55,1840.48,1857.25,1833.74,1999.0,1980.0,2544.7,2181.74,2112.0,1945.0,2048.58,1916.9,2499.0,2274.0,2101.17,1961.46,2356.0,1933.0,1873.26,1836.3,1263.21,1414.17,2049.0,1969.0,1940.54,1851.52,2029.45,1863.17,2017.0,1896.0,2038.83,1942.75,1340.0,1210.0,2368.0,2065.0,1728.95,1630.85,2171.0,1893.0,1678.06,1784.53,2303.2,2472.16,1560.0,1668.0,1852.0,1778.0,,
2022-05-30,1988.013658170459,1849.7146239464698,2054.6437969195454,1887.821784698014,1826.0,1826.0,1947.38,1909.37,1594.54,1644.39,1715.16,1812.46,1883.7,1862.74,2193.0,2037.0,2410.24,2047.29,2011.0,1857.0,1968.44,1852.21,2368.0,2210.0,1962.94,1828.05,2277.0,1862.0,1867.21,1805.33,1240.97,1404.9,1989.0,1929.0,1885.46,1812.79,1908.97,1776.27,1888.0,1790.0,1944.0,1850.17,1340.0,1210.0,2250.0,1962.0,1634.24,1547.65,2055.0,1789.0,1653.61,1762.29,2168.85,2270.87,1560.0,1668.0,1827.0,1763.0,,
2022-05-23,1959.9087313669988,1850.698735695079,2031.5222385834672,1891.0900041539835,1808.0,1839.0,1967.77,1944.09,1577.36,1644.85,1670.93,1814.4,1872.77,1876.19,2154.0,2010.0,2315.46,1952.62,1995.0,1795.0,1940.36,1867.03,2370.0,2240.0,1972.15,1852.02,2267.0,1869.0,1807.11,1821.32,1257.41,1415.65,1939.5,1934.7,1873.11,1819.95,1856.95,1771.83,1827.0,1704.0,1918.0,1878.67,1340.0,1210.0,2225.0,1954.0,1585.04,1554.91,2016.0,1765.0,1630.5,1754.26,2088.68,2189.61,1560.0,1668.0,1800.0,1782.0,,
2022-05-16,1918.1921671737248,1872.3302605478386,1989.429777055928,1915.5149706365412,1774.0,1858.0,1925.81,1998.94,1541.47,1634.83,1603.91,1804.44,1811.13,1871.15,2131.0,2039.0,2221.24,2006.24,1956.0,1845.0,1897.84,1887.07,2257.0,2242.0,1892.2,1878.4,2205.0,1890.0,1790.76,1880.09,1243.7,1397.35,1859.0,1949.0,1823.14,1827.96,1802.26,1790.18,1806.0,1745.0,1860.83,1895.33,1340.0,1210.0,2179.0,1988.0,1538.69,1558.56,1952.0,1797.0,1611.11,1757.26,2078.72,2254.38,1632.43,1794.85,1777.0,1797.0,,
2022-05-09,1881.6476675487918,1898.7842113421636,1960.8750952445394,1946.0639265196073,1755.0,1875.0,1875.58,2040.87,1518.92,1619.75,1566.62,1773.73,1762.36,1851.33,2093.0,2075.0,2208.78,2074.34,1894.0,1894.0,1878.26,1911.49,2218.0,2242.0,1865.8,1943.83,2171.0,1911.0,1706.11,1851.6,1252.18,1406.56,1839.0,1929.0,1808.27,1830.6,1745.77,1773.06,1790.0,1818.0,1840.33,1900.88,1340.0,1210.0,2153.0,2046.0,1454.16,1583.62,1915.0,1840.0,1586.36,1748.58,1964.51,2257.08,1560.39,1668.1,1776.0,1797.0,,
2022-05-02,1848.1156794468525,1873.461770220557,1921.9651495035548,1912.8005468349618,1732.0,1859.0,1821.53,1989.82,1495.65,1580.99,1526.83,1744.29,1739.01,1829.84,2059.0,2075.0,2181.72,2087.62,1894.0,1855.0,1837.22,1872.79,2159.0,2189.0,1802.27,1881.46,2107.0,1858.0,1665.52,1812.86,1267.79,1408.59,1819.0,1899.0,1778.28,1791.12,1704.22,1763.71,1744.0,1841.0,1805.33,1870.0,1340.0,1210.0,2112.0,2022.0,1422.96,1587.35,1878.0,1840.0,1547.44,1712.3,1993.75,2386.22,1503.0,1541.0,1721.0,1742.0,,
2022-04-25,1829.7138751604384,1852.6372982740709,1902.1539018966641,1891.815254966354,1719.0,1832.0,1763.28,1942.72,1485.22,1548.52,1507.59,1736.09,1742.98,1830.58,2029.0,2039.0,2087.62,2006.96,1834.0,1795.0,1817.07,1847.41,2174.0,2198.0,1790.16,1875.9,2074.0,1825.0,1642.82,1766.86,1282.81,1423.67,1819.0,1899.0,1766.28,1767.42,1672.15,1726.56,1685.0,1756.0,1778.83,1821.83,1340.0,1210.0,2088.0,1997.0,1399.71,1557.19,1975.0,1926.0,1536.6,1699.24,2019.5,2407.71,1503.0,1541.0,1698.0,1711.0,,
2022-04-11,1821.4400592284119,1821.387395629588,1896.090606193925,1859.894901773365,1689.0,1797.0,1787.28,1894.73,1485.22,1548.52,1487.29,1727.81,1754.51,1858.69,2026.0,1999.0,2020.84,1872.94,1785.0,1755.0,1790.7,1813.87,2166.0,2217.0,1792.82,1820.47,2046.0,1817.0,1629.52,1769.49,1268.58,1391.16,1826.1,1906.0,1765.36,1760.56,1683.97,1749.9,1701.0,1683.0,1787.55,1809.72,1340.0,1210.0,2085.0,2003.0,1384.41,1525.25,1948.0,1864.0,1561.63,1704.15,1991.21,2331.18,1503.0,1541.0,1734.0,1713.0,,
2022-04-04,1850.203401180618,1874.2007791672625,1921.7447663296352,1910.650344183996,1716.0,1843.0,1807.61,2018.78,1480.83,1496.22,1460.75,1720.38,1813.98,1926.11,2056.0,2058.0,2087.79,1926.46,1843.0,1815.0,1813.01,1847.03,2150.0,2253.0,1832.4,1891.04,2059.0,1894.0,1678.62,1878.74,1299.89,1422.26,1859.0,1939.0,1792.72,1788.17,1697.12,1776.42,1733.0,1757.0,1810.88,1839.38,1340.0,1210.0,2112.0,2036.0,1420.24,1606.28,1989.0,1927.0,1564.78,1693.44,2032.28,2438.16,1503.0,1541.0,1758.0,1725.0,,
2022-03-28,1898.7445047071021,1948.5983737541917,1985.5563584269155,2000.648740573524,1756.0,1898.0,1760.16,1961.74,1463.44,1496.22,1426.37,1693.3,1798.62,1917.0,2126.0,2179.0,2127.89,2141.33,1869.0,1882.0,1818.2,1837.19,2144.0,2217.0,2004.15,2116.49,2067.0,1977.0,1591.6,1674.92,1282.61,1385.64,1839.0,1909.0,1870.44,1857.88,1724.86,1818.39,1754.0,1945.0,1819.88,1831.38,1340.0,1210.0,2331.0,2187.0,1411.83,1626.64,2027.0,1995.0,1595.7,1697.55,2072.34,2514.75,1502.88,1541.0,1701.0,1666.0,,
2022-03-21,1930.542415884107,1929.459850263656,2030.9298116876948,1990.4656405054807,1738.0,1828.0,1753.1,1878.2,1467.48,1483.54,1407.84,1682.45,1775.76,1858.97,2144.0,2173.0,2046.74,1966.11,1834.0,1845.0,1813.41,1797.63,2130.0,2215.0,1973.65,1975.54,2040.0,1907.0,1737.82,1913.17,1281.39,1375.74,1839.0,1889.0,2137.19,2124.56,1731.08,1817.15,1687.0,1761.0,1824.33,1733.33,1340.0,1210.0,2288.0,2152.0,1405.14,1545.59,1927.0,1847.0,1612.09,1633.52,2042.98,2474.64,1552.62,1636.95,1700.0,1608.0,,
2022-03-14,1999.3510896914224,2014.0607678837227,2112.921939056256,2089.7385471191687,1987.0,2023.0,1950.63,2142.89,1444.83,1469.94,1408.18,1552.33,1851.59,1976.98,2259.0,2312.0,2073.79,1912.51,1930.0,1956.0,1844.63,1817.36,2229.0,2333.0,2082.49,2140.67,2110.0,1997.0,1625.32,1725.0,1283.29,1327.24,1879.0,1939.0,2184.58,2154.63,1772.69,1865.6,1733.0,1695.0,1880.78,1816.63,1340.0,1210.0,2336.0,2220.0,1461.45,1648.39,2028.0,1979.0,1611.44,1632.86,2033.44,2349.1,1503.36,1543.99,1639.0,1548.0,,
2022-03-07,1844.5688661451939,1778.9147692227154,1939.6475902005836,1833.2343348030197,1691.0,1719.0,1811.7,1924.27,1374.94,1385.57,1437.06,1493.04,1703.21,1798.9,2067.0,2032.0,2073.76,1925.92,1776.0,1726.0,1679.83,1581.01,2095.0,2031.0,1888.92,1883.12,1944.0,1685.0,1537.04,1567.33,1220.23,1220.32,1919.0,1859.0,1953.14,1829.33,1661.54,1671.19,1658.0,1728.0,1688.95,1603.33,1340.0,1210.0,2236.0,1972.0,1312.79,1409.48,1917.0,1812.0,1482.2,1499.98,2038.81,2393.69,1446.48,1470.19,1574.0,1476.0,,
2022-02-28,1735.4438637122773,1624.6413534127546,1820.9546731281346,1676.122869550841,1528.0,1520.0,1734.85,1783.0,1334.49,1345.74,1426.73,1482.19,1554.47,1527.54,1873.0,1738.0,1951.51,1723.03,1687.0,1536.0,1608.84,1496.79,1963.0,1880.0,1813.34,1741.54,1913.0,1645.0,1526.53,1546.49,1297.78,1297.93,1819.0,1719.0,1868.86,1740.47,1551.61,1526.67,1595.0,1500.0,1601.12,1475.67,1340.0,1210.0,2099.0,1788.0,1242.87,1252.22,1832.0,1675.0,1394.55,1398.02,1880.82,2119.84,1427.02,1445.8,1565.0,1471.0,,
2022-02-21,1697.8264832719508,1585.8375037903636,1782.1385797884438,1637.579853567632,1478.0,1464.0,1701.0,1740.33,1283.41,1299.57,1421.2,1479.71,1536.37,1497.88,1804.0,1663.0,1911.37,1655.98,1664.0,1512.0,1591.66,1479.49,1937.0,1862.0,1792.41,1705.12,1884.0,1621.0,1528.8,1543.66,1341.93,1342.14,1761.8,1669.5,1849.94,1722.36,1509.56,1462.08,1576.0,1500.0,1582.45,1441.67,1340.0,1210.0,2055.0,1746.0,1191.27,1200.17,1813.0,1656.0,1377.9,1370.59,1816.59,2031.91,1406.98,1440.13,1558.0,1463.0,,
2022-02-14,1687.823840954648,1577.8205996326851,1773.3751890605706,1631.0889033366714,1470.0,1457.0,1684.6,1748.31,1264.55,1285.66,1403.8,1468.04,1513.88,1475.03,1806.0,1666.0,1897.57,1655.67,1648.0,1496.0,1575.46,1462.7,1929.0,1852.0,1781.0,1699.54,1865.0,1607.0,1528.3,1537.06,1343.63,1343.82,1769.0,1689.0,1835.26,1708.19,1497.05,1448.36,1553.0,1500.0,1559.28,1420.17,1340.0,1210.0,2048.0,1748.0,1168.78,1178.31,1801.0,1648.0,1364.34,1354.14,1819.65,2042.14,1382.8,1422.39,1538.0,1443.0,,
2022-02-07,1673.1869042370101,1565.6445553088035,1756.513943551844,1617.406504748008,1453.0,1441.0,1673.25,1730.47,1255.96,1280.86,1378.0,1456.38,1518.66,1481.01,1789.0,1663.0,1869.89,1641.52,1636.0,1492.0,1558.88,1444.36,1906.0,1829.0,1765.36,1685.38,1850.0,1593.0,1536.3,1527.79,1357.17,1357.45,1743.9,1650.8,1819.32,1690.59,1490.72,1439.09,1527.0,1475.0,1543.78,1407.5,1340.0,1210.0,2028.0,1729.0,1151.94,1161.53,1783.0,1638.0,1360.71,1346.15,1818.19,2055.17,1379.59,1419.86,1517.0,1423.0,,
2022-01-31,1668.6774593980176,1561.0521665922945,1737.9440793197334,1599.37360903356,1439.0,1430.0,1656.86,1708.4,1240.72,1267.36,1355.96,1430.06,1492.94,1454.25,1772.0,1644.0,1857.05,1628.62,1616.0,1487.0,1538.04,1422.17,1888.0,1811.0,1746.44,1670.43,1824.0,1566.0,1524.31,1520.19,1342.76,1343.21,1739.0,1649.0,1796.72,1667.29,1472.58,1407.41,1527.0,1440.0,1525.95,1383.33,1340.0,1210.0,2010.0,1716.0,1282.94,1292.81,1758.0,1621.0,1319.58,1309.78,1801.12,2035.94,1370.96,1465.28,1517.0,1423.0,,
2022-01-24,1649.15447850228,1541.2704952937534,1717.4886686500215,1578.7321445128655,1427.0,1418.0,1648.27,1690.76,1227.02,1250.84,1337.22,1419.96,1475.21,1436.4,1743.0,1616.0,1843.32,1614.92,1586.0,1472.0,1520.46,1403.82,1892.0,1804.0,1724.88,1654.02,1778.0,1518.0,1524.37,1519.99,1329.29,1322.6,1729.0,1629.0,1778.64,1647.14,1463.04,1388.38,1497.0,1440.0,1503.95,1353.5,1340.0,1210.0,2002.0,1698.0,1273.98,1285.14,1736.0,1591.0,1307.11,1294.36,1753.65,1971.19,1350.71,1453.15,1499.0,1404.0,,
2022-01-17,1633.7772871811485,1521.582559057697,1700.1824721819132,1555.5638533671947,1418.0,1408.0,1625.36,1684.7,1192.86,1226.61,1319.92,1410.85,1471.82,1432.3,1732.0,1604.0,1816.79,1588.35,1584.0,1410.0,1502.33,1380.66,1857.0,1761.0,1706.9,1621.4,1778.0,1518.0,1495.72,1492.53,1338.53,1340.44,1678.0,1579.0,1754.31,1620.24,1453.75,1369.78,1475.0,1409.0,1488.71,1335.85,1340.0,1210.0,1985.0,1666.0,1262.28,1273.34,1705.0,1551.0,1285.18,1276.07,1760.6,2009.22,1342.37,1436.75,1479.0,1384.0,,
2022-01-10,1624.4117825536648,1504.6655697841404,1689.1514813041483,1535.8703115134942,1406.0,1395.0,1646.84,1668.29,1197.98,1216.38,1316.59,1411.93,1474.69,1434.62,1722.0,1594.0,1804.22,1589.12,1545.0,1372.0,1489.51,1359.84,1862.0,1747.0,1682.32,1588.35,1761.0,1494.0,1486.36,1465.5,1331.11,1331.53,1678.3,1579.3,1733.4,1598.01,1450.11,1356.27,1475.0,1409.0,1472.8,1315.7,1340.0,1210.0,1979.0,1645.0,1260.69,1270.13,1701.0,1541.0,1266.13,1255.92,1757.12,1999.75,1329.75,1399.4,1462.0,1366.0,,
2022-01-03,1614.6741585011707,1482.5037044879907,1680.838712536738,1513.454603381305,1395.0,1380.0,1640.0,1654.0,1192.86,1216.38,1315.05,1415.83,1445.77,1410.55,1718.0,1573.0,1804.2,1548.76,1602.0,1370.0,1479.63,1347.15,1875.0,1759.0,1629.32,1536.7,1747.0,1482.0,1484.9,1463.49,1293.16,1286.52,1677.3,1575.3,1723.06,1587.92,1446.59,1347.85,1475.0,1382.0,1458.2,1298.94,1340.0,1210.0,1976.0,1620.0,1246.44,1253.51,1693.0,1513.0,1253.97,1239.82,1757.03,1968.76,1318.03,1367.28,1457.0,1363.0,,
2021-12-20,1594.0000528454802,1470.1820080343985,1658.5186468341967,1501.37400395844,1398.0,1389.0,1615.11,1626.98,1192.86,1216.38,1323.83,1423.12,1435.29,1398.59,1659.0,1518.0,1764.32,1535.71,1512.0,1333.0,1476.46,1344.36,1794.0,1651.0,1634.59,1531.63,1737.0,1477.0,1485.7,1477.98,1293.74,1288.09,1699.3,1597.7,1722.46,1587.14,1458.82,1359.8,1440.0,1338.0,1461.88,1302.17,1340.0,1210.0,1963.0,1597.0,1241.61,1250.49,1664.0,1503.0,1218.21,1214.89,1671.29,1829.05,1286.13,1397.52,1465.0,1369.0,,
2021-12-13,1600.8780324934658,1476.1276383725246,1662.0457548437132,1503.4822551427997,1397.0,1388.0,1561.35,1607.16,1192.86,1216.38,1340.77,1428.88,1431.05,1393.33,1671.0,1530.0,1777.79,1535.73,1527.0,1341.0,1479.53,1346.64,1775.0,1636.0,1632.02,1525.49,1740.0,1485.0,1449.14,1474.54,1271.9,1285.74,1700.5,1603.8,1725.35,1590.37,1448.32,1346.71,1422.0,1338.0,1478.76,1320.61,1340.0,1210.0,1975.0,1606.0,1294.03,1297.61,1661.0,1499.0,1215.44,1210.22,1669.63,1835.89,1302.28,1415.11,1473.0,1375.0,,
2021-12-06,1604.8395230554086,1483.5540360970067,1665.1139456332753,1510.6334091571123,1405.0,1392.0,1581.77,1604.36,1203.09,1226.61,1344.0,1433.0,1444.04,1404.11,1663.0,1523.0,1724.0,1508.84,1547.0,1347.0,1488.04,1354.78,1818.0,1643.0,1633.98,1553.65,1740.0,1485.0,1482.23,1481.3,1313.49,1315.54,1719.8,1619.3,1732.9,1597.75,1456.93,1351.36,1364.0,1312.0,1496.3,1341.35,1340.0,1210.0,1979.0,1607.0,1308.27,1309.44,1659.0,1498.0,1217.21,1220.82,1663.49,1829.13,1343.01,1442.78,1486.0,1380.0,,
2021-11-29,1631.7757223724552,1497.9798936720736,1696.8465261722713,1529.487247607272,1426.0,1407.0,1641.65,1668.75,1213.42,1236.83,1361.72,1444.58,1443.26,1397.06,1714.0,1550.0,1820.7,1598.83,1540.0,1346.0,1509.28,1376.55,1857.0,1675.0,1652.88,1553.65,1763.0,1509.0,1482.4,1481.34,1300.12,1301.41,1722.8,1642.0,1742.76,1607.49,1468.56,1363.42,1468.0,1394.0,1529.2,1369.8,1340.0,1210.0,2007.0,1634.0,1287.86,1287.04,1699.0,1527.0,1244.49,1255.81,1726.19,1832.7,1357.49,1450.44,1500.0,1395.0,,
2021-11-22,1645.8334127032442,1502.929991387165,1712.9541857372883,1535.1514416089478,1425.0,1406.0,1717.54,1682.59,1214.85,1235.81,1364.98,1445.03,1465.97,1420.09,1741.0,1561.0,1834.12,1585.36,1579.0,1385.0,1512.73,1380.57,1874.0,1681.0,1665.14,1556.03,1764.0,1512.0,1484.47,1482.88,1299.57,1299.9,1730.8,1621.2,1746.87,1611.31,1466.22,1356.98,1526.0,1394.0,1531.33,1394.0,1340.0,1210.0,2019.0,1646.0,1284.56,1281.29,1718.0,1532.0,1251.71,1256.24,1753.85,1864.44,1363.79,1473.84,1499.0,1394.0,,
2021-11-15,1653.9354551055671,1509.486424826914,1717.825569205539,1539.9991519275227,1438.0,1418.0,1686.24,1684.64,1209.58,1220.52,1365.59,1445.05,1474.36,1432.68,1760.0,1573.0,1887.73,1612.1,1573.0,1370.0,1513.03,1385.64,1864.0,1676.0,1658.96,1557.67,1768.0,1514.0,1480.94,1470.56,1310.44,1310.98,1718.6,1620.4,1749.56,1612.92,1466.74,1367.34,1526.0,1394.0,1520.0,1394.83,1340.0,1210.0,2011.0,1642.0,1294.25,1293.2,1729.0,1541.0,1255.92,1267.03,1799.84,1903.97,1371.51,1473.6,1500.0,1395.0,,
2021-11-08,1653.7456522224995,1510.3291605678342,1713.9007878651587,1537.2143871390547,1427.0,1411.0,1673.09,1676.84,1209.22,1211.78,1365.49,1444.33,1470.66,1429.39,1752.0,1575.0,1874.08,1611.93,1573.0,1371.0,1510.0,1384.35,1917.0,1652.0,1662.55,1549.32,1774.0,1515.0,1476.3,1463.0,1401.02,1430.97,1714.3,1614.5,1750.76,1613.84,1442.18,1343.63,1502.0,1394.0,1508.0,1401.33,1340.0,1210.0,1992.0,1639.0,1302.68,1303.34,1737.0,1540.0,1276.62,1268.57,1798.61,1908.16,1365.67,1470.55,1498.0,1394.0,,
2021-11-01,1643.2855793913618,1507.9629663535043,1703.2126858930524,1535.3276367475116,1410.0,1402.0,1644.03,1657.96,1199.15,1196.44,1350.17,1409.62,1436.22,1400.8,1742.0,1571.0,1833.43,1598.2,1570.0,1371.0,1505.85,1381.95,1815.0,1644.0,1659.59,1556.65,1773.0,1515.0,1475.02,1461.74,1406.81,1433.69,1696.5,1594.5,1749.25,1613.08,1399.0,1309.0,1502.0,1418.0,1495.0,1401.67,1340.0,1210.0,1978.0,1640.0,1294.56,1295.04,1733.0,1542.0,1282.71,1280.47,1804.41,1943.11,1356.22,1452.09,1499.0,1394.0,,
2021-10-25,1633.4538888890286,1501.0061578873488,1695.1825949724207,1529.8982771063895,1404.0,1398.0,1629.34,1642.39,1189.79,1196.44,1348.3,1422.48,1415.87,1379.23,1735.0,1569.0,1819.92,1584.7,1574.0,1371.0,1497.2,1373.56,1807.0,1635.0,1648.77,1553.13,1765.0,1510.0,1474.63,1461.35,1358.39,1406.05,1648.8,1559.9,1745.84,1607.9,1427.7,1343.8,1477.0,1395.0,1487.41,1388.45,1340.0,1210.0,1966.0,1637.0,1285.75,1285.11,1723.0,1538.0,1277.55,1271.86,1786.9,1926.2,1342.12,1430.8,1498.0,1373.0,,
2021-10-18,1625.539311242593,1493.391507822109,1686.2800678056326,1521.203190958263,1398.0,1380.0,1621.78,1644.25,1179.47,1181.15,1333.46,1397.38,1412.64,1366.01,1730.0,1560.0,1806.45,1598.12,1548.0,1345.0,1483.7,1357.86,1762.0,1601.0,1656.68,1558.27,1753.0,1496.0,1478.32,1465.01,1361.61,1403.26,1648.8,1559.9,1733.84,1593.18,1406.44,1315.27,1460.0,1395.0,1458.15,1359.12,1340.0,1210.0,1959.0,1628.0,1286.15,1285.64,1724.0,1536.0,1276.62,1254.98,1766.18,1917.91,1319.12,1411.34,1475.0,1350.0,,
2021-10-11,1603.3208406628046,1466.689139916908,1662.0447866707775,1491.8880109150523,1382.0,1353.0,1568.58,1593.35,1158.96,1150.88,1324.32,1368.94,1390.53,1337.3,1702.0,1522.0,1779.28,1584.42,1527.0,1324.0,1466.51,1335.29,1756.0,1590.0,1633.2,1535.4,1739.0,1474.0,1494.11,1487.06,1339.96,1372.49,1594.3,1501.7,1713.07,1567.13,1375.39,1293.58,1426.0,1376.0,1405.8,1304.94,1340.0,1210.0,1935.0,1595.0,1276.53,1273.65,1710.0,1513.0,1257.2,1233.23,1745.8,1897.53,1288.2,1374.07,1449.0,1326.0,,
2021-10-04,1575.2272991141488,1432.1415218091372,1629.9231672524713,1454.433446928801,1342.0,1307.0,1543.78,1570.99,1143.06,1130.18,1309.48,1340.95,1355.69,1292.3,1667.0,1474.0,1766.75,1531.45,1488.0,1294.0,1448.15,1309.47,1738.0,1561.0,1604.08,1497.03,1711.0,1438.0,1469.1,1454.42,1311.59,1351.83,1570.8,1470.8,1686.89,1536.73,1344.3,1251.63,1398.0,1328.0,1387.29,1284.8,1340.0,1210.0,1862.0,1516.0,1279.73,1265.26,1695.0,1502.0,1232.95,1208.03,1710.95,1851.43,1284.85,1345.84,1429.0,1303.0,,
2021-09-27,1554.2644391616598,1403.510342610555,1610.5009802670274,1427.3469626188376,1325.0,1277.0,1522.57,1529.19,1136.72,1114.12,1308.82,1340.08,1334.55,1260.31,1633.0,1437.0,1713.29,1491.39,1469.0,1264.0,1437.48,1290.97,1717.0,1537.0,1587.23,1465.9,1703.0,1413.0,1480.91,1428.67,1277.63,1296.96,1534.2,1422.3,1676.36,1523.47,1325.41,1218.77,1372.0,1276.0,1361.76,1258.77,1340.0,1210.0,1856.0,1509.0,1269.14,1235.73,1670.0,1480.0,1213.89,1183.21,1650.61,1791.76,1293.58,1323.31,1429.0,1284.0,,
2021-09-20,1554.3487204593519,1390.8265098297495,1610.9509527207654,1415.638587108707,1321.0,1259.0,1535.96,1527.55,1136.72,1108.86,1298.18,1314.68,1330.73,1251.02,1636.0,1420.0,1713.31,1464.52,1454.0,1248.0,1436.87,1279.86,1720.0,1524.0,1589.49,1453.74,1702.0,1403.0,1485.44,1403.9,1302.99,1280.25,1546.5,1433.5,1670.67,1516.64,1316.34,1200.11,1372.0,1276.0,1338.58,1236.27,1340.0,1210.0,1859.0,1499.0,1264.6,1220.81,1673.0,1467.0,1220.73,1177.16,1638.4,1756.92,1282.86,1313.92,1420.0,1270.0,,
2021-09-13,1549.7388387900614,1380.9681610515536,1603.8363535311566,1403.62803893241,1325.0,1252.0,1511.23,1505.4,1133.81,1107.42,1296.9,1311.93,1333.32,1252.29,1629.0,1401.0,1713.24,1437.56,1450.0,1243.0,1428.71,1270.75,1723.0,1530.0,1585.47,1441.72,1695.0,1397.0,1467.74,1410.23,1296.37,1290.91,1546.5,1435.3,1662.09,1510.06,1312.43,1195.23,1372.0,1236.0,1331.5,1228.36,1340.0,1210.0,1850.0,1480.0,1274.33,1221.45,1675.0,1458.0,1207.81,1170.52,1646.69,1747.13,1262.85,1309.94,1419.0,1270.0,,
2021-09-06,1543.5978054797354,1374.4272392056514,1596.906536190534,1396.677011056716,1323.0,1250.0,1510.83,1500.74,1132.84,1107.42,1296.4,1305.75,1330.5,1244.6,1624.0,1395.0,1713.29,1437.6,1450.0,1222.0,1421.23,1265.64,1698.0,1502.0,1568.57,1429.43,1682.0,1392.0,1447.98,1396.42,1295.68,1291.91,1538.1,1431.5,1655.19,1504.1,1302.47,1205.72,1353.0,1236.0,1325.48,1221.17,1340.0,1210.0,1845.0,1476.0,1268.31,1215.6,1672.0,1454.0,1197.34,1165.98,1649.45,1741.23,1248.92,1296.95,1417.0,1268.0,,
2021-08-30,1536.2694770633866,1368.0003372957724,1591.369711951296,1392.8047763893169,1326.0,1252.0,1499.32,1498.31,1134.37,1106.55,1299.9,1307.34,1321.56,1236.84,1616.0,1390.0,1699.82,1424.13,1450.0,1222.0,1414.46,1258.97,1697.0,1502.0,1569.21,1425.16,1682.0,1390.0,1434.04,1373.59,1265.79,1259.59,1541.1,1431.2,1650.23,1499.96,1288.43,1173.45,1353.0,1236.0,1325.82,1221.17,1340.0,1210.0,1840.0,1465.0,1255.35,1196.13,1659.0,1484.0,1181.14,1148.72,1642.42,1739.37,1255.83,1290.45,1406.0,1256.0,,
2021-08-23,1532.2889966406724,1362.3161059408953,1589.1098408939426,1388.3017050574178,1320.0,1240.0,1533.33,1511.43,1131.4,1109.57,1308.49,1310.83,1324.45,1240.14,1603.0,1374.0,1675.43,1398.43,1456.0,1212.0,1415.22,1260.41,1712.0,1513.0,1577.74,1427.75,1686.0,1392.0,1453.88,1380.11,1276.74,1262.84,1546.3,1430.4,1652.39,1503.43,1290.2,1174.16,1355.0,1221.0,1332.44,1227.79,1340.0,1210.0,1830.0,1450.0,1251.17,1185.97,1657.0,1433.0,1185.46,1149.1,1594.08,1688.46,1266.68,1293.7,1409.0,1256.0,,
2021-08-16,1541.9873605031753,1370.1184432006328,1598.0939425110978,1396.109256601999,1328.0,1248.0,1503.96,1497.78,1131.4,1109.57,1308.87,1311.12,1329.14,1244.03,1623.0,1392.0,1699.68,1410.57,1447.0,1221.0,1417.89,1266.15,1714.0,1516.0,1585.74,1433.46,1690.0,1395.0,1459.05,1380.59,1273.13,1262.71,1540.0,1428.6,1656.16,1507.75,1299.85,1182.92,1355.0,1221.0,1338.27,1233.47,1340.0,1210.0,1841.0,1458.0,1256.9,1192.04,1677.0,1442.0,1203.33,1163.45,1631.05,1714.77,1277.45,1314.07,1424.0,1259.0,,
2021-08-09,1543.48336734111,1372.8723634629866,1598.8381127573678,1399.638631361367,1330.0,1248.0,1514.4,1516.33,1131.4,1109.57,1308.36,1311.04,1330.9,1245.91,1621.0,1391.0,1702.3,1411.86,1447.0,1222.0,1419.89,1270.44,1713.0,1517.0,1587.64,1441.93,1692.0,1398.0,1477.43,1401.29,1281.64,1268.65,1536.5,1424.2,1657.41,1509.98,1304.22,1181.15,1355.0,1231.0,1334.38,1229.88,1340.0,1210.0,1843.0,1461.0,1257.23,1192.52,1681.0,1449.0,1211.6,1171.02,1639.05,1686.81,1268.62,1303.19,1434.0,1266.0,,
2021-08-02,1542.2765635954609,1373.4345733661864,1597.6250201802907,1400.332273943874,1329.0,1249.0,1523.5,1515.87,1099.29,1076.69,1300.36,1310.34,1321.17,1243.29,1623.0,1400.0,1702.05,1425.1,1449.0,1224.0,1416.2,1269.75,1707.0,1522.0,1572.7,1433.74,1690.0,1396.0,1448.85,1376.15,1279.68,1265.72,1534.2,1422.3,1655.53,1510.17,1302.71,1182.77,1355.0,1231.0,1330.0,1224.83,1340.0,1210.0,1844.0,1468.0,1259.17,1194.71,1677.0,1452.0,1213.72,1176.47,1648.81,1698.95,1267.63,1304.53,1414.0,1256.0,,
2021-07-26,1533.4805180537292,1368.8326415198746,1590.2879096269762,1398.3888712709145,1317.0,1243.0,1512.78,1502.9,1099.29,1076.69,1300.58,1309.37,1312.73,1235.32,1613.0,1395.0,1688.81,1411.82,1449.0,1225.0,1408.17,1263.72,1692.0,1513.0,1582.43,1441.06,1683.0,1393.0,1463.49,1389.2,1245.61,1228.7,1537.7,1427.1,1653.59,1510.57,1295.8,1179.3,1324.0,1207.0,1337.67,1237.67,1340.0,1210.0,1829.0,1461.0,1248.21,1185.43,1668.0,1450.0,1199.65,1174.12,1629.79,1640.67,1268.75,1301.67,1414.0,1256.0,,
2021-07-19,1534.3236762912736,1371.0563355740328,1591.717014898045,1401.1713737464472,1312.0,1239.0,1492.92,1488.52,1099.29,1076.69,1287.42,1302.15,1311.42,1235.27,1615.0,1399.0,1702.14,1411.73,1462.0,1228.0,1408.72,1267.52,1696.0,1518.0,1584.0,1446.56,1683.0,1394.0,1456.34,1390.0,1258.42,1247.68,1533.9,1422.5,1655.26,1512.84,1300.68,1177.81,1354.0,1236.0,1326.0,1226.0,1340.0,1210.0,1840.0,1464.0,1248.22,1186.0,1676.0,1459.0,1192.51,1169.65,1612.94,1625.72,1259.02,1299.81,1414.0,1255.0,,
2021-07-12,1526.0677632697466,1367.943417679067,1583.8020459323482,1396.2880683840324,1307.0,1245.0,1491.16,1494.32,1074.91,1054.96,1283.73,1298.64,1300.51,1225.79,1603.0,1392.0,1688.74,1411.76,1462.0,1228.0,1400.89,1262.57,1698.0,1519.0,1568.05,1437.66,1674.0,1388.0,1452.74,1392.17,1258.97,1254.85,1532.3,1419.7,1649.6,1507.91,1286.32,1167.78,1354.0,1219.0,1333.17,1233.17,1340.0,1210.0,1836.0,1467.0,1231.96,1194.35,1671.0,1455.0,1181.78,1162.82,1621.34,1645.36,1250.08,1294.43,1414.0,1256.0,,
2021-07-05,1518.704562931582,1364.1307596524289,1573.001764395081,1390.3225243295246,1283.0,1227.0,1498.74,1514.72,1074.91,1054.96,1273.7,1286.82,1279.1,1206.71,1594.0,1385.0,1689.08,1425.5,1426.0,1209.0,1391.25,1253.82,1663.0,1499.0,1565.48,1438.24,1662.0,1380.0,1443.55,1386.66,1257.51,1262.75,1516.2,1410.0,1634.34,1494.54,1271.39,1144.95,1337.0,1214.0,1335.17,1235.17,1340.0,1210.0,1828.0,1470.0,1237.77,1207.5,1665.0,1453.0,1172.46,1155.47,1651.11,1644.11,1234.29,1283.83,1395.0,1255.0,,
2021-06-28,1508.7316709673141,1358.460757572934,1563.5671933388032,1383.1630184800078,1278.0,1224.0,1498.74,1514.72,1062.23,1045.71,1258.12,1275.61,1283.46,1210.83,1587.0,1380.0,1675.43,1411.88,1426.0,1209.0,1383.0,1246.55,1649.0,1487.0,1548.13,1429.63,1649.0,1370.0,1418.28,1369.19,1250.73,1260.36,1495.7,1394.7,1624.61,1485.76,1267.25,1141.27,1337.0,1214.0,1319.33,1219.33,1340.0,1210.0,1815.0,1461.0,1228.7,1210.37,1652.0,1448.0,1160.13,1140.06,1622.43,1662.91,1217.18,1270.63,1374.0,1234.0,,
2021-06-21,1489.864310202428,1343.9753448400181,1547.911784956315,1372.4235024031964,1267.0,1213.0,1481.93,1502.75,1044.89,1026.18,1247.89,1265.54,1271.66,1197.23,1564.0,1368.0,1648.65,1385.08,1415.0,1208.0,1374.15,1238.17,1638.0,1476.0,1536.06,1419.38,1629.0,1353.0,1406.36,1364.36,1222.55,1234.14,1486.1,1387.3,1614.47,1474.15,1258.11,1134.96,1318.0,1214.0,1316.5,1217.67,1340.0,1210.0,1800.0,1454.0,1190.17,1172.11,1631.0,1430.0,1153.0,1130.92,1587.07,1624.95,1207.15,1260.08,1364.0,1214.0,,
2021-06-14,1482.65481901594,1335.0018057355737,1538.4130489407153,1362.1400917377196,1253.0,1203.0,1461.3,1457.76,1044.89,1026.18,1240.25,1257.84,1272.01,1195.93,1556.0,1361.0,1674.26,1397.24,1415.0,1208.0,1367.48,1231.68,1625.0,1470.0,1531.41,1408.73,1618.0,1342.0,1401.39,1357.99,1220.65,1232.29,1482.1,1383.4,1605.46,1464.81,1249.11,1128.23,1301.0,1198.0,1306.5,1206.0,1340.0,1210.0,1785.0,1437.0,1183.4,1165.11,1620.0,1420.0,1144.2,1119.27,1593.46,1623.47,1197.12,1246.63,1356.0,1205.0,,
2021-06-07,1471.3019992970583,1328.439731798656,1531.9124150549155,1353.8571352513882,1250.0,1194.0,1435.6,1452.78,1039.17,1017.64,1228.42,1246.33,1271.42,1190.94,1549.0,1351.0,1391.71,1397.09,1389.0,1197.0,1358.64,1221.29,1616.0,1467.0,1528.77,1402.2,1613.0,1334.0,1385.91,1337.38,1231.08,1238.61,1483.2,1375.5,1599.04,1457.56,1244.3,1123.36,1301.0,1198.0,1304.33,1204.33,1340.0,1210.0,1786.0,1430.0,1187.65,1171.37,1614.0,1410.0,1145.49,1113.98,1583.56,1613.0,1188.24,1232.66,1355.0,1190.0,,
2021-05-31,1471.203137977788,1319.1579014689112,1526.8964422796055,1344.736276398191,1245.0,1188.0,1443.9,1448.14,1039.17,1017.64,1228.32,1239.97,1264.16,1181.94,1548.0,1343.0,1647.28,1370.27,1389.0,1197.0,1351.38,1212.41,1632.0,1472.0,1520.77,1391.52,1610.0,1330.0,1379.93,1334.1,1218.08,1225.87,1481.4,1374.5,1590.02,1447.99,1233.81,1108.72,1285.0,1177.0,1304.83,1203.17,1340.0,1210.0,1767.0,1404.0,1180.67,1165.03,1600.0,1394.0,1123.48,1098.78,1567.34,1596.09,1193.4,1234.17,1356.0,1191.0,,
2021-05-24,1470.7085326972308,1319.4740909637226,1526.513132818302,1345.150474944315,1243.0,1186.0,1478.78,1487.33,1039.78,1018.71,1228.34,1239.72,1265.42,1183.68,1541.0,1337.0,1636.54,1363.56,1393.0,1198.0,1350.68,1210.66,1629.0,1471.0,1523.22,1391.26,1612.0,1331.0,1392.4,1339.63,1244.03,1244.22,1475.2,1375.3,1592.41,1451.33,1236.76,1127.47,1285.0,1177.0,1305.0,1205.0,1340.0,1210.0,1769.0,1404.0,1182.29,1166.03,1598.0,1394.0,1124.84,1098.94,1544.01,1573.82,1201.54,1227.76,1355.0,1190.0,,
2021-05-17,1470.291578908939,1315.6289181247314,1527.649598308238,1342.427768774705,1246.0,1187.0,1495.31,1489.27,1033.13,1010.38,1226.87,1239.18,1258.84,1179.35,1538.0,1329.0,1647.32,1370.31,1365.0,1197.0,1350.83,1208.0,1632.0,1459.0,1523.45,1388.85,1613.0,1329.0,1399.61,1335.08,1221.47,1222.87,1470.3,1368.0,1593.07,1452.65,1234.54,1107.83,1302.0,1177.0,1300.67,1198.17,1340.0,1210.0,1781.0,1414.0,1165.3,1149.81,1605.0,1396.0,1127.68,1099.99,1564.12,1591.01,1190.62,1219.46,1356.0,1190.0,,
2021-05-10,1468.9210551055053,1312.6886636006816,1527.6242344972825,1340.1390807768157,1254.0,1190.0,1447.15,1436.65,1033.13,1010.38,1212.27,1229.21,1234.77,1159.55,1550.0,1337.0,1647.37,1370.34,1380.0,1198.0,1344.14,1199.8,1628.0,1459.0,1530.75,1391.33,1609.0,1325.0,1373.73,1308.36,1207.2,1202.08,1464.9,1360.7,1587.82,1447.2,1232.27,1105.22,1302.0,1177.0,1293.67,1189.83,1340.0,1210.0,1779.0,1417.0,1160.81,1149.45,1600.0,1390.0,1127.34,1099.17,1572.78,1592.63,1176.55,1199.66,1354.0,1175.0,,
2021-05-03,1455.1822965410777,1299.3392664082648,1512.1664925715522,1326.0017306839788,1236.0,1173.0,1416.5,1410.4,1031.8,1004.04,1210.2,1229.19,1226.05,1151.36,1526.0,1315.0,1633.83,1343.37,1375.0,1198.0,1331.94,1188.29,1620.0,1467.0,1516.65,1377.46,1600.0,1317.0,1369.43,1298.5,1179.96,1175.98,1459.9,1356.4,1578.94,1438.83,1219.0,1093.4,1280.0,1151.0,1287.67,1184.33,1340.0,1210.0,1771.0,1408.0,1163.78,1148.88,1582.0,1373.0,1115.63,1078.51,1550.45,1566.75,1178.13,1198.25,1355.0,1175.0,,
2021-04-26,1452.6103059267443,1296.7500356265166,1509.4719033915162,1323.8246090860832,1232.0,1170.0,1420.53,1419.9,1031.8,1004.04,1209.51,1229.04,1223.66,1149.42,1522.0,1310.0,1633.9,1329.98,1375.0,1198.0,1326.45,1183.48,1624.0,1475.0,1520.82,1378.64,1600.0,1317.0,1370.75,1294.74,1169.05,1159.77,1461.11,1359.9,1577.01,1437.6,1217.22,1092.39,1280.0,1151.0,1287.67,1184.33,1340.0,1210.0,1763.0,1395.0,1162.43,1147.54,1587.0,1367.0,1116.86,1089.13,1547.76,1549.53,1172.22,1190.3,1353.0,1174.0,,
2021-04-19,1451.601659783236,1295.1550957494162,1507.2976173356285,1321.1709614399033,1225.0,1168.0,1414.88,1421.9,1032.37,1000.0,1188.0,1224.06,1217.62,1145.16,1526.0,1310.0,1633.86,1343.39,1375.0,1198.0,1319.9,1179.82,1620.0,1480.0,1516.31,1371.82,1600.0,1319.0,1357.1,1282.61,1167.22,1160.4,1460.0,1359.9,1574.45,1435.66,1216.63,1093.36,1280.0,1132.0,1288.17,1184.83,1340.0,1210.0,1752.0,1391.0,1164.2,1149.71,1576.0,1361.0,1121.36,1091.05,1566.67,1565.38,1172.94,1184.85,1353.0,1175.0,,
2021-04-12,1446.6838351300762,1294.0377101533948,1501.7152153483125,1319.6998552470798,1218.0,1163.0,1405.53,1421.05,1028.99,1000.05,1184.22,1222.18,1210.4,1139.87,1517.0,1308.0,1620.3,1329.86,1375.0,1198.0,1315.43,1179.02,1635.0,1498.0,1514.34,1369.44,1600.0,1319.0,1368.52,1286.06,1191.22,1182.66,1464.6,1364.6,1573.52,1435.18,1212.64,1095.65,1276.0,1132.0,1288.17,1181.5,1340.0,1210.0,1735.0,1382.0,1169.92,1155.61,1574.0,1357.0,1109.26,1079.23,1536.75,1544.59,1170.94,1187.52,1353.0,1174.0,,
2021-03-29,1439.712160579722,1294.9738137490162,1498.9518135691162,1323.661560389599,1214.0,1167.0,1412.17,1421.05,1021.88,999.03,1165.87,1222.71,1201.5,1139.69,1513.0,1308.0,1620.49,1330.02,1375.0,1233.0,1317.04,1184.25,1615.0,1488.0,1512.39,1377.94,1600.0,1322.0,1368.8,1298.42,1186.47,1206.23,1456.6,1357.3,1575.35,1440.3,1222.56,1124.38,1251.0,1132.0,1277.67,1173.5,1340.0,1210.0,1727.0,1383.0,1129.92,1124.77,1563.0,1358.0,1099.37,1079.55,1523.41,1552.08,1183.97,1206.14,1335.0,1175.0,,
2021-03-22,1441.8772994159292,1302.288495862902,1500.455636903061,1330.1387484867803,1209.0,1163.0,1427.78,1421.88,1019.38,1000.0,1171.52,1221.38,1196.09,1136.49,1508.0,1311.0,1620.49,1343.46,1381.0,1237.0,1321.48,1192.73,1616.0,1496.0,1521.68,1392.98,1601.0,1324.0,1377.61,1315.29,1189.61,1219.44,1449.2,1354.0,1578.77,1444.98,1226.85,1126.54,1277.0,1146.0,1276.0,1172.67,1340.0,1210.0,1737.0,1391.0,1133.72,1135.81,1565.0,1369.0,1118.42,1103.93,1533.96,1562.32,1174.34,1206.22,1334.0,1174.0,,
2021-03-15,1440.6238625470082,1301.5915581179909,1501.3774597336644,1331.6649626977617,1216.0,1168.0,1437.0,1439.39,954.44,951.53,1154.63,1204.48,1171.8,1121.52,1524.0,1325.0,1633.9,1370.32,1346.0,1217.0,1311.14,1187.35,1595.0,1478.0,1509.68,1390.28,1593.0,1320.0,1349.11,1294.23,1179.96,1199.37,1431.2,1341.2,1566.15,1436.07,1227.47,1134.24,1277.0,1167.0,1274.33,1174.33,1340.0,1210.0,1747.0,1405.0,1121.25,1123.24,1560.0,1368.0,1107.56,1102.59,1557.09,1581.93,1157.35,1197.25,1334.0,1174.0,,
2021-03-08,1419.3158678876155,1285.7061307249298,1481.9643554105971,1319.1231770840627,1196.0,1156.0,1406.89,1422.97,954.44,951.53,1144.12,1184.63,1128.59,1086.19,1506.0,1317.0,1607.0,1343.43,1346.0,1217.0,1293.59,1173.29,1562.0,1457.0,1490.36,1375.8,1572.0,1306.0,1340.06,1283.98,1150.81,1174.81,1395.5,1309.1,1549.65,1421.19,1201.64,1125.53,1254.0,1139.0,1267.67,1167.67,1340.0,1210.0,1721.0,1398.0,1090.07,1082.13,1543.0,1360.0,1091.44,1091.16,1537.58,1575.98,1142.17,1189.13,1333.0,1174.0,,
2021-03-01,1402.4167542429839,1279.1939167085302,1465.6628180716093,1309.5651445556095,1181.0,1147.0,1360.58,1395.93,954.44,951.53,1137.55,1180.48,1123.97,1083.53,1486.0,1304.0,1445.67,1356.91,1357.0,1217.0,1282.73,1165.15,1552.0,1450.0,1480.61,1372.96,1559.0,1298.0,1322.86,1284.06,1140.4,1183.79,1372.3,1288.6,1536.58,1408.45,1192.41,1126.58,1238.0,1154.0,1262.67,1162.67,1340.0,1210.0,1709.0,1392.0,1099.05,1097.83,1527.0,1355.0,1085.79,1085.69,1509.92,1545.67,1119.79,1174.84,1312.0,1153.0,,
2021-02-22,1389.0591481966705,1267.1366656736698,1447.6664121315291,1296.7534627827376,1166.0,1135.0,1355.29,1409.06,954.44,951.53,1112.66,1155.24,1113.97,1075.52,1463.0,1291.0,1566.6,1343.37,1326.0,1197.0,1268.02,1150.63,1536.0,1436.0,1465.19,1361.71,1539.0,1280.0,1301.74,1267.93,1127.11,1179.96,1357.8,1270.3,1518.55,1390.91,1166.95,1109.02,1222.0,1136.0,1256.83,1159.33,1340.0,1210.0,1697.0,1380.0,1084.8,1083.24,1508.0,1344.0,1072.89,1072.2,1504.96,1559.19,1102.56,1155.59,1292.0,1135.0,,
2021-02-15,1368.8422324277021,1249.8172237323486,1424.951691267997,1278.408691911897,1150.0,1123.0,1345.77,1402.48,954.44,951.53,1102.66,1138.42,1119.77,1083.76,1429.0,1272.0,1539.68,1316.46,1317.0,1177.0,1251.56,1133.67,1533.0,1423.5,1445.12,1341.59,1520.0,1262.0,1288.43,1245.38,1124.49,1167.2,1337.5,1252.2,1500.43,1372.94,1151.03,1086.66,1198.0,1118.0,1246.83,1151.0,1340.0,1210.0,1674.0,1349.0,1065.77,1063.49,1492.0,1323.0,1055.86,1055.26,1496.39,1556.83,1086.11,1134.93,1273.0,1116.0,,
2021-02-08,1359.0313865378398,1232.9205717223522,1416.2777627913613,1261.3539789747801,1143.0,1101.0,1338.72,1370.39,943.25,936.85,1090.04,1130.31,1110.69,1076.69,1425.0,1254.0,1539.7,1303.03,1277.0,1137.0,1238.47,1119.3,1521.0,1411.0,1434.63,1323.23,1499.0,1242.0,1269.6,1223.82,1099.27,1133.65,1333.4,1238.8,1488.9,1360.65,1136.42,1069.02,1198.0,1102.0,1224.83,1123.5,1340.0,1210.0,1667.0,1340.0,1054.98,1051.38,1478.0,1304.0,1035.57,1035.49,1476.25,1528.55,1075.45,1120.05,1276.0,1096.0,,
2021-02-01,1343.6477932364248,1219.1125144543155,1401.0316201592354,1247.3404917437801,1125.0,1085.0,1307.79,1341.91,937.01,933.43,1085.22,1127.23,1091.47,1059.25,1409.0,1235.0,1512.65,1276.0,1277.0,1137.0,1227.1,1108.17,1518.0,1413.0,1425.23,1313.47,1483.0,1230.0,1268.2,1219.88,1101.32,1137.67,1332.1,1229.1,1479.99,1350.56,1116.91,1046.41,1176.0,1074.0,1206.33,1103.0,1340.0,1210.0,1635.0,1310.0,1046.68,1041.83,1463.0,1291.0,1022.17,1022.79,1433.77,1489.47,1074.06,1122.32,1253.0,1096.0,,
2021-01-25,1341.001054397802,1216.7880250073138,1398.5294796317683,1245.8304671885437,1128.0,1088.0,1314.2,1350.6,917.02,917.89,1080.73,1121.6,1085.24,1054.6,1408.0,1231.0,1511.97,1275.43,1277.0,1137.0,1224.65,1106.61,1521.0,1413.0,1425.02,1314.57,1479.0,1227.0,1266.9,1222.49,1097.63,1133.39,1318.8,1222.6,1476.16,1346.45,1116.65,1045.54,1176.0,1069.0,1198.0,1089.67,1340.0,1210.0,1627.0,1302.0,1037.99,1032.42,1460.0,1303.0,1022.86,1024.21,1448.05,1493.37,1057.49,1112.22,1238.0,1095.0,,
2021-01-18,1334.7202248495823,1211.9319738813206,1392.4545626885565,1241.2860312994392,1119.0,1083.0,1295.3,1324.1,917.02,917.89,1076.17,1119.69,1073.48,1049.34,1406.0,1236.0,1512.24,1275.66,1274.0,1114.0,1215.89,1099.19,1507.0,1400.0,1417.54,1308.42,1469.0,1218.0,1241.41,1204.74,1079.86,1118.16,1316.0,1218.0,1465.98,1339.45,1114.75,1042.05,1176.0,1069.0,1183.83,1073.0,1340.0,1210.0,1632.0,1307.0,1035.85,1028.71,1455.0,1298.0,1009.18,1013.11,1440.42,1486.11,1032.34,1094.98,1218.0,1076.0,,
2021-01-11,1317.4017492682494,1196.9891625117416,1373.9808904466718,1225.26778401265,1093.0,1069.0,1265.8,1309.0,907.1,904.44,1073.8,1113.22,1063.53,1043.52,1392.0,1226.0,1499.22,1249.13,1244.0,1087.0,1199.98,1085.33,1456.0,1349.0,1389.93,1285.81,1446.0,1198.0,1219.92,1189.97,1042.29,1100.23,1301.0,1208.1,1450.07,1324.98,1100.72,1024.02,1129.0,1047.0,1168.0,1053.0,1340.0,1210.0,1612.0,1286.0,1024.36,1019.24,1436.0,1278.0,997.98,1007.13,1432.51,1478.76,1021.67,1091.77,1199.0,1066.0,,
2020-12-21,1276.8823181848923,1156.5759341799708,1322.8792906889373,1179.3551488174212,1072.0,1043.0,1301.0,1323.0,896.51,890.53,1067.22,1087.99,1064.51,1050.85,1281.0,1112.0,1458.31,1235.2,1244.0,1050.0,1184.71,1069.01,1419.0,1296.0,1357.91,1261.45,1432.0,1160.0,1214.86,1186.07,1022.72,1072.84,1275.4,1180.7,1427.58,1304.31,1095.29,1011.74,1071.0,975.0,1155.5,1033.83,1340.0,1210.0,1561.0,1243.0,1010.24,1004.17,1405.0,1262.0,974.65,977.33,1388.37,1405.25,1002.68,1067.25,1194.0,1062.0,1249.12,1300.85
2020-12-14,1267.8521989110511,1148.2728516180387,1307.881835126257,1166.657057901492,1072.0,1041.0,1281.0,1304.7,894.83,882.61,1066.18,1084.29,1060.68,1046.66,1257.0,1097.0,1471.36,1234.87,1244.0,1050.0,1175.91,1057.85,1400.0,1232.0,1350.12,1252.73,1427.0,1153.0,1208.13,1175.45,1037.84,1091.67,1266.9,1178.2,1412.51,1288.31,1088.06,998.07,1071.0,975.0,1143.83,1016.33,1340.0,1210.0,1554.0,1232.0,1030.72,1023.56,1399.0,1254.0,999.63,969.31,1382.71,1403.32,997.59,1059.33,1179.0,1046.0,1254.87,1307.32
2020-12-07,1263.9885718683709,1138.3264043330669,1307.4655274663287,1158.790134141125,1073.0,1042.0,1262.0,1290.5,894.01,877.95,1064.13,1079.82,1051.54,1032.93,1267.0,1086.0,1457.69,1221.23,1229.0,1021.0,1170.26,1048.53,1390.0,1255.0,1345.51,1246.52,1423.0,1146.0,1203.85,1173.87,1019.88,1072.6,1263.1,1171.0,1409.34,1283.79,1077.97,981.65,1060.0,975.0,1126.83,995.17,1340.0,1210.0,1544.0,1222.0,1009.58,1001.54,1394.0,1239.0,951.74,948.48,1385.44,1386.23,982.41,1037.7,1178.0,1045.0,1240.65,1293.49
2020-11-30,1262.5138225756739,1131.5500154062925,1306.7657291276685,1152.1315119732838,1061.0,1027.0,1267.6,1298.0,894.37,871.97,1064.24,1078.48,1057.65,1038.49,1272.0,1082.0,1444.66,1221.58,1229.0,968.0,1166.68,1043.21,1384.0,1243.0,1338.83,1238.32,1420.0,1141.0,1181.39,1148.96,1009.28,1057.07,1255.7,1153.8,1403.62,1275.25,1076.22,966.74,1060.0,975.0,1113.83,974.67,1340.0,1210.0,1546.0,1223.0,1006.97,991.23,1389.0,1231.0,947.42,936.03,1383.4,1390.67,974.38,1031.1,1164.0,1026.0,1253.33,1306.78
2020-11-23,1253.3890963131964,1118.52747735397,1298.2872462866148,1139.0750107289552,1063.0,1021.0,1265.4,1290.3,894.06,867.68,1064.37,1078.55,1052.87,1033.86,1263.0,1071.0,1416.64,1193.74,1229.0,968.0,1156.93,1031.86,1391.0,1236.0,1329.28,1218.02,1415.0,1131.0,1186.8,1141.31,995.4,1036.0,1255.5,1151.2,1393.24,1264.11,1074.43,960.99,1060.0,953.0,1107.8,973.8,1340.0,1210.0,1528.0,1198.0,996.44,979.08,1380.0,1217.0,948.41,929.47,1367.08,1370.21,965.57,1012.8,1164.0,1007.0,1264.75,1317.77
2020-11-16,1247.7932896621132,1110.4280157297383,1293.4631618592516,1131.0955187616446,1041.0,1001.0,1240.6,1274.4,895.64,866.09,1067.48,1079.41,1047.47,1027.25,1261.0,1063.0,1429.91,1193.61,1229.0,968.0,1151.65,1024.85,1380.0,1236.0,1323.95,1212.15,1414.0,1128.0,1164.0,1115.11,996.42,1031.23,1253.2,1152.3,1385.46,1255.3,1068.52,943.49,1060.0,953.0,1111.0,979.33,1340.0,1210.0,1529.0,1191.0,991.22,972.49,1377.0,1211.0,931.83,913.14,1334.92,1351.3,954.64,999.78,1163.0,988.0,1250.8,1303.37
2020-11-09,1235.8697580427886,1097.0496904649935,1280.2758236775103,1115.7525580861252,1041.0,994.0,1235.4,1238.8,896.87,865.73,1073.09,1082.89,1045.4,1024.21,1237.0,1039.0,1403.14,1166.82,1229.0,968.0,1142.09,1014.27,1377.0,1210.0,1319.66,1196.78,1408.0,1122.0,1160.23,1107.48,987.38,1022.57,1255.7,1153.3,1378.34,1248.72,1076.47,949.54,1042.0,928.0,1114.67,981.0,1340.0,1210.0,1512.0,1166.0,987.99,970.84,1365.0,1197.0,920.53,899.63,1324.11,1341.37,969.97,1002.07,1164.0,990.0,1246.86,1299.84
2020-11-02,1236.9679505367665,1093.8148174019918,1286.1137026754736,1116.8101893985995,1048.0,990.0,1265.3,1254.8,899.33,867.68,1075.54,1089.55,1027.98,1004.61,1238.0,1029.0,1403.53,1140.29,1229.0,968.0,1145.81,1017.54,1425.0,1227.0,1328.97,1206.68,1412.0,1126.0,1187.26,1122.53,978.58,1001.64,1250.7,1148.82,1383.88,1254.77,1063.13,934.55,1042.0,914.0,1122.17,986.0,1340.0,1210.0,1520.0,1159.0,963.4,945.96,1374.0,1201.0,923.1,895.66,1302.1,1315.51,989.87,1001.97,1167.0,990.0,1255.99,1310.97
2020-10-26,1252.8738815666302,1098.7922701118773,1301.8579779954077,1123.3316334318367,1052.0,986.0,1296.8,1287.3,898.76,867.83,1074.27,1089.55,1026.12,998.97,1266.0,1044.0,1444.66,1167.82,1229.0,968.0,1154.78,1025.58,1409.0,1224.0,1324.42,1199.06,1419.0,1132.0,1197.81,1126.68,1005.4,1008.54,1249.8,1141.4,1387.72,1258.51,1069.01,937.62,1061.0,935.0,1127.5,991.83,1340.0,1210.0,1547.0,1179.0,969.8,934.08,1386.0,1207.0,937.62,909.73,1338.39,1329.79,998.69,1014.53,1178.0,1003.0,1246.7,1301.1
2020-10-19,1262.3643833342032,1101.6779684297733,1312.3729614009837,1126.8453477542703,1059.0,1000.0,1305.2,1269.3,897.84,866.96,1074.59,1091.07,1022.78,993.75,1281.0,1048.0,1458.14,1167.85,1229.0,948.0,1161.12,1029.92,1435.0,1231.0,1340.67,1207.79,1422.0,1132.0,1208.84,1124.7,1011.45,1004.82,1251.5,1144.7,1389.14,1260.48,1073.71,940.94,1082.0,935.0,1123.33,996.0,1340.0,1210.0,1565.0,1177.0,971.41,935.63,1394.0,1207.0,934.08,906.11,1362.26,1341.31,1001.09,1006.34,1178.0,1003.0,1249.39,1303.44
2020-10-12,1269.3192456909594,1103.4359243541062,1316.9452697299866,1125.2511089785125,1065.0,1006.0,1290.8,1250.9,896.22,862.63,1075.4,1091.95,1025.13,998.27,1293.0,1051.0,1484.62,1167.54,1229.0,948.0,1162.4,1029.87,1435.0,1226.0,1336.2,1199.76,1423.0,1132.0,1207.98,1113.15,1048.4,1028.04,1238.6,1131.7,1388.63,1261.0,1078.84,946.68,1099.0,935.0,1119.17,996.83,1340.0,1210.0,1574.0,1179.0,990.13,965.1,1391.0,1203.0,934.06,904.16,1370.31,1336.05,1001.93,999.3,1175.0,1003.0,1249.33,1303.05
2020-10-05,1266.0737124575865,1099.9253266800595,1314.1213686464266,1121.1505252897189,1066.0,1008.0,1296.8,1229.4,893.45,861.08,1076.64,1092.92,1022.55,999.74,1289.0,1044.0,1471.77,1154.57,1229.0,948.0,1162.29,1028.93,1427.0,1215.0,1330.7,1196.26,1424.0,1134.0,1211.15,1108.35,1045.09,1018.89,1239.1,1134.1,1388.24,1262.69,1074.21,946.82,1099.0,919.0,1120.83,1002.17,1340.0,1210.0,1566.0,1165.0,994.06,973.04,1383.0,1198.0,913.9,893.93,1355.06,1313.78,1001.81,999.33,1164.0,1002.0,1247.24,1300.67
2020-09-28,1263.4132829224634,1098.4017444449883,1312.8502294573545,1121.5242793621644,1063.0,1009.0,1316.6,1243.7,892.93,860.62,1079.95,1097.1,1017.73,995.54,1284.0,1040.0,1470.61,1140.22,1253.0,997.0,1162.75,1030.46,1435.0,1224.0,1328.56,1194.66,1423.0,1134.0,1220.66,1115.1,1027.68,997.14,1247.2,1144.2,1389.54,1264.94,1080.96,954.8,1099.0,919.0,1128.5,1011.83,1340.0,1210.0,1561.0,1159.0,985.96,965.03,1382.0,1198.0,908.99,881.95,1344.1,1303.76,1003.36,1002.07,1145.0,1002.0,1251.9,1305.55
2020-09-21,1267.3463079447072,1104.048872988039,1314.110215026496,1125.5165746045377,1065.0,1015.0,1288.4,1231.6,893.85,867.37,1083.02,1102.91,1024.17,1003.52,1289.0,1050.0,1498.49,1167.89,1253.0,997.0,1162.12,1033.85,1426.0,1230.0,1326.05,1195.12,1423.0,1136.0,1210.14,1108.56,1022.35,990.59,1251.5,1147.9,1388.7,1267.41,1083.45,959.21,1112.0,919.0,1135.17,1016.33,1340.0,1210.0,1568.0,1162.0,1000.54,979.37,1384.0,1211.0,910.3,883.04,1369.76,1332.08,1002.8,998.8,1145.0,1003.0,1236.87,1289.88
2020-09-14,1266.8263758633816,1110.8813037264733,1313.5468432953664,1132.3106110438657,1066.0,1019.0,1323.8,1270.7,895.75,879.03,1084.91,1104.61,1039.01,1019.69,1283.0,1049.0,1471.81,1141.16,1253.0,997.0,1162.37,1040.11,1431.0,1228.0,1333.15,1209.44,1427.0,1144.0,1218.69,1130.98,1044.66,1022.25,1253.7,1154.8,1392.04,1274.28,1086.19,966.96,1091.0,919.0,1141.83,1029.33,1340.0,1210.0,1558.0,1159.0,1007.15,988.15,1388.0,1220.0,912.56,889.22,1343.18,1314.1,1003.18,1000.89,1147.0,1007.0,1229.25,1281.87
2020-09-07,1274.1663179974325,1123.985164496334,1321.0784798211105,1145.805613542664,1070.0,1026.0,1348.0,1305.1,896.26,885.98,1071.18,1095.63,1048.25,1034.53,1290.0,1067.0,1471.56,1167.84,1253.0,997.0,1169.81,1054.79,1442.0,1245.0,1332.42,1219.0,1432.0,1154.0,1232.75,1150.08,1038.08,1035.71,1252.5,1154.0,1398.48,1281.64,1091.08,973.79,1106.0,956.0,1145.17,1038.5,1340.0,1210.0,1572.0,1183.0,1011.42,991.31,1400.0,1223.0,918.58,912.43,1366.28,1338.7,1003.9,999.94,1156.0,1027.0,1261.97,1315.95
2020-08-31,1278.546585311376,1132.3940242566264,1323.8872487129267,1152.8983393656445,1074.0,1031.0,1320.5,1290.8,893.91,888.95,1071.42,1095.63,1059.94,1046.97,1297.0,1077.0,1484.44,1194.27,1253.0,997.0,1171.34,1059.43,1442.0,1254.0,1332.9,1227.88,1433.0,1157.0,1223.83,1154.22,1068.4,1064.27,1259.1,1162.7,1400.08,1285.19,1095.82,979.63,1106.0,956.0,1148.0,1040.17,1340.0,1210.0,1577.0,1204.0,1018.37,1001.05,1399.0,1240.0,921.04,921.22,1374.6,1360.22,1005.98,1005.73,1156.0,1037.0,1264.35,1318.91
2020-08-24,1273.8149998005465,1134.9596525719385,1318.621668265674,1156.4550475397689,1061.0,1024.0,1312.2,1295.5,893.29,874.83,1073.23,1096.44,1065.27,1052.51,1289.0,1082.0,1484.52,1194.33,1253.0,997.0,1166.4,1061.26,1438.0,1258.0,1335.53,1236.19,1431.0,1157.0,1219.17,1154.92,1061.97,1073.43,1261.2,1171.8,1399.68,1285.56,1085.73,974.76,1093.0,970.0,1136.83,1036.83,1340.0,1210.0,1569.0,1207.0,1015.0,998.77,1394.0,1241.0,915.92,924.12,1366.28,1351.24,1006.31,1006.45,1157.0,1037.0,1255.56,1310.12
2020-08-17,1272.5223839743262,1136.061298561163,1316.959438425212,1156.8538493932042,1062.0,1028.0,1308.1,1301.0,893.29,874.83,1072.92,1098.81,1064.46,1053.86,1287.0,1083.0,1470.39,1193.77,1253.0,997.0,1163.55,1061.22,1429.0,1249.0,1331.6,1236.71,1430.0,1158.0,1206.37,1159.36,1067.19,1081.99,1268.9,1165.1,1398.23,1284.55,1086.96,976.72,1069.0,970.0,1122.67,1035.17,1340.0,1210.0,1572.0,1211.0,1012.72,997.9,1391.0,1236.0,933.66,940.98,1372.74,1368.76,1007.21,1008.07,1157.0,1037.0,1247.32,1302.02
2020-08-10,1267.455688301237,1136.3643608592458,1313.096421277386,1157.7868932652707,1058.0,1026.0,1303.1,1313.42,891.91,874.83,1073.78,1101.08,1062.87,1054.42,1283.0,1085.0,1451.42,1208.39,1253.0,997.0,1159.21,1059.84,1439.0,1268.0,1328.02,1236.35,1427.0,1157.0,1206.1,1168.01,1051.38,1086.32,1259.3,1166.4,1397.66,1284.32,1088.51,971.73,1069.0,970.0,1128.0,1043.5,1340.0,1210.0,1558.0,1212.0,998.45,985.1,1390.0,1236.0,933.28,940.25,1372.89,1387.38,1006.29,1003.62,1156.0,1036.0,1253.59,1308.96
2020-08-03,1266.1035809346363,1135.8955492605367,1313.19827263938,1158.122965664092,1059.0,1030.0,1311.5,1301.6,883.83,887.36,1074.45,1101.0,1061.63,1050.76,1283.0,1087.0,1424.81,1195.18,1253.0,997.0,1162.2,1060.96,1422.0,1250.0,1327.49,1235.34,1428.0,1157.0,1221.86,1178.65,1061.84,1098.4,1257.3,1166.6,1401.66,1288.34,1086.71,979.49,1086.0,970.0,1107.17,1027.67,1340.0,1210.0,1550.0,1209.0,994.26,979.1,1391.0,1236.0,927.22,934.66,1359.49,1374.83,1004.87,1003.21,1160.0,1039.0,1254.42,1310.63
2020-07-27,1274.132549821846,1140.7708836476372,1321.371221467806,1163.615647553368,1061.0,1028.0,1296.4,1304.3,883.83,887.36,1074.29,1100.97,1067.61,1056.31,1300.0,1097.0,1452.25,1209.09,1251.0,997.0,1164.56,1063.04,1398.0,1205.0,1345.69,1247.42,1431.0,1159.0,1216.56,1166.93,1074.55,1112.45,1255.7,1162.1,1403.56,1289.74,1094.13,987.62,1086.0,970.0,1152.17,1058.0,1340.0,1210.0,1561.0,1221.0,988.76,973.24,1395.0,1238.0,941.01,947.72,1382.09,1393.68,1004.84,1002.71,1174.0,1046.0,1233.46,1289.21
2020-07-20,1267.2490740273688,1134.1723012813252,1316.491189154414,1158.2183997545048,1059.0,1031.0,1266.4,1267.7,878.41,880.82,1078.2,1100.38,1048.24,1038.46,1290.0,1085.0,1437.97,1194.95,1255.0,998.0,1164.4,1060.5,1390.0,1194.0,1348.46,1244.63,1430.0,1157.0,1219.01,1170.56,1060.04,1091.14,1257.2,1163.7,1404.6,1290.83,1091.6,989.6,1086.0,970.0,1149.67,1057.17,1340.0,1210.0,1557.0,1218.0,970.56,959.16,1400.0,1238.0,935.76,948.68,1376.57,1396.27,1002.73,1002.41,1175.0,1046.0,1239.08,1295.64
2020-07-13,1269.214325690262,1133.149014359242,1320.7900421194859,1159.501817140547,1056.0,1027.0,1306.1,1310.8,873.2,874.12,1064.06,1073.13,1035.76,1027.54,1300.0,1091.0,1465.45,1208.9,1235.0,999.0,1160.95,1056.5,1378.0,1185.0,1344.06,1242.02,1429.0,1155.0,1208.26,1159.94,1047.06,1086.79,1238.3,1156.2,1403.8,1290.32,1082.58,974.31,1086.0,970.0,1133.83,1042.17,1340.0,1210.0,1569.0,1224.0,954.02,943.13,1401.0,1235.0,928.19,941.99,1384.15,1392.52,1003.87,1001.34,1174.0,1037.0,1236.82,1298.09
2020-07-06,1259.618780538298,1125.5391766405091,1311.4566993918036,1151.6163445274265,1046.0,1017.0,1281.4,1268.2,864.45,863.23,1064.7,1073.13,1024.86,1020.3,1289.0,1093.0,1450.7,1194.37,1194.0,994.0,1151.6,1045.77,1357.0,1177.0,1329.76,1227.84,1425.0,1150.0,1206.59,1150.51,1041.53,1078.22,1236.5,1150.6,1400.83,1287.79,1068.9,961.52,1086.0,955.0,1126.33,1034.67,1340.0,1210.0,1565.0,1221.0,945.54,939.12,1385.0,1209.0,920.72,941.09,1366.36,1382.1,1003.78,1002.7,1165.0,1037.0,1209.08,1271.19
2020-06-29,1256.4440825340405,1123.4035197381231,1311.3627411462792,1151.942596852203,1048.0,1019.0,1245.6,1258.4,857.96,858.27,1066.1,1073.04,1005.96,999.11,1297.0,1100.0,1423.57,1180.72,1194.0,994.0,1145.37,1040.34,1360.0,1170.0,1338.93,1230.32,1422.0,1147.0,1191.97,1136.08,1016.93,1029.79,1234.8,1151.9,1399.18,1285.53,1055.14,949.97,1080.0,955.0,1153.0,1058.83,1340.0,1210.0,1565.0,1216.0,941.81,939.07,1378.0,1204.0,913.58,934.21,1349.97,1359.99,1003.75,1002.55,1090.0,1035.0,1183.17,1246.46
2020-06-22,1248.794196375336,1115.8985351827428,1301.8701122590287,1142.6246205953794,1035.0,1010.0,1248.87,1225.22,849.68,852.9,1033.1,1023.08,1000.71,990.18,1292.0,1102.0,1450.17,1180.53,1194.0,994.0,1130.54,1028.0,1326.0,1149.0,1318.08,1216.14,1403.0,1134.0,1173.64,1122.15,1007.21,1028.63,1229.6,1148.6,1385.38,1273.05,1032.93,931.49,1080.0,955.0,1102.17,1011.33,1340.0,1210.0,1560.0,1213.0,937.81,940.37,1365.0,1195.0,905.08,927.57,1349.54,1372.0,1003.17,1000.44,1130.0,1027.0,1185.97,1250.79
2020-06-15,1231.608911129147,1107.9055234631116,1284.1680803142442,1134.1436886649315,1021.0,999.0,1227.9,1238.3,842.37,844.1,1022.5,1015.16,989.39,984.41,1265.0,1089.0,1394.87,1153.45,1194.0,994.0,1119.09,1019.17,1327.0,1156.0,1312.53,1209.15,1388.0,1124.0,1159.45,1111.55,997.58,1022.23,1220.9,1142.6,1377.77,1266.49,1010.36,917.63,1056.0,936.0,1102.17,1011.33,1340.0,1210.0,1535.0,1198.0,937.44,945.14,1349.0,1184.0,894.3,928.21,1316.88,1330.45,1002.97,1000.71,1114.0,1011.0,1186.59,1255.27
2020-06-08,1219.055207807775,1098.173113434464,1270.184224638855,1122.9390808829041,1014.0,991.0,1239.1,1242.9,836.13,836.44,962.48,991.87,982.55,983.19,1249.0,1075.0,1381.53,1153.51,1176.0,995.0,1103.32,1007.95,1307.0,1143.0,1288.63,1191.02,1364.0,1114.0,1136.42,1089.62,984.46,1017.74,1215.8,1138.0,1371.01,1260.4,1010.2,912.0,1031.0,916.0,1088.83,998.0,1410.0,1280.0,1518.0,1191.0,929.19,940.02,1336.0,1172.0,874.75,913.03,1322.88,1341.34,1001.49,997.23,1095.0,1011.0,1185.74,1255.77
2020-06-01,1206.1161100176432,1091.0116033277995,1256.8251252311566,1115.8863107387485,1011.0,984.0,1216.3,1232.5,834.7,837.46,960.19,991.3,966.08,967.57,1222.0,1060.0,1354.81,1113.36,1177.0,998.0,1094.19,1001.88,1303.0,1138.0,1282.65,1185.39,1360.0,1110.0,1135.52,1090.32,991.98,1018.11,1212.6,1133.7,1371.48,1260.85,995.01,899.31,1009.0,898.0,1060.5,974.67,1410.0,1280.0,1510.0,1193.0,928.53,939.35,1330.0,1169.0,873.34,911.56,1281.22,1315.05,1001.77,1000.33,1094.0,1011.0,1172.85,1246.36
2020-05-25,1194.40736131651,1081.6047721887892,1248.9321608336704,1109.8144149996035,1006.0,983.0,1190.3,1198.4,826.31,823.4,960.03,991.28,947.46,951.16,1216.0,1054.0,1354.47,1126.49,1147.0,997.0,1089.72,997.96,1263.0,1132.0,1268.36,1176.85,1349.0,1106.0,1090.12,1051.49,945.83,976.67,1213.9,1133.8,1366.77,1256.37,986.14,902.96,1009.0,898.0,1008.0,937.67,1410.0,1280.0,1507.0,1199.0,898.85,910.64,1321.0,1163.0,873.56,911.79,1252.25,1296.9,1001.2,998.13,1076.0,1011.0,1171.52,1247.88
2020-05-18,1176.6178875577716,1067.558543616267,1233.8711966497601,1098.2534477754261,992.0,978.0,1170.5,1171.5,817.31,809.13,967.0,982.0,930.24,932.81,1199.0,1047.0,1328.0,1099.96,1146.0,997.0,1078.86,985.0,1287.0,1159.0,1244.2,1157.81,1323.0,1092.0,1086.0,1039.3,907.59,941.07,1219.6,1137.6,1356.75,1247.39,974.32,879.78,980.0,862.0,978.83,898.83,1410.0,1280.0,1483.0,1191.0,870.66,886.23,1286.0,1139.0,873.84,912.25,1207.88,1258.12,1001.03,995.93,1074.0,1010.0,1178.8,1258.76
2020-05-11,1167.8269833063855,1066.3814818883068,1227.5824524408015,1099.0843005715483,1019.0,996.0,1155.6,1162.5,822.12,816.85,962.44,976.23,914.46,927.46,1191.0,1045.0,1313.76,1085.86,1146.0,998.0,1074.45,980.7,1244.0,1145.0,1230.27,1160.78,1317.0,1092.0,1044.02,1005.16,870.27,929.21,1224.7,1139.4,1362.01,1252.79,977.05,883.37,980.0,862.0,974.33,905.5,1410.0,1280.0,1466.0,1203.0,847.97,874.71,1260.0,1129.0,875.35,913.87,1204.55,1258.51,1001.57,997.28,1076.0,1012.0,1222.81,1306.72
2020-05-04,1160.5849966807925,1070.4949957897295,1220.8001926609277,1103.4222495917616,1022.0,998.0,1145.2,1181.0,843.08,838.07,979.44,1005.77,933.74,949.33,1169.0,1043.0,1286.48,1098.87,1147.0,999.0,1072.47,981.42,1279.0,1179.0,1229.62,1166.3,1311.0,1096.0,1028.49,1002.9,822.09,907.11,1230.9,1144.4,1374.28,1267.15,999.48,903.06,891.0,835.0,988.83,914.67,1410.0,1280.0,1461.0,1202.0,856.38,882.0,1237.0,1126.0,875.71,914.77,1162.02,1231.67,1001.25,996.7,1080.0,1015.0,1223.63,1307.64
2020-04-27,1167.3578029693665,1086.1723615519732,1227.2059335718254,1118.5039482692484,1035.0,1012.0,1103.45,1164.17,868.19,865.37,998.23,1062.52,945.23,961.74,1170.0,1045.0,1260.21,1072.52,1199.0,1238.0,1088.59,999.8,1287.0,1192.0,1245.13,1194.08,1324.0,1121.0,1052.37,1047.47,824.71,918.53,1240.2,1155.0,1391.61,1287.06,1030.22,928.11,891.0,835.0,993.83,920.67,1410.0,1280.0,1458.0,1202.0,873.66,902.15,1245.0,1154.0,906.2,944.86,1155.79,1255.2,1000.34,995.18,1101.0,1039.0,1236.21,1320.33
2020-04-20,1189.1840595391589,1110.3753288161563,1252.6049706629422,1144.2498109278506,1043.0,1026.0,1342.0,1223.0,880.92,877.24,1003.3,1076.93,959.16,978.08,1192.0,1080.0,1273.73,1139.65,1199.0,1238.0,1108.5,1022.21,1291.0,1194.0,1262.14,1213.25,1347.0,1150.0,1048.57,1079.43,819.66,932.14,1244.6,1157.8,1411.26,1306.43,1057.84,952.06,925.0,878.0,986.67,918.83,1410.0,1280.0,1469.0,1227.0,885.48,914.95,1258.0,1211.0,923.94,961.51,1166.14,1271.46,1000.35,996.28,1105.0,1059.0,1243.75,1325.04
2020-04-06,1205.853749237965,1129.6711991628342,1272.3039066257556,1164.497080770917,1086.0,1060.0,1095.8,1209.1,910.16,909.65,1028.99,1115.7,975.87,989.2,1234.0,1109.0,1272.44,1165.28,1248.0,1238.0,1122.36,1037.83,1332.0,1230.0,1288.08,1231.04,1376.0,1170.0,1058.55,1095.93,804.03,916.54,1252.9,1172.1,1436.81,1328.02,1080.73,967.95,925.0,902.0,1046.33,941.83,1410.0,1280.0,1477.0,1239.0,901.44,934.7,1260.0,1229.0,933.35,968.71,1156.96,1290.67,1029.52,1011.67,1136.0,1070.0,1255.52,1330.67
2020-03-30,1223.3116865567272,1141.8439804245877,1287.2418321390207,1175.0577025874986,1083.0,1063.0,1058.1,1219.4,958.69,945.75,1052.25,1139.17,1010.62,1022.11,1245.0,1111.0,1312.49,1218.74,1248.0,1239.0,1143.67,1057.41,1352.0,1242.0,1304.79,1239.0,1407.0,1191.0,1125.55,1113.88,840.09,934.18,1272.8,1193.6,1456.54,1347.81,1087.28,979.76,925.0,923.0,1130.0,1023.33,1410.0,1280.0,1502.0,1238.0,921.01,947.41,1260.0,1226.0,936.39,970.74,1167.02,1294.04,1118.0,1067.12,1156.0,1080.0,1264.94,1334.06
2020-03-23,1250.9436497315733,1157.288296378497,1315.4118133859365,1189.6805126693148,1085.0,1060.0,1076.1,1209.1,1013.19,1009.1,1061.02,1148.16,1038.76,1036.44,1264.0,1119.0,1325.19,1218.11,1249.0,1239.0,1176.33,1084.89,1462.0,1254.0,1333.82,1256.91,1440.0,1214.0,1171.71,1145.15,912.0,954.14,1311.2,1216.2,1477.47,1368.48,1112.53,1004.67,925.0,905.0,1180.6,1089.6,1410.0,1280.0,1548.0,1242.0,946.57,969.34,1317.0,1233.0,945.53,979.31,1168.86,1289.26,1206.04,1142.24,1203.0,1095.0,1286.92,1327.41
2020-03-16,1303.5279838855813,1199.6333204117595,1354.532958082862,1221.3990335123767,1071.0,1053.0,1210.3,1252.5,1059.87,1058.24,1171.25,1207.6,1116.91,1107.27,1303.0,1139.0,1391.66,1244.46,1299.0,1279.0,1233.13,1127.8,1424.0,1289.0,1404.43,1301.22,1500.0,1260.0,1229.4,1190.87,1017.44,1044.74,1426.9,1329.4,1496.59,1389.03,1140.3,1055.52,1049.0,989.0,1212.2,1115.8,1410.0,1280.0,1551.0,1244.0,1046.43,1070.08,1397.0,1275.0,981.71,1015.86,1330.85,1399.02,1245.01,1172.53,1240.0,1132.0,1323.48,1367.86
2020-03-09,1361.622811691603,1252.4244584906462,1407.2968985450636,1271.157792996749,1157.0,1117.0,1320.4,1352.3,1092.55,1080.68,1199.8,1231.54,1214.01,1201.26,1359.0,1189.0,1522.19,1322.71,1299.0,1279.0,1277.79,1171.08,1477.0,1353.0,1458.94,1361.32,1562.0,1311.0,1268.08,1215.36,1092.76,1117.85,1426.9,1329.4,1522.31,1414.2,1196.28,1110.1,1157.0,1059.0,1248.33,1162.0,1410.0,1280.0,1622.0,1313.0,1106.54,1134.54,1466.0,1328.0,1036.08,1067.73,1412.09,1461.06,1266.84,1200.2,1271.0,1163.0,1398.94,1444.82
2020-03-02,1382.6498580489067,1274.1827013204097,1427.687105575797,1293.0798251764954,1184.0,1138.0,1377.0,1417.2,1099.45,1089.27,1200.43,1238.06,1226.6,1217.59,1373.0,1200.0,1548.24,1322.09,1363.0,1353.0,1293.13,1190.06,1502.0,1381.0,1488.51,1391.55,1592.0,1338.0,1327.32,1274.27,1142.33,1165.71,1428.4,1338.3,1540.15,1432.16,1211.18,1136.73,1194.0,1084.0,1262.6,1176.4,1410.0,1280.0,1651.0,1342.0,1116.02,1152.05,1497.0,1353.0,1045.92,1073.37,1457.81,1498.17,1261.42,1196.06,1294.0,1187.0,1405.43,1453.54
2020-02-24,1405.0892242021157,1292.2043796114235,1450.6932644424696,1310.9357261028335,1211.0,1171.0,1375.6,1415.0,1102.16,1094.54,1201.25,1240.54,1248.23,1239.26,1413.0,1239.0,1602.43,1362.8,1385.0,1375.0,1299.83,1201.55,1599.0,1385.0,1488.95,1399.98,1596.0,1343.0,1314.53,1268.05,1139.25,1166.84,1431.4,1341.0,1545.5,1439.42,1217.83,1138.76,1225.0,1115.0,1266.0,1179.33,1410.0,1280.0,1682.0,1375.0,1131.82,1172.6,1508.0,1366.0,1064.1,1089.76,1492.07,1525.04,1257.49,1192.09,1286.0,1183.0,1472.52,1522.96
2020-02-17,1400.0247407208576,1293.804146535272,1443.6042784281863,1309.9059110160724,1196.0,1160.0,1363.4,1397.5,1105.89,1104.56,1204.21,1254.71,1270.4,1261.57,1402.0,1240.0,1575.61,1362.77,1386.0,1375.0,1296.79,1200.35,1597.0,1394.0,1494.75,1399.9,1592.0,1344.0,1309.61,1259.92,1135.96,1162.85,1438.7,1349.8,1547.14,1441.36,1216.81,1132.45,1203.0,1115.0,1250.33,1164.0,1410.0,1280.0,1660.0,1358.0,1148.41,1195.31,1500.0,1370.0,1062.17,1087.4,1468.53,1514.48,1274.41,1213.8,1288.0,1184.0,1487.25,1540.2
2020-02-10,1398.5153630371562,1297.2511227334448,1442.5711661385226,1314.3783666591219,1201.0,1176.0,1390.4,1406.3,1107.27,1110.08,1206.38,1274.88,1261.49,1253.34,1396.0,1240.0,1561.75,1348.96,1318.0,1309.0,1298.9,1206.24,1517.0,1407.0,1498.87,1402.79,1596.0,1351.0,1319.38,1271.09,1135.94,1159.64,1450.5,1356.7,1554.68,1450.67,1222.54,1149.53,1203.0,1088.0,1301.0,1223.83,1410.0,1280.0,1662.0,1355.0,1149.92,1199.31,1497.0,1373.0,1071.89,1097.91,1456.57,1499.04,1289.1,1239.01,1291.0,1187.0,1473.85,1532.64
2020-02-03,1404.3842412519416,1310.9524547014198,1448.9993038360476,1330.7707150490037,1212.0,1186.0,1354.5,1397.5,1107.83,1111.62,1205.06,1291.07,1262.22,1256.35,1397.0,1247.0,1588.41,1362.26,1345.0,1326.0,1307.63,1221.4,1535.0,1428.0,1516.02,1434.32,1605.0,1368.0,1342.38,1306.65,1145.63,1184.39,1455.7,1366.2,1570.49,1468.97,1233.04,1168.94,1203.0,1121.0,1330.33,1264.17,1410.0,1280.0,1669.0,1370.0,1145.51,1194.8,1510.0,1387.0,1075.74,1111.87,1460.19,1495.3,1295.31,1262.32,1313.0,1229.0,1484.49,1550.88
2020-01-27,1414.5987746239034,1330.6790172210312,1457.6098480161813,1350.8587107276842,1225.0,1202.0,1406.9,1461.8,1109.26,1114.99,1201.57,1290.66,1265.51,1261.62,1393.0,1267.0,1615.19,1402.42,1415.0,1396.0,1317.96,1235.97,1530.0,1438.0,1534.3,1463.48,1617.0,1385.0,1352.28,1327.02,1169.97,1210.04,1457.4,1366.9,1587.13,1482.32,1245.84,1176.43,1239.0,1138.0,1335.83,1271.0,1410.0,1280.0,1684.0,1389.0,1155.24,1206.93,1522.0,1387.0,1085.94,1123.71,1491.37,1547.62,1300.11,1283.48,1326.0,1220.0,1509.46,1575.2
2020-01-20,1421.993372336218,1344.2902390425688,1463.8669651424425,1364.3421998923932,1233.0,1209.0,1412.76,1489.5,1109.32,1118.93,1196.6,1284.71,1272.84,1271.08,1401.0,1284.0,1628.62,1415.84,1410.0,1410.0,1321.78,1246.58,1558.0,1461.0,1540.13,1479.11,1621.0,1395.0,1360.45,1360.31,1173.87,1240.99,1457.4,1365.0,1587.11,1488.57,1246.42,1180.09,1239.0,1161.0,1314.33,1246.0,1410.0,1280.0,1697.0,1408.0,1167.72,1217.07,1530.0,1406.0,1093.56,1135.26,1509.93,1570.0,1300.86,1285.49,1329.0,1237.0,1491.37,1556.61
2020-01-13,1426.9989230300694,1357.233930808119,1468.191970878699,1377.7804086955464,1243.0,1221.0,1414.8,1490.5,1110.08,1120.62,1183.02,1277.34,1271.11,1270.35,1400.0,1308.0,1641.87,1455.87,1405.0,1406.0,1326.03,1253.95,1567.0,1475.0,1548.32,1490.84,1623.0,1401.0,1357.51,1364.23,1190.03,1257.73,1455.1,1364.9,1593.76,1493.37,1248.63,1178.8,1259.0,1202.0,1340.83,1269.5,1410.0,1280.0,1714.0,1437.0,1175.58,1227.61,1535.0,1423.0,1098.04,1138.71,1518.31,1586.87,1304.57,1291.3,1340.0,1252.0,1482.82,1547.2
2020-01-06,1431.2172104873794,1358.6602029052656,1473.2492142832848,1379.8298283569147,1238.0,1221.0,1445.9,1520.5,1108.19,1123.17,1178.87,1271.03,1260.31,1258.92,1419.0,1328.0,1668.63,1482.63,1379.0,1380.0,1320.63,1247.07,1564.0,1468.0,1536.49,1484.12,1616.0,1398.0,1364.41,1368.7,1208.07,1274.81,1445.2,1353.8,1590.14,1489.21,1241.54,1181.05,1226.0,1134.0,1326.5,1264.83,1410.0,1280.0,1716.0,1441.0,1171.13,1224.56,1534.0,1421.0,1086.83,1115.78,1520.87,1585.25,1298.27,1272.75,1341.0,1252.0,1479.62,1543.8
2019-12-16,1419.545784811922,1345.9822926667096,1444.1287477990352,1338.6135794782926,1228.0,1199.0,1407.6,1458.0,1106.22,1111.28,1185.82,1254.75,1244.12,1240.28,1371.0,1254.0,1628.51,1388.98,1392.0,1393.0,1303.01,1221.01,1532.0,1432.0,1520.77,1456.39,1591.0,1383.0,1340.84,1330.76,1166.69,1233.51,1430.6,1332.0,1578.01,1474.37,1208.73,1143.89,1213.0,1111.0,1275.0,1205.17,1410.0,1280.0,1667.0,1384.0,1156.92,1189.28,1481.0,1369.0,1145.03,1179.6,1489.83,1543.28,1302.13,1246.13,1324.0,1232.0,1490.5,1553.22
2019-12-09,1420.6511953492682,1340.8170351125357,1449.046592265229,1334.3193206812705,1246.0,1210.0,1391.8,1425.1,1105.06,1112.41,1188.75,1254.75,1244.95,1240.17,1387.0,1246.0,1615.3,1389.13,1383.0,1382.0,1304.52,1218.48,1535.0,1434.0,1519.6,1451.86,1595.0,1385.0,1359.49,1337.98,1163.91,1233.86,1425.9,1327.4,1580.43,1476.08,1206.99,1143.12,1213.0,1111.0,1260.5,1193.67,1410.0,1280.0,1655.0,1373.0,1155.42,1180.47,1485.0,1368.0,1155.3,1187.41,1477.31,1523.69,1300.54,1252.28,1324.0,1232.0,1481.66,1541.54
2019-12-02,1420.7686592123284,1338.4393532199963,1453.0192629899382,1334.2047447625441,1243.0,1205.0,1373.1,1427.0,1105.32,1110.23,1185.92,1255.93,1249.28,1240.39,1401.0,1254.0,1619.55,1412.09,1310.0,1309.0,1306.23,1219.17,1518.0,1414.0,1517.73,1443.72,1597.0,1386.0,1359.64,1323.74,1179.55,1228.99,1416.2,1319.5,1580.78,1476.32,1210.19,1146.72,1213.0,1111.0,1262.33,1196.5,1410.0,1280.0,1663.0,1385.0,1150.96,1172.94,1490.0,1366.0,1160.56,1192.59,1484.37,1527.83,1295.37,1255.38,1326.0,1233.0,1464.58,1523.08
2019-11-25,1418.513646349698,1334.6197437210244,1451.6485631155679,1331.3885804228992,1239.0,1204.0,1387.7,1435.7,1105.17,1111.9,1186.05,1256.12,1252.54,1243.79,1401.0,1253.0,1606.08,1385.25,1355.0,1355.0,1298.95,1214.53,1537.0,1440.0,1509.63,1438.1,1590.0,1383.0,1349.29,1329.66,1153.56,1215.82,1414.9,1316.6,1576.5,1470.24,1211.07,1143.35,1213.0,1111.0,1262.83,1196.67,1410.0,1280.0,1663.0,1371.0,1143.02,1160.69,1487.0,1364.0,1154.79,1187.49,1479.96,1517.46,1285.19,1252.28,1326.0,1235.0,1465.47,1521.11
2019-11-18,1417.042123286276,1335.3656222183174,1447.7489581089792,1331.5059073578643,1238.0,1207.0,1388.0,1429.5,1109.07,1114.07,1188.65,1257.53,1248.86,1239.17,1395.0,1253.0,1619.25,1398.44,1350.0,1350.0,1297.79,1214.55,1524.0,1422.0,1511.67,1441.31,1589.0,1383.0,1351.34,1327.96,1153.63,1207.3,1411.8,1315.1,1573.81,1469.99,1210.9,1141.95,1213.0,1111.0,1257.83,1192.17,1410.0,1280.0,1652.0,1367.0,1144.83,1159.81,1495.0,1367.0,1152.73,1193.08,1469.56,1519.84,1279.06,1250.15,1324.0,1242.0,1471.72,1527.55
2019-11-11,1417.4401770330076,1334.0908138914817,1450.278757440414,1331.5357239556743,1244.0,1205.0,1381.7,1449.3,1109.12,1112.96,1177.72,1248.18,1253.9,1244.26,1398.0,1249.0,1605.95,1385.13,1333.0,1322.0,1299.51,1215.81,1529.0,1420.0,1511.29,1441.32,1588.0,1383.0,1341.16,1323.82,1156.62,1202.4,1412.1,1313.9,1573.73,1470.29,1212.59,1142.53,1210.0,1111.0,1260.0,1195.5,1410.0,1280.0,1668.0,1373.0,1150.57,1153.19,1497.0,1365.0,1150.58,1203.23,1460.99,1515.81,1277.87,1252.64,1317.0,1243.0,1464.77,1521.12
2019-11-04,1411.7547154656907,1333.114295582129,1444.6171807193036,1331.1901301637445,1233.0,1202.0,1381.7,1449.3,1106.67,1113.38,1177.54,1246.65,1252.09,1245.07,1393.0,1249.0,1592.76,1371.92,1357.0,1341.0,1296.59,1214.45,1512.0,1408.0,1499.26,1443.1,1583.0,1383.0,1324.37,1326.39,1161.02,1237.18,1418.6,1319.0,1572.41,1469.23,1209.6,1144.18,1210.0,1111.0,1261.0,1199.17,1410.0,1280.0,1651.0,1367.0,1153.64,1155.84,1482.0,1365.0,1146.74,1204.86,1459.99,1506.14,1276.18,1253.1,1315.0,1242.0,1453.77,1509.54
2019-10-28,1408.5823547859334,1332.3190999623305,1440.4102048326858,1329.5754026481998,1233.0,1205.0,1364.0,1425.4,1107.87,1112.03,1178.65,1242.72,1255.53,1249.14,1385.0,1251.0,1592.89,1398.8,1356.0,1330.0,1296.57,1211.89,1521.0,1415.0,1492.13,1438.84,1582.0,1383.0,1316.69,1322.73,1158.15,1236.63,1420.9,1321.4,1571.89,1467.93,1211.14,1141.85,1210.0,1111.0,1265.5,1201.0,1410.0,1280.0,1645.0,1371.0,1149.52,1151.4,1474.0,1363.0,1141.05,1197.51,1440.33,1511.68,1287.73,1256.1,1316.0,1242.0,1456.84,1512.88
2019-10-21,1412.8252362194091,1334.5482168171143,1442.9554173502606,1330.8968314650795,1232.0,1202.0,1367.4,1424.3,1106.91,1110.96,1190.21,1245.08,1250.8,1241.32,1389.0,1254.0,1606.25,1412.16,1351.0,1336.0,1302.34,1211.74,1538.0,1423.0,1497.11,1440.24,1587.0,1383.0,1335.88,1326.74,1151.37,1234.91,1426.0,1324.0,1574.44,1469.94,1210.63,1139.16,1190.0,1111.0,1270.83,1205.5,1410.0,1280.0,1635.0,1370.0,1148.68,1150.24,1475.0,1365.0,1146.52,1177.44,1442.82,1515.22,1296.67,1259.95,1315.0,1242.0,1470.99,1527.74
2019-10-14,1413.5317039061545,1333.0212061218529,1451.594458120397,1334.1767841678652,1239.0,1206.0,1402.6,1439.8,1108.01,1111.61,1196.86,1248.56,1247.61,1233.55,1402.0,1261.0,1579.88,1385.75,1349.0,1332.0,1308.45,1213.19,1527.0,1418.0,1505.59,1440.4,1596.0,1386.0,1345.09,1321.13,1170.58,1220.74,1430.0,1328.5,1579.07,1472.95,1214.51,1140.0,1190.0,1120.0,1275.0,1210.5,1410.0,1280.0,1637.0,1369.0,1145.59,1147.07,1487.0,1364.0,1158.12,1203.56,1449.19,1500.88,1299.46,1267.92,1321.0,1242.0,1442.39,1499.07
2019-10-07,1415.5595935254962,1333.2871280808472,1458.9269614771945,1337.1572619768356,1248.0,1210.0,1409.9,1421.7,1110.99,1114.35,1202.56,1254.57,1254.45,1244.25,1408.0,1261.0,1606.88,1372.54,1372.0,1360.0,1313.56,1221.0,1537.0,1421.0,1505.23,1445.98,1605.0,1392.0,1355.96,1341.82,1171.07,1231.35,1418.1,1316.1,1585.51,1479.13,1216.63,1139.81,1221.0,1120.0,1275.18,1193.82,1410.0,1280.0,1658.0,1369.0,1141.74,1143.86,1493.0,1372.0,1166.87,1212.61,1450.74,1499.22,1301.7,1275.84,1328.0,1233.0,1423.02,1478.56
2019-09-30,1419.6983204586568,1341.2953384068735,1460.9419068898915,1344.7472969989697,1244.0,1216.0,1401.0,1442.3,1108.94,1113.72,1197.89,1252.86,1246.67,1234.78,1408.0,1266.0,1672.87,1498.75,1352.0,1339.0,1320.95,1229.67,1545.0,1437.0,1510.39,1454.76,1611.0,1396.0,1377.14,1360.95,1174.12,1244.62,1416.3,1312.6,1591.92,1485.67,1236.57,1148.95,1240.0,1139.0,1275.44,1192.5,1410.0,1280.0,1655.0,1384.0,1131.79,1134.66,1500.0,1382.0,1169.99,1215.42,1469.74,1524.9,1283.28,1258.57,1334.0,1241.0,1432.99,1488.42
2019-09-23,1422.2267575557482,1341.756933930704,1465.6553258626823,1345.648140888667,1269.0,1231.0,1387.3,1449.5,1104.6,1106.0,1186.36,1242.02,1244.34,1230.32,1416.0,1268.0,1672.83,1512.11,1335.0,1321.0,1318.47,1226.2,1566.0,1460.0,1510.47,1455.57,1611.0,1394.0,1337.01,1336.34,1159.72,1233.09,1418.1,1312.8,1589.68,1483.09,1240.58,1163.3,1261.0,1126.0,1273.88,1189.25,1410.0,1280.0,1676.0,1396.0,1132.3,1136.87,1502.0,1383.0,1159.3,1203.08,1467.01,1533.28,1273.72,1248.47,1321.0,1217.0,1435.08,1488.78
2019-09-16,1408.5631905874618,1324.4123654323432,1446.6386127509134,1323.7589079891925,1245.0,1200.0,1366.5,1426.8,1100.04,1099.72,1177.95,1221.09,1239.74,1222.16,1403.0,1247.0,1580.29,1386.1,1296.0,1270.0,1304.28,1209.16,1524.0,1391.0,1489.45,1429.75,1589.0,1374.0,1326.26,1325.04,1147.75,1227.26,1413.7,1308.1,1570.5,1463.15,1222.49,1142.83,1202.0,1126.0,1272.5,1186.13,1410.0,1280.0,1638.0,1367.0,1150.11,1150.97,1477.0,1360.0,1145.73,1189.67,1459.38,1535.1,1270.55,1242.24,1322.0,1214.0,1433.94,1483.97
2019-09-09,1408.0602130461573,1315.9538141107112,1445.1589839419298,1314.5823420311478,1246.0,1197.0,1361.7,1482.3,1100.32,1100.13,1179.91,1215.23,1246.76,1222.28,1404.0,1234.0,1608.62,1387.44,1322.0,1297.0,1302.09,1200.17,1518.0,1376.0,1476.85,1410.25,1590.0,1369.0,1333.83,1312.47,1154.24,1212.63,1424.6,1318.3,1565.19,1454.98,1229.83,1138.14,1202.0,1103.0,1270.47,1183.65,1410.0,1280.0,1634.0,1346.0,1152.15,1145.73,1480.0,1342.0,1142.42,1185.93,1456.97,1514.01,1269.29,1238.51,1334.0,1216.0,1431.41,1477.31
2019-09-02,1403.8429193447844,1307.7763921185995,1445.908379153164,1308.6805478325487,1233.0,1181.0,1365.7,1417.2,1104.69,1102.87,1185.74,1215.43,1245.5,1219.57,1402.0,1229.0,1595.97,1374.68,1328.0,1306.0,1307.0,1197.61,1509.0,1343.0,1491.39,1411.98,1595.0,1370.0,1323.95,1315.43,1150.67,1198.61,1420.6,1311.7,1566.06,1455.0,1237.5,1142.7,1219.0,1103.0,1275.53,1187.29,1410.0,1280.0,1634.0,1330.0,1146.2,1133.83,1482.0,1335.0,1156.86,1184.67,1453.89,1488.6,1287.16,1242.39,1321.0,1203.0,1407.88,1456.63
2019-08-26,1409.4537618596707,1309.2875431208938,1451.8003126891397,1309.344185618021,1239.0,1180.0,1380.7,1416.7,1107.39,1106.38,1196.36,1213.48,1254.03,1226.7,1409.0,1229.0,1595.94,1388.07,1330.0,1303.0,1308.95,1198.25,1542.0,1372.0,1492.07,1410.26,1598.0,1370.0,1325.25,1305.24,1144.2,1193.82,1429.3,1316.9,1568.66,1456.84,1234.38,1146.38,1219.0,1103.0,1277.76,1187.35,1410.0,1280.0,1642.0,1334.0,1162.18,1144.28,1487.0,1334.0,1156.01,1168.66,1452.63,1487.98,1299.72,1242.95,1321.0,1203.0,1412.0,1459.24
2019-08-19,1413.2606482101742,1309.7828739722693,1459.6455179441168,1312.5531220374855,1237.0,1176.0,1437.8,1469.7,1109.09,1110.74,1220.12,1234.3,1256.32,1223.74,1420.0,1237.0,1595.56,1360.92,1351.0,1320.0,1312.94,1200.28,1552.0,1380.0,1493.31,1406.29,1604.0,1371.0,1335.05,1300.26,1165.49,1202.77,1429.8,1322.3,1571.8,1458.8,1233.89,1146.85,1219.0,1085.0,1279.88,1188.44,1410.0,1280.0,1643.0,1321.0,1159.93,1139.97,1489.0,1329.0,1166.73,1167.82,1464.56,1485.07,1317.38,1251.94,1326.0,1204.0,1399.45,1447.82
2019-08-12,1416.5149884648868,1309.2190041552824,1463.1267121441213,1310.628511872855,1247.0,1180.0,1362.1,1360.4,1111.33,1115.13,1224.0,1241.71,1257.56,1223.88,1423.0,1226.0,1594.47,1353.29,1361.0,1324.0,1321.68,1208.16,1544.0,1366.0,1507.06,1415.51,1612.0,1376.0,1379.42,1331.38,1201.97,1222.44,1437.3,1325.7,1579.93,1466.93,1234.9,1145.0,1219.0,1085.0,1279.44,1188.81,1410.0,1280.0,1649.0,1321.0,1184.95,1164.0,1505.0,1341.0,1182.39,1181.34,1475.1,1486.28,1329.58,1255.27,1341.0,1206.0,1385.96,1431.61
2019-08-05,1435.43061442801,1325.4188866316226,1484.5845487004926,1327.9147367240462,1266.0,1198.0,1441.6,1450.5,1112.92,1114.98,1220.65,1234.07,1265.21,1234.09,1451.0,1248.0,1647.51,1393.02,1361.0,1324.0,1331.48,1216.72,1568.0,1390.0,1519.26,1429.26,1625.0,1385.0,1384.46,1328.5,1212.3,1227.04,1415.8,1304.7,1592.34,1478.79,1237.46,1150.83,1256.0,1110.0,1279.25,1187.44,1410.0,1280.0,1681.0,1348.0,1201.2,1180.02,1520.0,1354.0,1195.21,1205.4,1494.38,1499.03,1330.58,1249.38,1367.0,1226.0,1397.15,1443.25
2019-07-29,1438.721959504828,1326.053675457333,1482.539729720528,1325.1559111124984,1263.0,1194.0,1443.9,1447.1,1112.86,1111.98,1222.51,1234.68,1274.24,1242.38,1450.0,1247.0,1647.29,1392.83,1366.0,1334.0,1327.56,1212.06,1575.0,1395.0,1518.28,1424.84,1625.0,1384.0,1387.98,1321.73,1202.51,1211.08,1416.7,1300.9,1592.01,1478.29,1230.1,1140.86,1233.0,1110.0,1279.06,1187.06,1360.0,1230.0,1671.0,1343.0,1210.34,1188.39,1516.0,1350.0,1191.87,1201.91,1520.24,1489.04,1331.21,1245.28,1365.0,1224.0,1415.63,1466.07
2019-07-22,1438.6852775732264,1327.5678544142334,1480.7505848277897,1326.1155693685241,1266.0,1192.0,1444.8,1451.9,1114.8,1112.17,1221.61,1232.82,1278.77,1247.32,1436.0,1242.0,1620.68,1366.19,1362.0,1333.0,1329.97,1213.55,1548.0,1357.0,1530.88,1430.55,1629.0,1385.0,1405.48,1326.57,1229.49,1231.45,1401.8,1296.9,1599.93,1487.01,1230.64,1137.78,1262.0,1113.0,1279.12,1187.18,1360.0,1230.0,1681.0,1344.0,1215.17,1193.84,1525.0,1350.0,1184.95,1196.76,1510.81,1487.1,1309.97,1238.89,1366.0,1226.0,1420.61,1469.57
2019-07-15,1445.2708195862995,1327.4240765390878,1492.9688917793223,1326.9648807953497,1274.0,1208.0,1431.6,1419.3,1110.71,1106.84,1199.9,1219.28,1275.96,1240.72,1478.0,1257.0,1660.66,1406.21,1361.0,1331.0,1321.49,1210.54,1561.0,1370.0,1520.68,1422.69,1623.0,1382.0,1372.02,1308.04,1204.87,1207.94,1415.1,1306.8,1596.75,1484.47,1229.93,1137.2,1243.0,1091.0,1275.94,1184.94,1360.0,1230.0,1690.0,1358.0,1208.73,1187.5,1521.0,1346.0,1182.33,1194.86,1523.26,1499.58,1295.62,1234.25,1350.0,1224.0,1414.53,1467.18
2019-07-08,1435.0104760104348,1320.319942480841,1478.0972747164756,1317.2926077492784,1269.0,1207.0,1420.4,1426.4,1113.31,1103.56,1195.49,1218.01,1279.9,1244.93,1460.0,1241.0,1634.71,1366.72,1352.0,1324.0,1311.77,1205.21,1556.0,1377.0,1491.78,1403.38,1605.0,1377.0,1365.15,1315.94,1198.92,1212.15,1419.4,1309.4,1590.42,1480.9,1224.14,1130.89,1224.0,1091.0,1278.06,1186.24,1360.0,1230.0,1659.0,1339.0,1212.45,1191.65,1506.0,1341.0,1170.12,1189.06,1507.93,1484.34,1286.44,1228.44,1351.0,1226.0,1415.49,1469.24
2019-07-01,1435.5289560450371,1324.2666581037713,1480.6140437111374,1322.043093326077,1254.0,1195.0,1395.2,1430.0,1108.3,1105.51,1188.71,1211.9,1279.81,1248.37,1474.0,1254.0,1634.36,1379.83,1344.0,1316.0,1308.35,1201.47,1537.0,1369.0,1509.58,1417.99,1599.0,1374.0,1344.6,1302.15,1182.89,1217.44,1435.5,1330.9,1588.76,1478.85,1236.78,1138.39,1224.0,1091.0,1278.5,1186.88,1360.0,1230.0,1658.0,1345.0,1217.58,1195.44,1497.0,1338.0,1166.11,1190.09,1510.67,1501.19,1282.62,1214.82,1329.0,1214.0,1409.83,1466.32
2019-06-24,1435.5163542943876,1321.7265495227819,1480.276716093563,1317.7601773237375,1246.0,1187.0,1416.1,1424.8,1108.97,1108.29,1189.51,1211.34,1277.29,1245.22,1481.0,1256.0,1607.22,1379.53,1321.0,1287.0,1301.65,1194.23,1553.0,1380.0,1508.03,1408.62,1594.0,1371.0,1343.88,1290.75,1161.61,1190.34,1438.5,1335.9,1590.01,1480.69,1226.93,1125.84,1203.0,1078.0,1279.88,1188.18,1360.0,1230.0,1634.0,1323.0,1217.8,1195.76,1488.0,1327.0,1165.2,1189.57,1507.38,1512.09,1312.47,1243.05,1324.0,1194.0,1417.37,1475.01
2019-06-17,1443.0651052924663,1325.001039237008,1486.3976642002674,1318.171114662384,1263.0,1197.0,1379.2,1392.1,1115.79,1120.33,1201.19,1206.05,1285.41,1252.27,1485.0,1248.0,1606.99,1352.55,1357.0,1317.0,1306.62,1199.2,1569.0,1397.0,1515.35,1412.47,1601.0,1377.0,1336.17,1288.37,1190.35,1203.75,1442.2,1344.2,1595.79,1486.77,1249.88,1146.95,1203.0,1063.0,1312.29,1206.47,1360.0,1230.0,1651.0,1312.0,1225.25,1203.84,1492.0,1323.0,1177.57,1202.78,1502.61,1484.3,1336.54,1270.33,1344.0,1200.0,1431.05,1499.39
2019-06-10,1457.7141543038829,1338.7560391838374,1502.3190358083793,1331.838372236207,1267.0,1197.0,1424.5,1402.9,1125.75,1134.84,1241.79,1247.78,1298.21,1257.59,1496.0,1253.0,1606.81,1352.4,1377.0,1346.0,1325.17,1219.12,1583.0,1408.0,1542.95,1435.63,1611.0,1389.0,1379.39,1327.48,1230.42,1242.94,1445.9,1347.9,1605.95,1497.42,1257.01,1161.88,1249.0,1063.0,1319.41,1214.29,1360.0,1230.0,1677.0,1336.0,1232.41,1213.08,1524.0,1339.0,1186.38,1211.14,1507.12,1485.42,1337.04,1279.12,1368.0,1217.0,1444.13,1517.14
2019-06-03,1486.5071079251168,1366.7509728373275,1535.7294702620252,1364.7690529055485,1305.0,1237.0,1528.2,1515.2,1130.83,1141.5,1246.2,1269.34,1296.84,1260.88,1536.0,1285.0,1687.2,1392.61,1368.0,1330.0,1349.11,1247.11,1596.0,1423.0,1584.1,1472.66,1638.0,1411.0,1402.0,1351.31,1267.07,1265.68,1446.8,1352.1,1621.9,1514.36,1268.54,1179.23,1287.0,1130.0,1322.31,1247.94,1360.0,1230.0,1717.0,1377.0,1228.98,1209.69,1570.0,1374.0,1208.85,1234.84,1577.79,1522.89,1339.48,1291.32,1415.0,1259.0,1460.28,1539.12
2019-05-27,1490.626577632223,1375.2824668837225,1541.8708110786197,1374.8689172338397,1313.0,1249.0,1495.5,1465.2,1135.95,1145.34,1244.76,1276.83,1288.65,1258.3,1539.0,1295.0,1700.41,1405.85,1426.0,1388.0,1357.44,1260.94,1603.0,1433.0,1594.32,1489.8,1645.0,1418.0,1397.01,1365.62,1268.21,1276.95,1446.8,1352.1,1631.14,1524.63,1272.45,1180.31,1287.0,1130.0,1322.56,1248.19,1360.0,1230.0,1733.0,1391.0,1226.7,1207.79,1581.0,1396.0,1218.17,1242.61,1564.0,1525.74,1348.35,1288.62,1428.0,1277.0,1463.79,1546.57
2019-05-20,1485.5355292246147,1376.19434517382,1534.8315370758244,1375.2479173785703,1306.0,1249.0,1438.7,1458.7,1134.29,1144.21,1243.32,1265.71,1281.65,1258.01,1533.0,1308.0,1700.57,1432.76,1414.0,1374.0,1354.64,1259.11,1604.0,1436.0,1579.5,1481.56,1641.0,1414.0,1382.83,1352.8,1237.13,1259.64,1441.9,1349.0,1624.17,1517.75,1274.72,1195.71,1285.0,1143.0,1322.29,1247.94,1360.0,1230.0,1736.0,1403.0,1219.54,1204.82,1571.0,1397.0,1219.22,1250.49,1573.54,1551.81,1358.99,1289.03,1405.0,1274.0,1466.66,1550.14
2019-05-13,1479.3565381421745,1373.555781814658,1524.5030220418057,1370.31060756744,1296.0,1244.0,1476.7,1479.8,1123.46,1139.73,1254.56,1265.95,1279.64,1253.53,1508.0,1291.0,1671.4,1423.64,1385.0,1344.0,1355.26,1257.94,1585.0,1422.0,1581.04,1480.91,1645.0,1414.0,1409.04,1361.67,1248.67,1270.91,1438.6,1350.0,1625.82,1518.33,1255.71,1182.47,1285.0,1143.0,1322.19,1249.81,1360.0,1230.0,1709.0,1386.0,1212.12,1199.89,1563.0,1392.0,1219.96,1247.72,1528.21,1523.87,1355.28,1283.38,1404.0,1272.0,1482.0,1567.56
2019-05-06,1486.4052384920703,1379.7421415657604,1530.1952782031972,1375.0310026096172,1288.0,1238.0,1558.0,1557.8,1111.13,1135.16,1238.37,1262.64,1276.61,1252.97,1509.0,1298.0,1684.93,1437.14,1425.0,1385.0,1358.42,1258.08,1590.0,1432.0,1580.21,1477.81,1651.0,1413.0,1421.94,1362.18,1257.95,1283.65,1442.2,1349.3,1627.81,1519.07,1252.25,1182.87,1285.0,1143.0,1312.6,1240.13,1360.0,1230.0,1722.0,1396.0,1217.31,1206.29,1573.0,1396.0,1222.54,1250.73,1559.51,1534.52,1355.58,1283.07,1411.0,1272.0,1491.72,1584.26
2019-04-29,1475.5523859014063,1374.219836467325,1521.4625251660125,1371.813770146586,1292.0,1246.0,1479.3,1486.1,1097.94,1129.99,1230.9,1253.05,1269.99,1249.32,1495.0,1295.0,1698.55,1450.73,1425.0,1385.0,1353.94,1257.37,1592.0,1436.0,1580.22,1481.84,1648.0,1410.0,1406.17,1350.63,1243.51,1259.28,1431.3,1347.1,1625.87,1519.7,1240.67,1177.66,1285.0,1118.0,1305.0,1234.29,1360.0,1230.0,1727.0,1395.0,1211.69,1201.5,1564.0,1392.0,1217.34,1248.52,1572.29,1550.61,1335.98,1267.84,1389.0,1259.0,1463.53,1559.0
2019-04-15,1453.0877180986622,1359.4675618493388,1495.268303301091,1355.559120095793,1271.0,1232.0,1418.9,1448.7,1133.83,1128.37,1209.98,1247.95,1256.98,1236.21,1461.0,1272.0,1672.05,1424.19,1415.0,1375.0,1329.72,1242.22,1560.0,1428.0,1565.32,1469.48,1630.0,1400.0,1389.19,1330.96,1236.93,1245.97,1399.0,1349.0,1604.64,1505.5,1223.45,1165.69,1260.0,1102.0,1281.71,1212.82,1360.0,1230.0,1714.0,1379.0,1208.91,1203.94,1546.0,1383.0,1201.33,1236.64,1569.19,1542.9,1308.73,1256.23,1369.0,1250.0,1437.41,1540.63
2019-04-08,1431.5710665268255,1349.107156951278,1472.0147957350039,1344.013868582119,1244.0,1222.0,1420.9,1431.8,1064.69,1126.72,1190.81,1244.54,1239.14,1232.89,1430.0,1253.0,1658.38,1410.56,1386.0,1345.0,1307.56,1232.49,1537.0,1418.0,1545.57,1461.2,1611.0,1394.0,1368.58,1320.81,1222.76,1234.23,1389.0,1339.0,1588.6,1499.16,1196.1,1153.63,1237.0,1086.0,1253.88,1203.31,1360.0,1230.0,1688.0,1366.0,1179.02,1197.68,1526.0,1374.0,1188.34,1228.7,1551.4,1538.46,1296.82,1253.02,1344.0,1241.0,1424.25,1532.6
2019-04-01,1412.1210152645756,1343.5837588692752,1450.6293761800753,1338.7749515939997,1224.0,1214.0,1384.1,1418.0,1063.83,1130.32,1181.54,1245.2,1204.76,1221.78,1407.0,1246.0,1618.41,1410.75,1313.0,1302.0,1291.09,1228.41,1500.0,1412.0,1524.53,1457.1,1590.0,1390.0,1350.65,1311.74,1177.21,1212.83,1369.0,1329.0,1573.56,1497.71,1181.85,1145.3,1219.0,1086.0,1236.56,1203.19,1360.0,1230.0,1665.0,1359.0,1158.33,1183.24,1504.0,1369.0,1169.2,1220.29,1522.36,1527.74,1280.32,1260.59,1322.0,1241.0,1420.81,1534.99
2019-03-25,1395.0751920231612,1347.9821048608208,1431.2370551703527,1344.0739662996587,1204.0,1205.0,1394.6,1456.9,1058.3,1127.38,1176.9,1241.81,1188.21,1221.51,1382.0,1258.0,1618.31,1424.05,1331.0,1334.0,1277.78,1228.48,1476.0,1426.0,1495.6,1459.34,1572.0,1389.0,1347.45,1327.9,1165.0,1231.68,1359.0,1329.0,1562.82,1497.19,1161.61,1140.88,1177.0,1086.0,1216.94,1201.19,1360.0,1230.0,1633.0,1361.0,1132.81,1186.23,1486.0,1390.0,1161.48,1227.86,1509.53,1530.97,1269.54,1265.93,1301.0,1240.0,1410.99,1531.47
2019-03-18,1378.1831900678212,1348.0774316421875,1412.697655037927,1344.9634896111575,1207.0,1208.0,1370.9,1431.2,1040.63,1120.91,1158.74,1244.75,1187.81,1227.83,1346.0,1260.0,1578.64,1424.53,1284.0,1302.0,1267.9,1230.1,1475.0,1435.0,1484.95,1462.78,1563.0,1388.0,1330.31,1333.14,1166.27,1248.67,1359.0,1329.0,1554.03,1496.38,1144.46,1138.93,1177.0,1101.0,1208.5,1201.5,1360.0,1230.0,1622.0,1367.0,1109.62,1182.48,1471.0,1394.0,1148.99,1212.51,1460.68,1528.72,1256.94,1263.67,1296.0,1244.0,1406.43,1527.57
2019-03-11,1373.5611231556811,1347.8302762035237,1411.356166998537,1346.574079507946,1202.0,1210.0,1345.5,1469.5,1035.64,1118.9,1149.49,1240.26,1180.58,1217.92,1359.0,1262.0,1565.52,1424.78,1309.0,1329.0,1261.15,1228.87,1474.0,1442.0,1474.53,1462.0,1548.0,1386.0,1312.42,1334.68,1150.28,1251.93,1359.0,1329.0,1548.72,1493.17,1135.55,1135.48,1165.0,1101.0,1206.06,1202.47,1360.0,1230.0,1609.0,1370.0,1112.01,1186.36,1458.0,1394.0,1136.47,1212.59,1444.3,1519.35,1249.21,1263.39,1294.0,1252.0,1392.67,1514.29
2019-03-04,1367.4406819527026,1343.8591564247818,1404.0203134402857,1342.6078744843687,1189.0,1215.0,1326.9,1436.6,1031.29,1118.22,1141.69,1232.95,1178.68,1214.82,1352.0,1261.0,1551.95,1424.63,1303.0,1323.0,1257.55,1225.46,1473.0,1436.0,1469.89,1459.66,1539.0,1381.0,1311.81,1328.76,1149.87,1251.86,1349.0,1329.0,1542.33,1486.87,1126.72,1146.98,1165.0,1101.0,1199.25,1196.75,1360.0,1230.0,1598.0,1361.0,1093.86,1167.67,1455.0,1392.0,1136.82,1215.95,1432.31,1516.16,1225.75,1246.82,1292.0,1251.0,1395.76,1518.52
2019-02-25,1356.8323720445235,1334.8779458287333,1395.50509201607,1337.4377995920772,1197.0,1212.0,1328.9,1444.0,1012.37,1099.98,1125.79,1216.61,1173.31,1208.24,1336.0,1262.0,1551.97,1424.65,1298.0,1323.0,1252.7,1219.89,1427.0,1395.0,1458.62,1450.35,1531.0,1376.0,1284.02,1314.17,1136.27,1233.15,1349.0,1299.0,1534.68,1479.85,1122.47,1123.04,1165.0,1101.0,1189.88,1186.75,1360.0,1230.0,1609.0,1370.0,1086.37,1144.17,1452.0,1386.0,1119.04,1203.02,1438.09,1520.04,1209.18,1235.49,1269.0,1233.0,1373.08,1493.33
2019-02-18,1349.0760185609263,1321.8046983293605,1388.102365516491,1323.0804514907525,1178.0,1199.0,1313.1,1420.7,1002.46,1090.57,1109.46,1205.19,1166.36,1199.18,1348.0,1257.0,1545.16,1385.69,1263.0,1303.0,1236.28,1200.36,1447.0,1418.0,1441.17,1431.43,1506.0,1357.0,1266.37,1301.18,1101.2,1218.21,1328.0,1299.0,1517.76,1461.93,1103.48,1101.76,1138.0,1080.0,1178.56,1175.38,1360.0,1230.0,1589.0,1357.0,1095.23,1150.59,1426.0,1361.0,1108.99,1192.33,1442.9,1518.94,1209.6,1233.97,1249.0,1213.0,1358.7,1474.91
2019-02-11,1338.5192665116763,1312.3320746721017,1374.2958551389397,1310.5397337077914,1167.0,1190.0,1304.3,1395.8,993.41,1081.19,1107.2,1197.1,1163.65,1197.71,1328.0,1240.0,1504.62,1358.58,1249.0,1289.0,1230.5,1190.86,1433.0,1403.0,1434.28,1421.13,1492.0,1345.0,1259.13,1293.96,1083.52,1201.63,1349.0,1299.0,1508.24,1451.68,1092.52,1090.42,1138.0,1066.0,1171.0,1167.13,1360.0,1230.0,1562.0,1331.0,1109.65,1166.56,1415.0,1352.0,1101.43,1178.95,1405.33,1484.48,1213.32,1231.56,1237.0,1214.0,1357.85,1474.31
2019-02-04,1338.0241544892397,1310.1571556851472,1372.0062111981013,1307.1302798599704,1160.0,1178.0,1309.8,1435.8,982.69,1071.94,1105.56,1189.91,1172.61,1199.74,1332.0,1232.0,1504.27,1358.27,1280.0,1312.0,1226.46,1184.95,1412.0,1387.0,1434.52,1421.33,1490.0,1342.0,1260.47,1292.7,1080.82,1203.19,1329.0,1299.0,1499.38,1445.62,1102.76,1099.62,1117.0,1066.0,1170.63,1165.63,1360.0,1230.0,1555.0,1323.0,1118.74,1174.27,1412.0,1348.0,1089.05,1165.85,1414.23,1488.67,1202.37,1216.57,1236.0,1204.0,1358.69,1472.81
2019-01-28,1339.8049632648037,1309.09548101428,1370.9933811493072,1303.8899981373181,1169.0,1180.0,1283.6,1406.9,993.78,1066.95,1093.09,1175.48,1179.43,1200.69,1330.0,1234.0,1506.99,1362.32,1258.0,1282.0,1222.14,1177.68,1438.0,1411.0,1435.32,1418.15,1491.0,1341.0,1253.89,1284.59,1091.52,1213.56,1319.0,1299.0,1494.5,1440.68,1097.75,1091.16,1134.0,1066.0,1173.13,1166.81,1360.0,1230.0,1566.0,1327.0,1118.35,1174.16,1413.0,1345.0,1054.67,1144.54,1414.45,1493.48,1196.82,1205.66,1249.0,1194.0,1372.91,1485.79
2019-01-21,1336.5366991289889,1303.2556956977846,1371.8788004079709,1299.7179537034253,1168.0,1212.0,1302.9,1413.6,975.15,1064.59,1082.47,1170.79,1190.72,1211.42,1338.0,1236.0,1506.85,1375.59,1255.0,1265.0,1212.66,1166.3,1439.0,1401.0,1431.64,1407.98,1488.0,1337.0,1249.93,1269.86,1090.91,1206.29,1319.0,1259.0,1491.59,1436.28,1102.95,1097.66,1134.0,1066.0,1172.13,1165.53,1360.0,1230.0,1562.0,1318.0,1109.21,1164.94,1411.0,1337.0,1066.16,1154.43,1434.33,1512.36,1190.07,1197.49,1250.0,1195.0,1349.0,1460.01
2019-01-14,1333.5583824683993,1291.9840888193148,1370.8578236364776,1288.157598039478,1169.0,1177.0,1272.3,1370.1,975.9,1070.39,1081.27,1171.05,1200.11,1219.98,1353.0,1236.0,1507.25,1335.76,1210.0,1230.0,1197.11,1148.32,1440.0,1389.0,1420.78,1391.71,1481.0,1331.0,1230.14,1235.25,1065.86,1157.88,1339.0,1299.0,1482.55,1426.01,1104.15,1099.31,1112.0,1050.0,1173.53,1166.93,1360.0,1230.0,1556.0,1313.0,1109.23,1166.22,1418.0,1328.0,1093.18,1158.0,1416.78,1469.56,1187.94,1194.86,1228.0,1173.0,1339.03,1450.42
2019-01-07,1330.2853384075847,1285.4393552635606,1365.209182943206,1278.438310925186,1172.0,1175.0,1293.3,1374.0,978.72,1073.62,1089.96,1182.81,1213.32,1231.15,1352.0,1226.0,1493.14,1308.34,1240.0,1290.0,1179.5,1129.84,1419.0,1393.0,1407.14,1376.03,1475.0,1330.0,1216.72,1214.16,1067.13,1171.08,1349.0,1299.0,1486.0,1428.88,1091.85,1084.26,1112.0,1030.0,1190.88,1184.63,1360.0,1230.0,1519.0,1277.0,1115.48,1173.77,1403.0,1302.0,1065.95,1139.64,1416.34,1466.82,1212.21,1230.87,1233.0,1176.0,1340.56,1452.62
2018-12-17,1364.0463478901459,1326.6734672438104,1411.0147425597509,1326.8118045944568,1212.0,1219.0,1326.0,1454.3,1000.91,1090.68,1206.58,1296.21,1230.15,1257.12,1425.0,1299.0,1502.83,1338.08,1260.0,1310.0,1211.71,1163.62,1484.0,1469.0,1431.91,1424.7,1510.0,1368.0,1258.44,1276.54,1089.1,1210.21,1399.0,1318.0,1520.36,1460.96,1119.45,1114.93,1137.0,1084.0,1210.94,1204.06,1360.0,1230.0,1516.0,1299.0,1127.97,1190.99,1435.0,1310.0,1089.9,1174.86,1410.27,1491.75,1228.49,1266.42,1257.0,1220.0,1346.36,1460.22
2018-12-10,1376.8323493788944,1340.1885435202323,1428.5465584516933,1342.7493928217427,1242.0,1245.0,1303.7,1436.3,1005.95,1100.27,1208.12,1297.13,1237.88,1266.06,1460.0,1334.0,1503.24,1365.24,1260.0,1310.0,1224.17,1176.62,1472.0,1466.0,1435.17,1431.15,1518.0,1379.0,1265.2,1274.54,1089.97,1217.23,1429.0,1359.0,1533.5,1474.67,1136.2,1134.14,1137.0,1084.0,1225.13,1216.94,1360.0,1230.0,1522.0,1312.0,1131.7,1196.15,1435.0,1314.0,1097.04,1183.4,1388.75,1486.89,1251.01,1300.31,1260.0,1222.0,1355.95,1468.28
2018-12-03,1399.0183185056303,1361.6412279685137,1450.4254147087877,1362.8884717182787,1282.0,1284.0,1331.3,1477.3,1032.98,1136.54,1243.88,1328.71,1248.37,1273.25,1485.0,1363.0,1476.78,1365.55,1260.0,1320.0,1241.87,1195.64,1484.0,1481.0,1430.47,1428.67,1530.0,1398.0,1277.72,1307.98,1097.19,1237.17,1479.0,1399.0,1565.3,1501.48,1146.95,1146.19,1137.0,1099.0,1244.44,1235.63,1360.0,1230.0,1538.0,1337.0,1146.75,1213.8,1448.0,1331.0,1108.32,1197.99,1398.08,1493.72,1271.55,1337.06,1267.0,1227.0,1394.29,1507.36
2018-11-26,1424.6421183057591,1386.2932146002095,1475.88661680335,1387.794286374575,1310.0,1312.0,1329.5,1477.4,1058.28,1157.99,1268.88,1361.35,1265.3,1287.37,1509.0,1387.0,1505.12,1385.84,1295.0,1352.0,1272.45,1225.69,1518.0,1507.0,1452.77,1455.34,1554.0,1425.0,1302.2,1349.71,1130.64,1286.97,1499.0,1389.0,1595.69,1526.55,1194.71,1195.85,1154.0,1119.0,1268.69,1250.69,1360.0,1230.0,1559.0,1361.0,1165.13,1227.1,1481.0,1364.0,1133.04,1227.85,1430.0,1544.74,1300.94,1346.02,1308.0,1269.0,1422.11,1531.3
2018-11-19,1444.6596608177695,1403.2316654739946,1499.4392422838987,1409.3850565406326,1313.0,1315.0,1361.5,1502.2,1097.22,1172.87,1273.09,1368.35,1266.91,1287.55,1540.0,1427.0,1558.46,1439.2,1327.0,1365.0,1295.8,1247.38,1537.0,1521.0,1459.19,1465.5,1583.0,1445.0,1320.62,1364.12,1161.96,1308.74,1499.0,1399.0,1619.37,1543.8,1212.01,1211.41,1202.0,1162.0,1269.4,1250.93,1360.0,1230.0,1575.0,1376.0,1164.11,1216.45,1511.0,1391.0,1160.41,1255.64,1449.01,1575.65,1321.06,1354.51,1334.0,1294.0,1433.21,1531.13
2018-11-12,1466.2954865404038,1420.5722283167408,1517.5107085878426,1425.328031218718,1317.0,1319.0,1409.8,1556.62,1155.49,1183.02,1301.26,1382.21,1278.08,1298.17,1556.0,1445.0,1572.45,1453.14,1350.0,1350.0,1315.68,1263.1,1560.0,1525.0,1476.5,1483.96,1605.0,1454.0,1358.02,1385.89,1182.91,1315.41,1499.0,1399.0,1636.86,1554.38,1242.67,1239.55,1219.0,1162.0,1319.75,1273.44,1360.0,1230.0,1592.0,1385.0,1180.05,1230.32,1532.0,1404.0,1179.78,1271.87,1462.34,1581.42,1337.83,1358.1,1355.0,1311.0,1472.49,1565.55
2018-11-05,1481.5103942635014,1428.7122198108843,1532.3191026450952,1435.876312765443,1329.0,1323.0,1453.5,1573.4,1187.29,1195.67,1313.3,1385.38,1289.29,1303.34,1555.0,1438.0,1612.69,1466.57,1381.0,1381.0,1334.81,1274.83,1551.0,1490.0,1535.33,1514.97,1631.0,1464.0,1373.43,1387.55,1214.83,1330.83,1499.0,1429.0,1649.26,1562.23,1242.27,1232.62,1219.0,1169.0,1322.35,1273.71,1360.0,1230.0,1625.0,1406.0,1180.06,1226.63,1553.0,1419.0,1205.4,1281.39,1492.43,1583.74,1349.71,1362.59,1391.0,1330.0,1486.33,1565.42
2018-10-29,1480.0798097883699,1420.6306662102395,1533.8539825219818,1430.5333372407233,1325.0,1321.0,1427.6,1536.4,1196.77,1199.78,1323.58,1389.22,1293.24,1297.5,1547.0,1420.0,1601.58,1470.23,1394.0,1395.0,1339.87,1276.55,1591.0,1520.0,1537.33,1510.86,1642.0,1467.0,1383.55,1387.99,1210.86,1315.62,1479.0,1409.0,1655.7,1565.31,1266.51,1240.67,1238.0,1169.0,1323.94,1271.41,1360.0,1230.0,1642.0,1412.0,1176.97,1204.86,1562.0,1418.0,1221.44,1274.23,1496.87,1594.65,1363.89,1356.17,1391.0,1329.0,1471.4,1542.93
2018-10-22,1480.8060777947824,1415.6288333914445,1528.8955526344362,1423.4218167200781,1331.0,1324.0,1427.8,1516.4,1184.38,1190.5,1334.53,1388.03,1293.6,1295.65,1521.0,1381.0,1615.22,1457.05,1376.0,1376.0,1344.14,1275.65,1567.0,1488.0,1555.48,1522.55,1658.0,1473.0,1413.93,1411.5,1221.98,1332.04,1499.0,1419.0,1661.21,1567.14,1274.82,1244.33,1238.0,1169.0,1323.35,1270.59,1360.0,1230.0,1642.0,1412.0,1190.07,1195.71,1574.0,1426.0,1227.6,1279.38,1517.47,1595.88,1376.63,1350.96,1394.0,1330.0,1481.27,1548.51
2018-10-15,1486.0127258271932,1417.551190779682,1533.1273749180452,1424.8668621111601,1336.0,1319.0,1417.7,1533.8,1169.77,1178.55,1340.87,1383.3,1298.59,1292.81,1513.0,1368.0,1628.49,1483.74,1397.0,1397.0,1356.95,1284.92,1562.0,1466.0,1573.53,1533.09,1667.0,1474.0,1440.48,1416.47,1256.83,1341.35,1499.0,1419.0,1665.05,1565.52,1281.86,1251.25,1278.0,1184.0,1323.0,1261.41,1360.0,1230.0,1667.0,1424.0,1190.51,1195.71,1598.0,1435.0,1238.62,1294.74,1528.87,1595.27,1357.31,1326.75,1424.0,1329.0,1485.73,1551.8
2018-10-08,1490.270732350991,1408.5310381713696,1540.5392493528327,1416.9793108342049,1334.0,1308.0,1477.0,1534.7,1154.56,1155.66,1321.35,1365.53,1297.94,1284.73,1528.0,1370.0,1682.33,1483.93,1380.0,1380.0,1351.04,1271.48,1603.0,1486.0,1573.28,1521.72,1660.0,1453.0,1411.79,1377.16,1251.5,1310.49,1499.0,1399.0,1657.58,1548.39,1280.25,1248.43,1292.0,1184.0,1312.06,1240.81,1360.0,1230.0,1691.0,1436.0,1181.21,1184.88,1605.0,1430.0,1244.17,1274.53,1548.49,1604.11,1345.61,1306.37,1408.0,1301.0,1478.78,1539.96
2018-10-01,1475.0062533568419,1380.8045569863862,1523.6292708501867,1386.1840694961284,1328.0,1280.0,1419.5,1468.8,1150.86,1144.5,1317.41,1350.87,1291.71,1266.8,1510.0,1336.0,1653.77,1440.51,1378.0,1378.0,1334.91,1250.24,1567.0,1417.0,1552.05,1483.48,1640.0,1427.0,1392.98,1355.58,1227.94,1282.37,1459.0,1399.0,1644.2,1528.4,1268.25,1203.62,1278.0,1153.0,1303.69,1223.25,1360.0,1230.0,1686.0,1398.0,1193.7,1182.67,1587.0,1398.0,1245.0,1267.96,1531.27,1559.15,1353.51,1310.76,1408.0,1286.0,1459.14,1513.93
2018-09-24,1475.1801865647392,1373.7449255599734,1523.5337995478963,1379.479247160991,1327.0,1275.0,1449.2,1491.4,1151.03,1141.45,1323.06,1351.67,1298.89,1269.76,1512.0,1328.0,1652.88,1412.93,1372.0,1330.0,1332.49,1244.79,1557.0,1401.0,1552.39,1476.38,1641.0,1427.0,1398.24,1362.15,1235.57,1279.08,1459.0,1359.0,1641.8,1524.91,1260.49,1183.13,1278.0,1132.0,1304.12,1222.94,1360.0,1230.0,1677.0,1379.0,1188.49,1171.52,1587.0,1384.0,1245.63,1266.86,1534.33,1544.57,1358.69,1312.46,1409.0,1287.0,1459.78,1506.51
2018-09-17,1480.7519157513143,1377.737822238067,1528.7765582129941,1383.1810687066052,1324.0,1274.0,1450.1,1500.9,1146.83,1138.19,1325.78,1353.24,1307.11,1277.33,1519.0,1332.0,1652.95,1426.39,1372.0,1330.0,1337.51,1247.53,1590.0,1425.0,1558.41,1478.53,1646.0,1427.0,1406.23,1364.51,1238.28,1283.23,1469.0,1399.0,1642.69,1525.41,1262.76,1183.39,1278.0,1145.0,1304.0,1222.71,1360.0,1230.0,1681.0,1385.0,1192.11,1173.03,1596.0,1385.0,1252.24,1271.53,1533.58,1541.71,1353.83,1301.14,1421.0,1293.0,1469.38,1514.13
2018-09-10,1478.7340884367607,1375.7143399251768,1528.5649940419896,1383.4000211572543,1316.0,1266.0,1525.6,1563.3,1142.52,1137.52,1322.57,1350.95,1297.1,1265.91,1511.0,1331.0,1653.28,1413.27,1320.0,1280.0,1340.62,1246.42,1583.0,1421.0,1562.23,1476.83,1647.0,1425.0,1411.94,1362.21,1248.16,1281.46,1459.0,1359.0,1642.55,1524.47,1275.34,1197.88,1278.0,1133.0,1300.88,1213.82,1360.0,1230.0,1681.0,1388.0,1182.48,1163.0,1604.0,1383.0,1255.67,1273.42,1553.45,1549.92,1351.83,1293.7,1443.0,1292.0,1457.81,1503.34
2018-09-03,1469.15831230703,1360.846518299637,1518.5710511724637,1367.1538278570547,1310.0,1250.0,1455.1,1476.7,1141.11,1135.54,1317.88,1327.11,1289.76,1253.76,1499.0,1314.0,1667.65,1414.08,1326.0,1286.0,1336.35,1238.76,1550.0,1381.0,1544.03,1458.41,1643.0,1418.0,1403.91,1344.85,1236.67,1255.03,1459.0,1359.0,1633.66,1513.18,1272.25,1190.94,1278.0,1133.0,1297.41,1210.82,1360.0,1230.0,1687.0,1379.0,1189.17,1167.92,1606.0,1379.0,1244.74,1261.71,1551.42,1532.99,1352.12,1290.99,1434.0,1278.0,1439.24,1482.59
2018-08-27,1464.10715203466,1353.4302678747833,1514.5416093992087,1358.8510571664444,1297.0,1235.0,1470.1,1479.2,1139.46,1134.29,1317.89,1326.87,1284.38,1252.14,1490.0,1301.0,1653.21,1399.8,1343.0,1311.0,1329.38,1230.38,1581.0,1413.0,1546.86,1452.24,1643.0,1416.0,1395.09,1337.01,1232.7,1250.14,1459.0,1339.0,1628.98,1506.86,1261.61,1178.06,1278.0,1119.0,1295.47,1209.53,1360.0,1230.0,1688.0,1367.0,1194.34,1172.63,1595.0,1364.0,1235.61,1242.14,1537.11,1519.49,1352.19,1288.37,1415.0,1260.0,1429.55,1474.02
2018-08-20,1461.4648070820804,1350.933753882994,1509.4943498875039,1355.2761196996578,1298.0,1232.0,1433.4,1461.8,1138.51,1136.81,1318.1,1325.08,1285.73,1250.68,1481.0,1293.0,1653.08,1399.69,1375.0,1338.0,1327.86,1228.54,1584.0,1417.0,1544.95,1451.71,1644.0,1415.0,1396.93,1336.52,1240.4,1256.11,1459.0,1339.0,1627.86,1505.12,1253.06,1167.27,1278.0,1119.0,1296.53,1211.24,1360.0,1230.0,1682.0,1363.0,1179.86,1157.91,1592.0,1360.0,1228.66,1235.66,1530.15,1512.51,1346.32,1285.75,1413.0,1259.0,1439.34,1486.09
2018-08-13,1461.031616779725,1347.4106488695788,1508.1448146671282,1351.0037946441978,1294.0,1226.0,1439.1,1436.4,1138.82,1132.58,1318.1,1325.08,1288.35,1255.89,1479.0,1288.0,1654.23,1387.25,1368.0,1321.0,1326.91,1226.61,1554.0,1389.0,1546.96,1447.73,1644.0,1414.0,1400.43,1327.99,1237.99,1242.65,1459.0,1349.0,1629.3,1505.87,1241.42,1155.36,1278.0,1119.0,1298.71,1207.82,1360.0,1230.0,1679.0,1355.0,1183.2,1160.02,1596.0,1359.0,1227.99,1234.7,1545.54,1513.45,1343.26,1282.36,1415.0,1261.0,1437.29,1483.96
2018-08-06,1462.3883709063387,1347.5880532426454,1508.3640441580992,1349.1948863824869,1289.0,1224.0,1448.8,1459.8,1137.23,1133.7,1317.01,1325.34,1289.43,1257.15,1475.0,1274.0,1668.01,1387.55,1380.0,1330.0,1325.13,1226.21,1583.0,1421.0,1544.78,1445.37,1643.0,1413.0,1406.17,1335.13,1257.08,1267.13,1479.0,1389.0,1628.76,1506.2,1253.98,1166.94,1278.0,1105.0,1298.24,1206.82,1360.0,1230.0,1688.0,1349.0,1190.75,1168.18,1597.0,1360.0,1228.92,1243.15,1562.79,1539.21,1350.84,1284.5,1400.0,1260.0,1433.96,1482.84
2018-07-30,1455.0754927907503,1344.5207816736392,1498.8316366564172,1345.2478489804987,1283.0,1228.0,1427.9,1439.2,1133.19,1129.82,1314.7,1326.45,1285.36,1256.67,1466.0,1275.0,1657.87,1405.5,1351.0,1300.0,1318.84,1221.78,1552.0,1391.0,1524.53,1434.22,1637.0,1410.0,1381.12,1319.37,1234.88,1252.81,1459.0,1399.0,1627.7,1505.34,1234.2,1153.4,1263.0,1105.0,1305.81,1213.63,1310.0,1180.0,1676.0,1363.0,1189.3,1168.97,1585.0,1358.0,1223.22,1236.98,1570.98,1547.27,1353.71,1287.96,1375.0,1235.0,1431.89,1481.3
2018-07-23,1446.8677491903525,1340.4765559657712,1490.7885724288908,1342.545848635655,1280.0,1225.0,1406.55,1440.43,1134.27,1128.49,1320.76,1329.49,1275.84,1247.14,1451.0,1265.0,1657.52,1391.78,1370.0,1319.0,1318.17,1221.44,1552.0,1391.0,1532.44,1442.45,1639.0,1413.0,1404.07,1339.32,1210.24,1228.13,1439.0,1339.0,1629.3,1507.11,1255.54,1141.79,1242.0,1105.0,1305.71,1214.76,1310.0,1180.0,1649.0,1341.0,1178.71,1158.37,1572.0,1349.0,1220.88,1233.65,1528.87,1521.34,1347.43,1282.3,1384.0,1237.0,1429.9,1479.21
2018-07-16,1455.0401966279176,1350.0673479194743,1497.266012692605,1351.0174442874827,1287.0,1233.0,1443.9,1445.71,1134.22,1129.46,1322.24,1329.6,1279.8,1252.6,1455.0,1272.0,1643.21,1377.62,1339.0,1297.0,1325.97,1229.25,1533.0,1373.0,1542.22,1454.98,1645.0,1417.0,1407.94,1342.89,1251.53,1270.46,1479.0,1369.0,1632.4,1510.94,1255.79,1177.68,1261.0,1105.0,1306.47,1215.77,1310.0,1180.0,1658.0,1359.0,1189.48,1173.48,1581.0,1362.0,1229.09,1240.76,1530.97,1525.07,1344.97,1278.57,1397.0,1257.0,1444.11,1493.7
2018-07-09,1454.2305832261763,1350.3907453500403,1498.4940519913291,1352.5250096884135,1292.0,1243.0,1432.56,1453.67,1132.58,1127.26,1312.36,1322.14,1282.43,1254.89,1458.0,1276.0,1643.55,1404.73,1365.0,1312.0,1325.75,1229.1,1566.0,1401.0,1531.51,1448.88,1643.0,1415.0,1401.24,1331.75,1253.08,1271.75,1439.0,1359.0,1632.66,1511.89,1262.52,1183.37,1274.0,1125.0,1307.53,1215.77,1310.0,1180.0,1666.0,1366.0,1173.64,1162.35,1579.0,1361.0,1233.83,1242.27,1545.23,1541.03,1344.28,1277.14,1414.0,1274.0,1437.24,1488.82
2018-07-02,1448.7342102027126,1344.7010968791074,1499.5395833744203,1351.929714497668,1288.0,1240.0,1489.1,1490.1,1133.45,1127.16,1315.24,1326.27,1267.98,1239.33,1462.0,1278.0,1644.21,1405.29,1373.0,1316.0,1318.45,1221.72,1541.0,1384.0,1534.1,1450.96,1633.0,1410.0,1391.54,1331.55,1195.29,1219.09,1449.0,1329.0,1632.24,1511.55,1251.32,1170.49,1257.0,1102.0,1306.94,1213.41,1310.0,1180.0,1667.0,1360.0,1142.55,1130.83,1574.0,1358.0,1226.88,1241.74,1521.29,1516.89,1344.34,1280.86,1396.0,1275.0,1427.42,1475.84
2018-06-25,1447.8055899489125,1345.735336278429,1492.5822994349535,1350.2845332401523,1281.0,1232.0,1438.3,1435.7,1136.52,1128.8,1319.81,1335.65,1271.6,1240.91,1444.0,1265.0,1617.08,1378.21,1320.0,1270.0,1319.6,1223.11,1563.0,1409.0,1539.1,1457.49,1635.0,1413.0,1396.27,1333.83,1211.22,1234.8,1499.0,1399.0,1636.72,1516.28,1253.65,1172.02,1257.0,1117.0,1309.29,1215.12,1310.0,1180.0,1650.0,1353.0,1157.55,1144.91,1573.0,1359.0,1218.59,1233.33,1515.3,1498.03,1355.12,1293.52,1397.0,1275.0,1444.54,1490.98
2018-06-18,1457.4381745768796,1354.8335841059607,1500.1480479926424,1357.4417365992174,1294.0,1243.0,1442.5,1439.9,1137.64,1129.87,1327.79,1343.64,1286.61,1256.96,1454.0,1276.0,1630.87,1405.37,1350.0,1300.0,1328.43,1232.37,1568.0,1414.0,1546.83,1464.84,1642.0,1419.0,1404.3,1339.66,1220.07,1245.12,1449.0,1339.0,1645.27,1524.76,1251.6,1168.35,1267.0,1117.0,1313.06,1218.13,1310.0,1180.0,1658.0,1362.0,1175.69,1162.13,1577.0,1361.0,1221.63,1236.8,1520.99,1506.22,1364.36,1305.65,1396.0,1275.0,1459.41,1505.71
2018-06-11,1462.9788833098637,1359.24074096147,1504.8156539463084,1360.7257196680357,1295.0,1244.0,1410.6,1411.2,1132.12,1127.42,1330.81,1346.43,1293.71,1263.69,1459.0,1279.0,1644.47,1392.1,1375.0,1325.0,1333.43,1237.96,1583.0,1429.0,1548.9,1467.1,1654.0,1427.0,1420.56,1361.2,1230.76,1258.51,1489.0,1389.0,1648.07,1528.15,1256.88,1175.77,1267.0,1117.0,1314.18,1218.59,1310.0,1180.0,1664.0,1368.0,1192.84,1180.29,1583.0,1364.0,1247.0,1259.38,1537.01,1522.68,1358.35,1297.23,1417.0,1285.0,1458.46,1503.97
2018-06-04,1472.1715728254433,1369.215518723755,1514.9548265765245,1371.2198538104199,1308.0,1258.0,1490.4,1479.4,1124.19,1123.48,1330.86,1346.66,1290.94,1262.34,1472.0,1294.0,1659.19,1420.05,1381.0,1331.0,1337.18,1242.56,1585.0,1417.0,1560.71,1479.11,1654.0,1427.0,1431.09,1370.65,1252.69,1283.81,1459.0,1349.0,1648.66,1528.71,1261.63,1183.55,1267.0,1131.0,1299.94,1203.81,1310.0,1180.0,1680.0,1379.0,1197.17,1185.69,1599.0,1382.0,1252.24,1273.39,1553.86,1549.77,1352.23,1291.55,1438.0,1308.0,1464.88,1509.5
2018-05-28,1469.8591985489484,1366.2854018814555,1514.194925870757,1369.1194659789192,1311.0,1259.0,1454.5,1436.0,1114.63,1114.89,1324.91,1330.02,1277.68,1250.9,1475.0,1296.0,1671.72,1432.71,1365.0,1325.0,1335.32,1240.83,1579.0,1400.0,1563.69,1481.68,1647.0,1420.0,1412.44,1352.54,1249.72,1274.73,1469.0,1369.0,1642.44,1521.22,1263.81,1183.8,1282.0,1131.0,1299.41,1203.82,1310.0,1180.0,1689.0,1387.0,1193.51,1181.15,1601.0,1383.0,1243.48,1267.95,1552.26,1542.2,1352.18,1291.83,1417.0,1287.0,1458.58,1505.29
2018-05-21,1457.3127448390185,1351.6270800440325,1503.3417780451518,1355.1861718699004,1285.0,1233.0,1456.8,1432.1,1103.23,1099.96,1290.25,1309.55,1251.01,1223.64,1474.0,1293.0,1671.79,1432.77,1354.0,1292.0,1322.5,1227.82,1564.0,1399.0,1543.33,1461.07,1624.0,1397.0,1396.6,1335.91,1234.12,1257.89,1429.0,1329.0,1623.24,1501.52,1249.31,1168.95,1258.0,1131.0,1266.59,1175.24,1310.0,1180.0,1688.0,1381.0,1179.12,1164.74,1578.0,1361.0,1239.17,1262.1,1559.26,1548.34,1351.3,1291.54,1393.0,1263.0,1436.86,1483.79
2018-05-14,1434.0554340583371,1329.237361250843,1478.0635241671457,1331.409191008091,1267.0,1213.0,1404.2,1403.1,1088.4,1086.82,1281.29,1293.38,1242.15,1216.85,1441.0,1260.0,1644.18,1391.85,1360.0,1280.0,1302.36,1207.13,1512.0,1354.0,1520.1,1438.73,1601.0,1375.0,1370.08,1297.22,1211.78,1230.69,1429.0,1319.0,1605.99,1483.45,1237.17,1153.21,1258.0,1109.0,1250.0,1158.0,1310.0,1180.0,1665.0,1356.0,1187.47,1171.12,1564.0,1348.0,1205.82,1226.51,1532.66,1519.45,1337.56,1276.82,1369.0,1239.0,1408.9,1453.8
2018-05-07,1415.7940570784558,1311.6240087564543,1459.381297067533,1314.3812299498957,1250.0,1195.0,1439.5,1421.6,1077.82,1074.29,1275.64,1290.79,1230.11,1202.76,1412.0,1231.0,1604.33,1368.04,1333.0,1273.0,1286.28,1190.79,1526.0,1368.0,1503.99,1423.95,1587.0,1361.0,1360.55,1289.18,1206.65,1227.58,1399.0,1299.0,1592.6,1470.26,1199.98,1117.66,1235.0,1080.0,1241.94,1149.44,1310.0,1180.0,1639.0,1330.0,1156.92,1139.81,1547.0,1330.0,1182.98,1203.82,1493.22,1478.04,1329.94,1269.98,1367.0,1237.0,1400.6,1442.92
2018-04-30,1408.366032161301,1304.5247616076344,1453.888781860942,1307.879894161279,1242.0,1190.0,1409.0,1373.4,1063.25,1057.11,1249.06,1266.68,1215.57,1185.65,1412.0,1233.0,1577.16,1367.77,1342.0,1274.0,1279.05,1183.38,1499.0,1350.0,1500.52,1418.04,1575.0,1348.0,1339.14,1269.64,1201.42,1221.49,1399.0,1299.0,1585.17,1462.9,1181.03,1099.24,1212.0,1080.0,1241.18,1149.0,1310.0,1180.0,1639.0,1328.0,1154.72,1135.64,1540.0,1325.0,1173.75,1200.26,1476.86,1467.05,1316.71,1254.39,1354.0,1223.0,1389.48,1432.62
2018-04-23,1397.388783630776,1293.340717622638,1438.4008591346462,1294.1920029579746,1225.0,1173.0,1383.6,1357.1,1053.74,1046.68,1243.6,1252.37,1216.47,1187.22,1394.0,1215.0,1577.67,1341.35,1277.0,1215.0,1269.06,1173.26,1477.0,1338.0,1490.93,1405.91,1564.0,1338.0,1333.86,1265.9,1188.4,1207.35,1399.0,1299.0,1573.32,1450.22,1167.43,1092.33,1194.0,1065.0,1231.53,1140.18,1310.0,1180.0,1620.0,1312.0,1152.9,1131.53,1521.0,1308.0,1166.44,1191.39,1481.84,1466.23,1311.81,1246.56,1321.0,1213.0,1385.71,1430.72
2018-04-16,1392.9124021692417,1287.2179627701487,1430.9935960895023,1286.2067487188722,1217.0,1168.0,1395.17,1365.52,1047.3,1039.11,1236.62,1247.76,1216.54,1188.32,1383.0,1206.0,1564.33,1328.0,1332.0,1274.0,1260.74,1164.14,1472.0,1337.0,1484.46,1396.52,1557.0,1328.0,1316.91,1246.09,1186.18,1192.35,1389.0,1279.0,1562.98,1439.3,1164.27,1084.46,1194.0,1065.0,1230.41,1140.24,1310.0,1180.0,1616.0,1309.0,1152.69,1129.66,1514.0,1302.0,1161.61,1185.53,1462.16,1450.62,1305.61,1235.6,1338.0,1193.0,1394.36,1437.46
2018-04-09,1379.581083588278,1274.1277765652057,1418.9816699802511,1275.4284272395178,1205.0,1154.0,1393.4,1355.3,1043.46,1036.92,1226.77,1240.73,1207.24,1174.15,1366.0,1191.0,1550.98,1314.64,1332.0,1274.0,1253.49,1155.2,1467.0,1333.0,1480.75,1388.36,1533.0,1309.0,1321.99,1247.17,1180.46,1185.8,1379.0,1279.0,1556.26,1432.51,1169.66,1089.11,1142.0,1028.0,1229.83,1140.28,1310.0,1180.0,1596.0,1283.0,1119.68,1096.57,1509.0,1289.0,1147.31,1170.29,1466.3,1445.12,1300.3,1226.56,1355.0,1194.0,1377.48,1419.05
2018-03-26,1355.1458545387584,1261.5506148184388,1388.808567326887,1262.7441773484074,1175.0,1155.0,1326.5,1318.8,1039.73,1031.85,1217.95,1233.63,1190.84,1161.91,1318.0,1174.0,1550.71,1300.99,1290.0,1267.0,1236.52,1140.38,1446.0,1328.0,1465.32,1376.0,1533.0,1309.0,1288.09,1211.5,1150.95,1157.86,1369.0,1279.0,1547.08,1422.82,1161.38,1079.4,1142.0,1028.0,1221.24,1132.41,1310.0,1180.0,1550.0,1280.0,1113.13,1090.3,1491.0,1275.0,1137.09,1154.43,1425.37,1418.8,1281.47,1219.99,1312.0,1183.0,1366.51,1408.61
2018-03-19,1348.555329992515,1250.6408484047925,1383.461011221005,1251.3503094761681,1161.0,1122.0,1318.5,1291.5,1041.22,1029.5,1219.14,1233.78,1192.24,1160.27,1325.0,1168.0,1510.39,1274.1,1290.0,1267.0,1220.52,1129.76,1437.0,1327.0,1446.87,1362.35,1524.0,1306.0,1279.49,1212.06,1144.56,1165.16,1359.0,1259.0,1544.2,1419.38,1166.83,1087.34,1142.0,1010.0,1232.11,1141.39,1310.0,1180.0,1531.0,1252.0,1090.63,1067.27,1457.0,1255.0,1116.26,1134.29,1439.93,1433.29,1276.34,1214.97,1293.0,1164.0,1360.45,1402.35
2018-03-12,1345.5543088279571,1249.0570042474603,1384.1992276170079,1251.7048224708124,1162.0,1120.0,1278.2,1262.6,1040.14,1035.94,1218.8,1233.85,1194.32,1161.11,1326.0,1168.0,1483.3,1273.89,1289.0,1257.0,1221.61,1131.07,1442.0,1335.0,1453.42,1366.04,1525.0,1307.0,1282.87,1219.74,1151.11,1162.09,1369.0,1279.0,1546.87,1422.46,1152.16,1075.44,1142.0,1010.0,1232.83,1141.11,1310.0,1180.0,1534.0,1244.0,1091.03,1065.27,1460.0,1262.0,1112.08,1138.08,1426.6,1418.04,1273.18,1211.18,1297.0,1165.0,1344.52,1387.92
2018-03-05,1352.67632466295,1254.0642485836715,1395.7858068202618,1258.5403930152427,1180.0,1134.0,1333.6,1292.6,1042.39,1044.18,1222.46,1233.95,1197.21,1163.95,1340.0,1172.0,1497.29,1274.37,1281.0,1265.0,1226.93,1136.84,1458.0,1340.0,1457.02,1373.25,1528.0,1309.0,1279.36,1219.47,1144.48,1170.16,1389.0,1289.0,1548.87,1424.66,1157.41,1080.7,1162.0,1033.0,1236.89,1139.89,1310.0,1180.0,1555.0,1256.0,1098.42,1073.99,1463.0,1263.0,1117.62,1142.19,1422.36,1415.28,1288.67,1222.15,1309.0,1175.0,1339.23,1380.03
2018-02-26,1357.7994177615533,1254.3632826457904,1396.7726931398902,1255.3327951867325,1181.0,1127.0,1374.3,1340.2,1044.94,1037.68,1228.56,1236.58,1198.65,1166.12,1340.0,1172.0,1497.47,1274.53,1282.0,1252.0,1224.49,1129.88,1449.0,1331.0,1454.04,1362.63,1550.0,1325.0,1265.0,1196.08,1125.87,1147.47,1379.0,1279.0,1546.71,1418.68,1162.05,1081.78,1145.0,1015.0,1231.06,1135.35,1310.0,1180.0,1554.0,1250.0,1108.81,1082.06,1466.0,1263.0,1111.67,1134.69,1439.84,1433.96,1301.03,1233.35,1292.0,1160.0,1361.32,1401.59
2018-02-19,1358.9593856749848,1253.1612379070255,1397.6860413299314,1253.4421242955282,1195.0,1132.0,1330.3,1288.0,1048.83,1047.04,1231.06,1240.73,1205.99,1172.11,1339.0,1164.0,1497.05,1260.74,1278.0,1248.0,1228.09,1132.5,1452.0,1336.0,1460.61,1366.67,1550.0,1325.0,1288.7,1217.45,1138.45,1154.38,1389.0,1289.0,1553.48,1424.46,1160.42,1077.2,1145.0,994.0,1228.88,1135.24,1310.0,1180.0,1548.0,1232.0,1111.76,1085.1,1486.0,1277.0,1111.12,1127.0,1437.75,1417.58,1308.64,1241.74,1294.0,1160.0,1360.39,1401.76
2018-02-12,1374.169213899077,1268.8087958827568,1413.8531315965458,1271.1994978175248,1198.0,1139.0,1362.8,1310.7,1058.65,1061.3,1238.39,1252.27,1212.2,1180.65,1355.0,1179.0,1520.32,1266.49,1306.0,1277.0,1248.24,1153.63,1456.0,1332.0,1476.82,1388.49,1550.0,1325.0,1310.43,1240.52,1170.31,1184.72,1389.0,1289.0,1569.91,1443.29,1171.89,1093.36,1172.0,1017.0,1230.72,1137.28,1310.0,1180.0,1572.16,1254.35,1113.51,1086.71,1505.0,1297.0,1131.59,1150.16,1466.4,1439.19,1318.83,1248.56,1324.0,1190.0,1372.28,1411.05
2018-02-05,1384.7558931420292,1279.6910452549791,1424.293558094695,1281.37355633521,1210.0,1154.0,1369.2,1309.9,1056.45,1065.65,1235.58,1253.63,1219.96,1193.09,1371.0,1195.0,1534.27,1293.78,1331.0,1301.0,1256.71,1162.79,1458.0,1348.0,1478.91,1394.48,1549.0,1324.0,1325.31,1255.08,1188.92,1200.79,1389.0,1289.0,1573.42,1447.59,1173.0,1096.77,1197.0,1058.0,1233.28,1140.44,1310.0,1180.0,1594.44,1283.4,1124.72,1099.3,1516.0,1311.0,1155.03,1172.43,1513.05,1489.35,1310.92,1252.08,1341.0,1202.0,1374.39,1415.45
2018-01-29,1387.1084147317672,1282.458865928109,1424.4328569460563,1282.775987935566,1209.0,1156.0,1362.7,1303.7,1047.86,1062.43,1230.84,1253.25,1214.37,1187.22,1371.0,1197.0,1547.83,1293.89,1333.0,1305.0,1256.05,1163.53,1461.0,1352.0,1477.6,1394.88,1550.0,1326.0,1315.85,1253.74,1183.73,1201.76,1389.0,1299.0,1572.83,1447.78,1171.12,1093.64,1197.0,1058.0,1230.0,1135.82,1310.0,1180.0,1602.0,1295.0,1133.11,1108.37,1517.0,1320.0,1153.0,1175.9,1521.01,1497.19,1307.6,1255.12,1329.0,1194.0,1383.84,1425.07
2018-01-22,1380.3104733392252,1280.4904466806515,1416.930980805195,1281.276547613818,1205.0,1155.0,1351.3,1297.5,1043.56,1047.04,1231.45,1252.3,1206.31,1181.19,1356.0,1190.0,1534.08,1293.62,1309.0,1290.0,1254.87,1165.75,1445.0,1339.0,1476.27,1398.14,1549.0,1324.0,1315.18,1258.56,1182.93,1213.98,1399.0,1299.0,1571.37,1446.52,1175.43,1097.07,1197.0,1058.0,1229.5,1136.13,1310.0,1180.0,1590.0,1290.0,1132.67,1108.08,1517.0,1322.0,1144.93,1167.9,1503.56,1487.8,1303.9,1246.91,1330.0,1195.0,1379.33,1419.84
2018-01-15,1376.4988742146259,1278.977391468934,1416.7162439383724,1281.7681460485512,1207.0,1159.0,1366.4,1300.7,1043.56,1047.04,1232.81,1245.8,1197.02,1172.42,1352.0,1190.0,1532.97,1306.11,1313.0,1303.0,1254.12,1163.62,1475.0,1364.0,1475.09,1397.98,1544.0,1319.0,1308.31,1250.74,1176.42,1210.37,1399.0,1299.0,1566.62,1441.24,1166.03,1096.29,1197.0,1058.0,1224.94,1133.5,1310.0,1180.0,1600.0,1301.0,1136.01,1111.88,1534.0,1342.0,1150.93,1172.27,1503.33,1497.94,1301.46,1242.48,1318.0,1202.0,1358.47,1399.09
2018-01-08,1378.1031838557233,1279.3382836733444,1419.2809324857737,1282.8174879163385,1205.0,1156.0,1361.7,1320.0,1043.87,1041.06,1231.86,1241.41,1191.04,1168.59,1376.0,1214.0,1533.57,1306.62,1245.0,1265.0,1248.99,1155.64,1465.0,1354.0,1468.22,1393.5,1540.0,1312.0,1313.63,1246.98,1170.38,1211.98,1389.0,1259.0,1561.51,1435.68,1170.9,1084.79,1180.0,1058.0,1219.38,1127.0,1310.0,1180.0,1581.0,1294.0,1130.47,1104.99,1523.0,1335.0,1138.6,1161.44,1500.53,1499.92,1290.66,1237.58,1304.0,1190.0,1363.17,1402.18
2018-01-01,1371.3891837148196,1256.6428715807324,1412.3769828355807,1254.3513680760998,1205.0,1157.0,1349.4,1301.7,1042.95,1045.05,1223.5,1237.97,1192.68,1162.09,1378.0,1207.0,1547.37,1320.37,1237.0,1237.0,1242.52,1146.15,1456.0,1343.0,1407.94,1286.62,1534.0,1303.0,1304.57,1236.29,1154.98,1202.38,1389.0,1279.0,1554.54,1426.58,1159.8,1059.91,1180.0,1058.0,1186.71,1093.35,1310.0,1180.0,1576.0,1283.0,1126.93,1099.39,1510.0,1321.0,1116.76,1138.1,1494.75,1493.02,1288.89,1236.31,1305.0,1177.0,1354.61,1392.11
2017-12-18,1360.8506342961311,1246.0540464231578,1400.4052686921632,1240.1985594561133,1194.0,1146.0,1331.5,1279.0,1043.36,1034.31,1219.36,1237.85,1184.04,1155.11,1355.0,1180.0,1534.12,1293.66,1237.0,1237.0,1235.48,1137.64,1435.0,1328.0,1403.2,1278.52,1534.0,1303.0,1270.85,1206.55,1138.15,1177.75,1399.0,1299.0,1549.32,1420.35,1145.14,1042.31,1180.0,1043.0,1186.71,1093.35,1310.0,1180.0,1564.5,1271.77,1108.59,1081.49,1482.0,1281.0,1117.49,1140.63,1440.54,1440.54,1288.89,1236.31,1303.0,1160.0,1360.17,1403.63
2017-12-11,1356.258871638494,1239.6664355780022,1395.6547343707737,1233.5151738036761,1191.0,1138.0,1306.5,1249.1,1037.79,1027.81,1219.0,1243.6,1188.9,1160.27,1348.0,1174.0,1507.4,1266.91,1237.0,1237.0,1234.72,1133.58,1461.0,1346.0,1401.62,1271.69,1534.0,1303.0,1278.31,1212.68,1137.23,1171.31,1389.0,1299.0,1543.57,1413.31,1154.04,1050.49,1164.0,1028.0,1189.22,1097.89,1310.0,1180.0,1555.0,1251.0,1102.1,1073.39,1485.0,1278.0,1107.92,1130.87,1429.61,1425.62,1295.13,1241.49,1304.0,1161.0,1358.71,1401.62
2017-12-04,1363.7917739071227,1244.566343663869,1403.7884699382114,1238.8160439035537,1202.0,1145.0,1375.1,1294.5,1037.79,1029.71,1221.34,1243.6,1192.16,1163.44,1359.0,1179.0,1521.14,1267.17,1251.0,1251.0,1237.84,1135.13,1437.0,1325.0,1407.54,1277.03,1535.0,1303.0,1279.95,1212.71,1140.19,1180.98,1399.0,1299.0,1545.84,1415.73,1150.66,1045.95,1181.0,1028.0,1186.44,1093.13,1310.0,1180.0,1566.0,1259.0,1109.25,1079.12,1490.0,1281.0,1116.62,1136.18,1436.94,1428.51,1300.04,1242.6,1299.0,1174.0,1365.12,1404.48
2017-11-27,1363.3036766009507,1243.3156504280107,1407.189539489052,1238.677679231158,1199.0,1143.0,1385.3,1309.3,1033.75,1025.82,1221.34,1243.6,1198.97,1174.55,1363.0,1176.0,1521.01,1280.5,1251.0,1251.0,1238.04,1135.36,1466.0,1338.0,1408.4,1276.82,1538.0,1304.0,1276.79,1209.98,1147.01,1188.09,1399.0,1299.0,1545.64,1414.88,1150.36,1046.03,1181.0,1028.0,1183.19,1090.38,1310.0,1180.0,1577.0,1261.0,1113.12,1082.13,1493.0,1280.0,1119.75,1136.14,1448.82,1444.89,1288.2,1231.58,1302.0,1174.0,1344.09,1385.09
2017-11-20,1364.0545708280276,1243.5887830643849,1407.990588008849,1239.4641211910346,1211.0,1144.0,1361.5,1316.8,1032.67,1023.47,1222.36,1245.0,1196.81,1167.75,1358.0,1174.0,1507.78,1253.8,1252.0,1252.0,1241.45,1136.89,1476.0,1339.0,1416.1,1278.12,1531.0,1295.0,1296.53,1218.27,1174.79,1196.11,1389.0,1299.0,1547.8,1417.31,1160.5,1057.23,1181.0,1028.0,1179.67,1085.8,1310.0,1180.0,1591.0,1264.0,1115.51,1083.98,1503.0,1279.0,1117.34,1131.99,1433.95,1433.55,1279.93,1224.0,1330.0,1178.0,1345.53,1386.52
2017-11-13,1362.6615091705332,1237.433322620632,1405.16442794762,1231.3652102063195,1216.0,1152.0,1385.0,1291.3,1029.96,1030.17,1205.09,1226.45,1193.26,1164.63,1348.0,1152.0,1507.74,1240.32,1224.0,1224.0,1239.1,1134.64,1475.0,1340.0,1411.07,1273.7,1531.0,1295.0,1273.38,1201.72,1164.13,1182.89,1379.0,1259.0,1544.13,1413.62,1154.58,1047.9,1215.0,1043.0,1175.8,1081.6,1310.0,1180.0,1605.0,1275.0,1120.41,1089.71,1511.0,1283.0,1111.73,1125.83,1499.62,1470.34,1269.68,1214.15,1327.0,1172.0,1335.8,1378.29
2017-11-06,1361.0998660236248,1234.0449123682165,1409.1467595482184,1230.532004241834,1194.0,1133.0,1349.2,1279.3,1021.73,1016.0,1207.01,1208.23,1178.86,1150.91,1399.0,1196.0,1484.84,1251.02,1188.0,1188.0,1220.68,1120.9,1463.0,1335.0,1375.98,1257.07,1513.0,1280.0,1254.39,1183.81,1146.11,1177.73,1349.0,1239.0,1532.9,1401.76,1131.47,1028.2,1190.0,1018.0,1159.29,1068.59,1310.0,1180.0,1581.0,1264.0,1102.12,1073.28,1481.0,1266.0,1108.84,1131.13,1481.83,1445.59,1260.5,1208.58,1297.0,1162.0,1330.18,1372.0
2017-10-30,1346.1787548655336,1222.834624585815,1391.4905769829145,1219.0451581180014,1175.0,1120.0,1336.0,1276.1,1016.62,1010.89,1187.08,1207.15,1169.27,1139.25,1376.0,1187.0,1511.89,1264.61,1188.0,1188.0,1206.7,1110.01,1451.0,1313.0,1359.94,1241.35,1504.0,1272.0,1250.6,1187.45,1121.01,1152.65,1359.0,1229.0,1524.24,1390.36,1112.8,1011.59,1140.0,1018.0,1150.82,1060.18,1310.0,1180.0,1551.0,1245.0,1076.04,1049.57,1455.0,1255.0,1089.4,1091.5,1441.14,1433.52,1262.34,1210.52,1267.0,1151.0,1330.53,1371.12
2017-10-23,1336.800507723881,1217.9544717614665,1381.7329759215652,1214.0554110611113,1174.0,1117.0,1326.4,1273.3,1014.16,1003.99,1187.62,1206.44,1169.92,1140.28,1360.0,1179.0,1471.04,1264.16,1188.0,1188.0,1203.42,1109.69,1421.0,1274.0,1342.76,1234.84,1503.0,1270.0,1245.5,1179.17,1134.98,1168.49,1359.0,1219.0,1523.78,1388.46,1120.39,1019.16,1140.0,1018.0,1159.69,1060.56,1310.0,1180.0,1533.0,1241.0,1084.96,1053.8,1447.0,1251.0,1088.13,1106.22,1431.87,1434.57,1264.8,1212.57,1271.0,1134.0,1313.78,1354.27
2017-10-16,1337.9801176363978,1215.5903510260246,1383.0799600941596,1211.608935021185,1173.0,1111.0,1312.1,1245.2,1019.33,1012.12,1193.35,1205.78,1163.64,1132.67,1362.0,1178.0,1471.0,1250.69,1188.0,1188.0,1203.49,1104.24,1453.0,1291.0,1358.66,1239.31,1504.0,1271.0,1244.57,1180.6,1133.68,1164.76,1359.0,1249.0,1524.14,1382.78,1121.06,1020.12,1140.0,1003.0,1162.88,1058.29,1310.0,1180.0,1525.0,1227.0,1074.61,1043.05,1446.0,1248.0,1082.57,1102.47,1443.6,1445.06,1268.46,1203.27,1262.0,1136.0,1318.36,1356.78
2017-10-09,1339.5222334959517,1218.269751477883,1387.4265108549712,1216.7934307656876,1181.0,1117.0,1317.3,1275.9,1025.16,1016.77,1198.13,1204.46,1158.34,1128.03,1369.0,1183.0,1498.05,1277.71,1188.0,1188.0,1206.06,1108.93,1449.0,1292.0,1362.54,1246.3,1506.0,1270.0,1255.45,1194.14,1116.72,1163.46,1359.0,1229.0,1525.77,1384.77,1115.8,1015.16,1140.0,1003.0,1161.78,1053.39,1310.0,1180.0,1532.0,1236.0,1061.36,1029.4,1446.0,1250.0,1076.44,1096.79,1454.57,1454.57,1271.04,1196.39,1265.0,1139.0,1313.55,1351.08
2017-10-02,1346.3861904446517,1219.1181849666036,1393.5137896758285,1218.4001464868759,1184.0,1115.0,1352.1,1271.9,1024.34,1011.15,1198.44,1204.18,1154.3,1119.41,1376.0,1189.0,1498.29,1264.48,1188.0,1188.0,1211.45,1107.02,1445.0,1265.0,1372.68,1250.12,1508.0,1261.0,1252.37,1175.4,1125.96,1153.46,1369.0,1239.0,1525.48,1382.85,1110.93,1006.52,1160.0,1019.0,1160.72,1037.0,1310.0,1180.0,1541.0,1251.0,1068.18,1031.77,1452.0,1255.0,1022.29,1038.18,1436.99,1438.86,1276.14,1191.57,1275.0,1133.0,1336.07,1361.41
2017-09-25,1351.6136297552212,1209.6188205546543,1393.938204853525,1203.8043474994988,1181.0,1104.0,1333.8,1236.5,1024.59,1008.03,1206.13,1187.11,1150.85,1110.24,1376.0,1174.0,1508.02,1251.31,1172.0,1163.0,1211.03,1094.92,1466.0,1277.0,1370.68,1231.0,1509.0,1252.0,1257.51,1168.06,1136.48,1139.89,1359.0,1229.0,1521.54,1373.24,1118.9,1006.09,1160.0,1003.0,1155.17,1031.44,1310.0,1180.0,1554.0,1234.0,1084.1,1028.0,1458.0,1238.0,1057.95,1061.75,1447.99,1449.88,1276.77,1187.06,1292.0,1120.0,1351.74,1375.01
2017-09-18,1353.5082069088057,1201.582236508453,1397.3452129000473,1196.4426752276809,1184.0,1098.0,1307.8,1209.9,1024.08,1005.62,1206.52,1174.05,1150.47,1102.33,1381.0,1166.0,1521.18,1237.64,1209.0,1179.0,1214.38,1089.51,1471.0,1279.0,1374.56,1220.39,1506.0,1244.0,1262.74,1163.47,1144.71,1135.05,1359.0,1209.0,1524.96,1375.48,1114.69,1001.59,1160.0,985.0,1147.94,1021.11,1310.0,1180.0,1562.0,1224.0,1074.56,1014.82,1462.0,1234.0,1052.19,1041.08,1471.96,1442.54,1268.79,1173.33,1310.0,1119.0,1346.72,1366.42
2017-09-11,1351.632663688224,1194.7332852359739,1404.5346921059834,1193.4319798490142,1196.0,1103.0,1348.4,1228.2,1017.08,995.6,1203.04,1175.19,1146.68,1100.2,1395.0,1165.0,1535.01,1237.95,1209.0,1179.0,1217.72,1084.45,1441.0,1247.0,1373.87,1215.38,1506.0,1244.0,1273.79,1154.52,1168.46,1142.45,1359.0,1219.0,1523.42,1368.86,1122.46,1009.53,1184.0,985.0,1129.11,1003.89,1310.0,1180.0,1580.0,1222.0,1092.2,1029.01,1471.0,1231.0,1019.47,1012.95,1471.71,1427.09,1253.62,1163.68,1285.0,1088.0,1301.49,1321.28
2017-09-04,1337.1421886403584,1178.717452982172,1393.1292187608535,1178.9609560057809,1179.0,1088.0,1361.0,1224.6,1010.79,987.58,1181.16,1175.28,1133.07,1092.97,1393.0,1153.0,1548.99,1238.39,1209.0,1179.0,1200.16,1072.36,1444.0,1253.0,1338.82,1189.27,1488.0,1235.0,1249.63,1144.98,1127.27,1114.69,1329.0,1199.0,1508.66,1358.52,1112.72,1001.64,1139.0,963.0,1111.06,986.24,1310.0,1180.0,1565.0,1202.0,1070.12,1006.58,1458.0,1216.0,1012.69,1004.23,1479.53,1424.0,1255.28,1168.75,1267.0,1087.0,1273.21,1293.02
2017-08-28,1318.1891653559642,1171.7553874385474,1373.0360033517452,1172.6373691234976,1152.0,1067.0,1315.2,1209.7,1006.19,986.5,1181.26,1175.28,1126.16,1089.07,1362.0,1138.0,1467.88,1197.69,1146.0,1149.0,1189.77,1067.13,1423.0,1231.0,1339.94,1193.8,1488.0,1236.0,1243.91,1141.41,1130.66,1122.39,1299.0,1199.0,1499.3,1353.9,1126.16,1010.46,1139.0,968.0,1111.76,984.29,1310.0,1180.0,1538.0,1195.0,1047.64,1005.86,1435.0,1209.0,1009.81,986.73,1454.68,1410.86,1256.74,1173.33,1242.0,1086.0,1260.74,1280.66
2017-08-21,1316.1350660877763,1172.7774198986324,1367.5449547043443,1172.0681652402736,1151.0,1067.0,1316.8,1208.2,1009.77,990.75,1181.79,1175.28,1128.54,1091.05,1350.0,1131.0,1454.83,1184.57,1142.0,1123.0,1190.73,1070.55,1447.0,1259.0,1340.48,1197.54,1470.0,1221.0,1249.51,1153.09,1139.65,1134.54,1319.0,1199.0,1499.35,1354.98,1118.55,1003.71,1139.0,968.0,1095.56,973.06,1310.0,1180.0,1522.0,1185.0,1049.79,1007.69,1436.0,1212.0,1000.29,982.97,1445.16,1403.55,1249.76,1166.66,1249.0,1088.0,1270.76,1292.7
2017-08-14,1318.6932002879735,1176.718786499464,1371.9274016474255,1177.9081285337486,1153.0,1069.0,1356.4,1249.6,1001.79,988.55,1182.57,1175.28,1127.42,1090.01,1356.0,1143.0,1456.31,1196.78,1142.0,1123.0,1191.54,1073.15,1432.0,1246.0,1338.63,1199.4,1470.0,1221.0,1256.2,1161.54,1136.32,1130.11,1329.0,1199.0,1498.51,1353.75,1121.58,1007.1,1139.0,968.0,1106.89,978.33,1310.0,1180.0,1534.0,1200.0,1041.42,1000.09,1438.0,1216.0,1011.12,999.69,1452.78,1408.35,1244.42,1159.85,1271.0,1095.0,1270.42,1291.33
2017-08-07,1316.7187610557412,1175.3802329510736,1369.8440359583078,1176.2059174728688,1152.0,1069.0,1336.6,1236.5,1000.92,976.02,1164.43,1155.84,1127.43,1090.33,1355.0,1142.0,1482.85,1236.83,1142.0,1123.0,1187.83,1072.29,1456.0,1262.0,1336.63,1199.15,1470.0,1221.0,1242.39,1148.11,1128.54,1133.12,1329.0,1199.0,1497.19,1351.86,1112.85,999.21,1139.0,968.0,1088.56,961.72,1310.0,1180.0,1530.0,1195.0,1052.86,1009.72,1432.0,1212.0,1013.11,1001.07,1413.15,1362.41,1237.45,1148.42,1260.0,1085.0,1269.22,1289.79
2017-07-31,1312.2037767559423,1164.818078092977,1361.7439914970962,1162.2414074914732,1144.0,1058.0,1297.6,1196.5,998.57,966.71,1158.78,1153.86,1122.59,1082.33,1348.0,1134.0,1469.8,1223.71,1142.0,1123.0,1180.86,1061.0,1451.0,1256.0,1317.9,1173.88,1470.0,1221.0,1237.89,1139.12,1119.42,1112.24,1299.0,1179.0,1494.19,1341.45,1106.12,990.97,1118.0,950.0,1089.61,960.39,1310.0,1180.0,1522.0,1187.0,1047.85,1001.02,1424.0,1201.0,1004.51,993.51,1424.29,1373.15,1233.7,1150.13,1258.0,1084.0,1276.68,1297.13
2017-07-24,1310.2470493960654,1162.216300829894,1361.4822275086685,1161.2085759676245,1146.0,1058.0,1308.0,1216.08,997.9,960.89,1158.78,1145.84,1127.08,1087.57,1347.0,1128.0,1469.86,1210.31,1155.0,1125.0,1176.92,1054.4,1452.0,1253.0,1328.27,1180.8,1469.0,1220.0,1223.65,1129.72,1116.73,1111.6,1319.0,1199.0,1489.83,1336.86,1095.24,987.03,1118.0,950.0,1091.06,963.47,1310.0,1180.0,1522.0,1184.0,1026.45,982.78,1425.0,1198.0,1006.53,991.69,1417.46,1366.56,1228.72,1141.85,1241.0,1071.0,1275.8,1295.23
2017-07-17,1312.9408484425585,1162.2790122188685,1358.7510101221421,1157.5224020233643,1144.0,1056.0,1295.0,1198.25,1000.1,961.04,1158.86,1145.84,1126.1,1086.16,1349.0,1129.0,1469.78,1196.8,1155.0,1125.0,1172.49,1048.21,1451.0,1255.0,1322.55,1173.55,1460.0,1221.0,1229.91,1135.32,1113.1,1107.81,1329.0,1209.0,1487.33,1334.72,1104.9,988.95,1118.0,955.0,1109.06,981.35,1310.0,1180.0,1506.0,1170.0,1035.37,990.53,1421.0,1197.0,997.24,977.23,1424.63,1373.48,1226.29,1135.91,1242.0,1072.0,1297.79,1317.11
2017-07-10,1309.034036054332,1159.4716940515993,1357.876352348996,1156.2367997631138,1148.0,1062.0,1323.24,1227.44,1002.3,960.78,1159.98,1147.77,1127.91,1088.21,1342.0,1121.0,1456.31,1210.23,1155.0,1125.0,1174.55,1048.74,1448.0,1251.0,1315.4,1170.32,1460.0,1221.0,1222.94,1124.35,1105.94,1101.0,1329.0,1199.0,1490.68,1338.42,1089.22,979.35,1118.0,955.0,1111.0,984.29,1310.0,1180.0,1512.0,1166.0,1031.63,987.8,1420.0,1196.0,998.23,978.67,1413.15,1362.41,1218.69,1114.35,1240.0,1062.0,1284.18,1303.55
2017-07-03,1309.3825622577658,1153.682587906783,1356.8342179912386,1148.5633637260148,1143.0,1055.0,1318.68,1196.46,1002.25,958.28,1170.94,1156.48,1128.19,1088.91,1344.0,1119.0,1456.31,1183.34,1155.0,1125.0,1168.16,1039.07,1443.0,1240.0,1321.96,1160.37,1460.0,1221.0,1212.56,1112.31,1087.77,1081.35,1329.0,1179.0,1488.99,1337.33,1080.39,969.29,1118.0,936.0,1112.12,984.88,1310.0,1180.0,1505.0,1155.0,1022.89,973.41,1414.0,1180.0,992.49,972.23,1410.47,1359.82,1215.38,1101.71,1236.0,1061.0,1296.86,1318.39
2017-06-26,1311.915467823502,1155.9359277006063,1359.2096258895397,1150.4333421020772,1155.0,1073.0,1314.6,1186.8,1003.68,964.72,1174.43,1158.37,1129.44,1089.28,1344.0,1114.0,1456.35,1183.37,1155.0,1125.0,1172.15,1041.45,1447.0,1242.0,1328.5,1164.17,1466.0,1225.0,1218.2,1118.64,1086.25,1079.36,1349.0,1219.0,1490.26,1341.64,1091.9,983.82,1118.0,936.0,1118.06,998.29,1310.0,1180.0,1503.0,1146.0,1033.93,983.01,1420.0,1182.0,984.27,964.59,1392.26,1342.27,1235.98,1120.19,1235.0,1063.0,1302.81,1323.66
2017-06-19,1322.5277219032566,1165.2261745568221,1369.8029073099904,1158.973256888653,1156.0,1067.0,1303.4,1179.8,1010.94,976.58,1193.61,1161.66,1144.31,1103.32,1353.0,1121.0,1456.21,1196.7,1155.0,1125.0,1182.45,1050.07,1466.0,1258.0,1343.56,1175.44,1478.0,1234.0,1231.59,1120.06,1110.5,1093.54,1359.0,1239.0,1502.93,1352.91,1108.11,998.61,1138.0,948.0,1122.12,1007.71,1310.0,1180.0,1521.0,1162.0,1041.32,990.01,1428.0,1186.0,988.56,969.4,1397.23,1348.07,1251.13,1137.75,1239.0,1074.0,1315.36,1338.91
2017-06-12,1329.2245363195402,1172.487971748993,1378.4766399637795,1167.3837828243827,1157.0,1069.0,1324.4,1202.7,1025.56,1000.1,1199.91,1176.06,1149.21,1108.94,1362.0,1125.0,1469.74,1210.21,1155.0,1125.0,1194.44,1060.65,1466.0,1262.0,1356.99,1191.62,1494.0,1250.0,1252.51,1143.49,1126.12,1106.59,1339.0,1199.0,1511.93,1361.25,1117.09,1014.06,1138.0,948.0,1132.53,1011.94,1310.0,1180.0,1526.0,1164.0,1054.02,1003.74,1437.0,1190.0,1015.03,988.15,1412.74,1353.84,1249.87,1136.83,1252.0,1085.0,1306.6,1329.96
2017-06-05,1343.7215371450425,1192.3555064454524,1390.165123687263,1187.3336363778308,1162.0,1075.0,1323.3,1264.6,1030.37,1007.93,1200.7,1184.79,1152.96,1118.24,1377.0,1149.0,1496.01,1236.59,1179.0,1140.0,1207.92,1079.35,1461.0,1268.0,1368.32,1209.56,1503.0,1257.0,1272.97,1171.9,1142.95,1124.93,1369.0,1259.0,1519.38,1370.7,1122.12,1021.39,1154.0,972.0,1142.61,1024.72,1310.0,1180.0,1539.0,1181.0,1065.07,1016.43,1453.0,1217.0,1033.06,1006.29,1443.44,1384.74,1251.4,1136.84,1267.0,1103.0,1329.29,1353.69
2017-05-29,1347.8753240482747,1198.2145868725588,1394.9047598140623,1193.787782167187,1173.0,1092.0,1338.4,1264.6,1032.21,1011.4,1201.26,1184.79,1151.13,1116.74,1381.0,1159.0,1495.87,1236.48,1179.0,1140.0,1215.88,1087.67,1470.0,1274.0,1370.17,1212.49,1504.0,1257.0,1267.96,1166.39,1149.57,1133.79,1359.0,1229.0,1523.83,1375.87,1135.41,1033.55,1154.0,972.0,1141.5,1022.5,1310.0,1180.0,1546.0,1199.0,1071.25,1025.59,1454.0,1225.0,1059.79,1020.25,1450.11,1400.03,1251.61,1136.23,1275.0,1111.0,1329.56,1353.5
2017-05-22,1348.5126608493806,1197.083920396072,1394.1688340542921,1190.906222350291,1173.0,1091.0,1382.5,1264.6,1036.05,1015.44,1203.99,1184.83,1147.16,1113.41,1377.0,1153.0,1495.32,1222.59,1180.0,1161.0,1210.96,1082.44,1483.0,1285.0,1369.36,1207.23,1503.0,1255.0,1248.27,1145.74,1139.22,1127.07,1359.0,1269.0,1525.19,1376.0,1116.12,1035.04,1154.0,972.0,1145.83,1026.44,1310.0,1180.0,1542.0,1194.0,1078.32,1031.26,1449.0,1215.0,1029.37,1003.48,1444.51,1403.65,1253.91,1138.4,1277.0,1112.0,1339.52,1363.68
2017-05-15,1351.2432323321625,1197.3517728814672,1392.5150064257082,1187.2740243306955,1172.0,1087.0,1343.4,1225.4,1043.1,1022.45,1220.65,1191.86,1150.81,1117.03,1376.0,1153.0,1471.87,1215.14,1180.0,1161.0,1206.27,1079.74,1472.0,1275.0,1367.02,1204.15,1506.0,1259.0,1252.35,1147.82,1121.15,1116.1,1369.0,1229.0,1529.24,1378.8,1122.58,1040.04,1132.0,956.0,1144.72,1034.67,1310.0,1180.0,1538.0,1187.0,1085.88,1037.98,1436.0,1207.0,1027.73,1006.64,1450.59,1409.45,1282.3,1160.33,1279.0,1114.0,1361.16,1385.28
2017-05-08,1358.6065584677992,1208.7552283107386,1396.0921808562857,1196.6772314214988,1173.0,1090.0,1398.8,1291.7,1042.74,1026.49,1238.62,1217.9,1146.98,1115.12,1366.0,1145.0,1472.03,1228.71,1180.0,1161.0,1220.42,1093.27,1462.0,1274.0,1374.39,1215.72,1524.0,1274.0,1280.26,1171.61,1129.89,1126.5,1379.0,1279.0,1539.66,1391.7,1132.5,1050.52,1157.0,956.0,1168.94,1063.71,1310.0,1180.0,1535.0,1182.0,1101.89,1057.55,1446.0,1216.0,1041.26,1019.78,1431.51,1386.79,1308.02,1183.07,1302.0,1138.0,1385.88,1412.9
2017-05-01,1376.0650340205425,1225.7177057668553,1414.917502230148,1213.5259601008356,1190.0,1107.0,1378.7,1260.1,1044.74,1029.66,1254.71,1228.37,1153.37,1119.34,1388.0,1170.0,1512.44,1269.11,1180.0,1161.0,1239.46,1109.45,1491.0,1302.0,1398.08,1237.82,1543.0,1287.0,1301.31,1185.96,1145.52,1135.36,1389.0,1249.0,1555.83,1405.52,1139.65,1054.93,1157.0,982.0,1166.41,1060.12,1310.0,1180.0,1562.0,1214.0,1117.62,1074.95,1471.0,1242.0,1068.32,1042.64,1449.26,1413.96,1292.91,1171.46,1313.0,1143.0,1397.87,1429.79
2017-04-24,1385.5665345123593,1236.9371021692643,1427.3586756651919,1228.0242343039413,1200.0,1121.0,1432.0,1300.6,1045.25,1031.39,1236.24,1231.5,1158.92,1124.73,1401.0,1182.0,1525.74,1282.43,1180.0,1161.0,1257.61,1125.52,1494.0,1306.0,1410.63,1254.75,1523.0,1274.0,1315.81,1206.33,1178.79,1172.77,1399.0,1269.0,1559.28,1410.49,1144.57,1062.42,1183.0,1000.0,1167.39,1061.06,1310.0,1180.0,1595.0,1249.0,1112.45,1069.98,1489.0,1257.0,1084.17,1057.32,1488.65,1442.73,1282.55,1164.85,1331.0,1169.0,1392.76,1423.66
2017-04-10,1373.2121755801325,1225.252053031124,1415.856012046579,1216.1333581187785,1194.0,1117.0,1355.7,1262.9,1035.79,1016.0,1204.31,1203.33,1162.17,1132.43,1403.0,1184.0,1533.02,1282.9,1180.0,1161.0,1236.25,1108.57,1480.0,1307.0,1395.5,1237.13,1523.0,1274.0,1271.55,1165.03,1157.29,1144.28,1389.0,1279.0,1538.09,1392.61,1155.39,1053.22,1183.0,1000.0,1157.44,1047.67,1310.0,1180.0,1581.0,1232.0,1103.72,1061.13,1479.0,1243.0,1065.78,1042.95,1491.81,1460.49,1255.19,1143.75,1281.0,1138.0,1371.32,1405.94
2017-04-03,1358.4150975802108,1212.593949403683,1398.840550371792,1202.6902230364535,1165.0,1104.0,1380.7,1263.5,1031.09,1017.23,1210.72,1211.16,1132.67,1109.75,1383.0,1168.0,1492.46,1249.09,1175.0,1155.0,1215.73,1094.37,1464.0,1305.0,1374.58,1220.78,1512.0,1272.0,1260.75,1154.97,1136.93,1132.65,1389.0,1239.0,1527.07,1383.0,1145.83,1043.98,1127.0,986.0,1158.5,1049.83,1310.0,1180.0,1551.0,1209.0,1079.95,1043.24,1461.0,1234.0,1047.21,1018.79,1485.31,1443.59,1265.08,1163.0,1268.0,1132.0,1371.42,1406.47
2017-03-27,1347.1669585761197,1210.3018729492196,1385.6134838190146,1200.592251842845,1144.0,1095.0,1299.9,1214.4,1035.23,1018.2,1223.8,1218.45,1137.37,1114.54,1361.0,1159.0,1471.7,1228.43,1162.0,1150.0,1212.71,1096.44,1464.0,1334.0,1372.08,1225.4,1516.0,1277.0,1253.31,1160.56,1147.71,1173.58,1349.0,1239.0,1532.13,1387.31,1147.8,1022.25,1127.0,986.0,1168.17,1069.94,1310.0,1180.0,1525.0,1207.0,1073.95,1041.88,1448.0,1233.0,1019.15,1017.15,1456.81,1416.81,1275.63,1180.17,1273.0,1137.0,1366.02,1401.32
2017-03-20,1353.3973864712393,1220.2526427429584,1393.5459922826674,1211.2498030101053,1151.0,1098.0,1341.4,1244.9,1035.74,1031.7,1234.85,1222.87,1142.7,1119.2,1362.0,1165.0,1472.84,1249.56,1217.0,1237.0,1217.62,1105.8,1472.0,1340.0,1381.21,1238.81,1525.0,1286.0,1272.57,1190.2,1151.05,1183.92,1389.0,1269.0,1539.01,1393.57,1157.65,1044.99,1142.0,986.0,1182.17,1083.17,1310.0,1180.0,1539.0,1222.0,1083.6,1051.8,1460.0,1246.0,1017.18,1021.09,1441.45,1433.88,1290.13,1190.55,1289.0,1153.0,1370.47,1403.8
2017-03-13,1367.1787372339004,1234.2480277517395,1411.6338514700967,1227.9028395732523,1183.0,1119.0,1384.9,1262.5,1044.13,1034.31,1245.52,1234.0,1148.07,1124.53,1381.0,1183.0,1506.59,1283.29,1217.0,1237.0,1236.91,1125.05,1485.0,1352.0,1401.46,1259.79,1540.0,1294.0,1288.26,1203.23,1161.23,1203.27,1399.0,1269.0,1548.9,1402.0,1147.12,1048.76,1168.0,1008.0,1182.17,1092.72,1310.0,1180.0,1561.0,1237.0,1083.95,1052.77,1482.0,1269.0,1030.67,1040.78,1454.96,1451.83,1302.59,1191.44,1307.0,1169.0,1372.97,1406.94
2017-03-06,1379.9462251708944,1243.2356282034955,1421.480965475803,1235.0087574454656,1203.0,1132.0,1401.1,1256.1,1021.01,1034.26,1245.61,1234.04,1151.1,1128.86,1389.0,1196.0,1526.83,1296.8,1233.0,1246.0,1249.54,1132.0,1496.0,1346.0,1413.16,1266.97,1549.0,1294.0,1308.41,1213.93,1197.45,1215.35,1399.0,1269.0,1555.19,1403.59,1164.84,1071.27,1190.0,1028.0,1182.17,1092.72,1310.0,1180.0,1577.0,1245.0,1096.44,1064.24,1492.0,1277.0,1056.48,1060.73,1486.44,1472.28,1299.87,1188.56,1319.0,1172.0,1390.73,1424.06
2017-02-27,1389.2025415682212,1247.0839264477745,1428.7265284190378,1236.358940728136,1212.0,1143.0,1397.1,1232.7,1021.01,1034.26,1245.51,1233.88,1150.99,1128.94,1404.0,1200.0,1513.5,1283.45,1244.0,1244.0,1253.18,1133.76,1483.0,1342.0,1416.98,1268.2,1549.0,1294.0,1313.14,1205.57,1211.4,1217.48,1399.0,1289.0,1555.24,1403.0,1164.58,1072.23,1190.0,1028.0,1184.39,1092.17,1310.0,1180.0,1590.0,1251.0,1106.82,1075.47,1498.0,1274.0,1078.27,1068.04,1500.82,1477.79,1297.54,1188.63,1331.0,1173.0,1408.56,1443.01
2017-02-20,1390.7066918336416,1245.7076123898046,1430.7513999899058,1234.8355611170778,1206.0,1131.0,1415.8,1251.5,1038.96,1039.93,1242.94,1228.29,1150.92,1130.27,1408.0,1196.0,1518.84,1272.65,1244.0,1244.0,1254.67,1131.11,1489.0,1354.0,1419.71,1267.15,1548.0,1294.0,1302.81,1201.58,1209.53,1220.09,1399.0,1269.0,1555.14,1402.69,1164.99,1071.43,1190.0,1028.0,1174.29,1092.18,1310.0,1180.0,1590.0,1253.0,1099.52,1067.45,1498.0,1274.0,1071.61,1061.94,1504.35,1480.19,1297.93,1182.62,1331.0,1173.0,1411.7,1446.31
2017-02-13,1388.5348765579304,1245.1326622122817,1425.9914046941099,1232.5364008321894,1195.0,1126.0,1355.9,1238.8,1043.77,1042.69,1242.94,1228.29,1149.51,1128.71,1409.0,1198.0,1518.31,1272.21,1244.0,1245.0,1247.76,1127.52,1504.0,1369.0,1413.31,1264.69,1545.0,1292.0,1300.13,1202.93,1193.86,1221.28,1379.0,1259.0,1549.55,1399.97,1158.81,1053.53,1190.0,1016.0,1172.89,1093.39,1310.0,1180.0,1585.0,1249.0,1104.28,1074.07,1495.0,1274.0,1068.37,1065.04,1513.29,1483.44,1296.37,1180.88,1316.0,1164.0,1415.38,1450.94
2017-02-06,1382.3302022362363,1242.1560851887732,1421.5697275686468,1230.748793803535,1190.0,1126.0,1376.1,1268.7,1045.4,1044.64,1242.94,1228.29,1149.74,1131.01,1402.0,1195.0,1518.04,1285.43,1144.0,1146.0,1245.71,1124.56,1467.0,1344.0,1412.6,1262.45,1544.0,1291.0,1301.25,1197.48,1189.35,1210.48,1399.0,1259.0,1546.0,1397.6,1155.35,1063.75,1178.0,1016.0,1173.17,1094.06,1310.0,1180.0,1581.0,1245.0,1105.47,1080.35,1493.0,1266.0,1071.21,1061.12,1499.92,1471.59,1295.94,1184.26,1316.0,1164.0,1398.22,1433.94
2017-01-30,1382.0054472831628,1242.258124060133,1418.7131445958616,1229.5993539469644,1182.0,1121.0,1409.6,1285.8,1044.94,1049.03,1242.94,1228.47,1149.1,1130.26,1397.0,1192.0,1517.98,1285.38,1144.0,1146.0,1243.84,1122.78,1474.0,1353.0,1412.79,1261.84,1546.0,1291.0,1300.34,1189.2,1182.9,1203.14,1369.0,1269.0,1543.74,1395.46,1151.46,1057.42,1187.0,1016.0,1172.35,1093.06,1310.0,1180.0,1572.0,1234.0,1094.45,1070.25,1490.0,1263.0,1070.32,1058.25,1495.29,1472.19,1297.64,1188.42,1315.0,1164.0,1412.97,1450.45
2017-01-23,1375.3798184829154,1238.4438735693527,1417.6365137788916,1229.7068049544255,1189.0,1125.0,1391.5,1258.8,1045.25,1053.07,1243.01,1228.19,1147.7,1129.76,1393.0,1189.0,1504.8,1264.09,1170.0,1175.0,1242.11,1123.73,1486.0,1362.0,1412.02,1263.19,1548.0,1293.0,1295.26,1195.34,1187.18,1207.97,1369.0,1259.0,1544.75,1397.33,1152.93,1059.34,1187.0,1016.0,1173.11,1103.0,1310.0,1180.0,1571.0,1240.0,1082.5,1059.62,1498.0,1287.0,1070.12,1059.47,1484.87,1461.63,1300.43,1190.34,1313.0,1163.0,1386.32,1424.82
2017-01-16,1370.4172890045731,1239.3129861302018,1418.2142909196418,1234.9401959215124,1192.0,1133.0,1366.1,1234.9,1039.92,1050.2,1238.0,1226.51,1146.7,1129.08,1398.0,1200.0,1504.82,1277.55,1170.0,1175.0,1241.88,1129.07,1489.0,1373.0,1410.3,1267.58,1548.0,1291.0,1297.17,1203.17,1189.97,1223.96,1369.0,1279.0,1547.49,1400.12,1152.25,1059.48,1187.0,1028.0,1173.22,1103.06,1310.0,1180.0,1565.0,1246.0,1086.17,1064.28,1483.0,1289.0,1049.09,1046.38,1507.12,1472.85,1301.92,1193.65,1312.0,1179.0,1351.06,1390.52
2017-01-09,1374.5280557672297,1246.086595418654,1422.368822426179,1242.59952333306,1194.0,1142.0,1394.2,1282.6,1035.54,1043.41,1224.15,1220.69,1142.3,1122.53,1403.0,1210.0,1505.27,1291.38,1172.0,1176.0,1246.86,1136.88,1506.0,1394.0,1412.89,1273.35,1545.0,1280.0,1293.64,1196.02,1199.77,1236.44,1379.0,1259.0,1550.03,1404.9,1145.59,1051.96,1187.0,1028.0,1163.12,1093.29,1310.0,1180.0,1573.0,1260.0,1084.65,1061.72,1468.0,1278.0,1057.95,1051.76,1496.03,1483.57,1279.71,1177.32,1312.0,1179.0,1361.39,1399.76
2017-01-02,1368.535065601509,1234.119842690143,1411.9121472603063,1225.674150507539,1194.0,1147.0,1355.29,1253.75,1030.93,1032.06,1203.2,1212.21,1129.71,1108.4,1405.0,1216.0,1509.1,1307.35,1116.0,1121.0,1237.09,1127.56,1488.0,1385.0,1393.01,1222.24,1497.0,1186.0,1284.22,1187.46,1187.1,1223.5,1349.0,1249.0,1535.52,1391.9,1124.54,1030.48,1175.0,1028.0,1151.9,1082.16,1310.0,1180.0,1564.0,1258.0,1084.73,1062.23,1463.0,1255.0,1005.04,1005.93,1490.81,1487.88,1270.44,1171.59,1300.0,1165.0,1374.21,1409.81
2016-12-19,1353.0623294285003,1218.1520016812967,1388.280666992989,1203.386283394216,1171.0,1126.0,1328.7,1230.9,1015.85,997.24,1189.82,1199.02,1114.58,1093.78,1380.0,1194.0,1478.28,1277.86,1116.0,1121.0,1215.97,1105.7,1438.0,1331.0,1364.62,1199.07,1466.0,1161.0,1251.76,1164.17,1154.16,1199.16,1329.0,1229.0,1508.88,1369.06,1099.6,1007.99,1157.0,1008.0,1115.06,1046.83,1270.0,1140.0,1557.0,1247.0,1078.98,1053.28,1433.0,1202.0,1147.77,1143.8,1428.63,1430.57,1241.89,1137.97,1267.0,1132.0,1366.77,1409.66
2016-12-12,1340.2621022658238,1201.941550047185,1375.1099047552207,1186.9446587249015,1160.0,1111.0,1312.7,1211.0,1015.85,997.24,1170.55,1160.37,1104.93,1083.29,1365.0,1176.0,1450.83,1243.76,1075.0,1087.0,1202.96,1089.81,1425.0,1320.0,1352.79,1182.46,1452.0,1147.0,1235.68,1147.14,1136.45,1182.5,1319.0,1239.0,1499.34,1350.05,1093.32,1000.2,1157.0,1008.0,1110.31,1041.31,1270.0,1140.0,1543.0,1229.0,1055.81,1028.57,1420.0,1189.0,1130.92,1126.69,1409.0,1408.18,1218.52,1117.55,1259.0,1115.0,1361.47,1400.64
2016-12-05,1326.7395012660165,1185.4511260715353,1360.8979942373417,1169.6387046803495,1154.0,1110.0,1273.3,1176.5,1008.69,986.81,1170.44,1160.37,1093.73,1068.37,1358.0,1167.0,1463.79,1270.23,1075.0,1087.0,1184.18,1069.99,1398.0,1287.0,1326.03,1158.42,1434.0,1131.0,1225.52,1137.53,1101.39,1150.79,1319.0,1199.0,1478.6,1332.67,1096.8,1003.38,1128.0,986.0,1100.5,1011.25,1270.0,1140.0,1533.0,1219.0,1035.28,1003.61,1406.0,1176.0,1119.11,1114.66,1401.72,1404.78,1206.0,1104.1,1241.0,1098.0,1350.44,1387.12
2016-11-28,1310.9702900658956,1171.920672200858,1345.577225740988,1157.1948454389822,1129.0,1082.0,1275.3,1176.3,1012.42,986.96,1163.98,1160.76,1087.78,1059.35,1334.0,1144.0,1420.91,1223.3,1067.0,1073.0,1174.3,1059.45,1397.0,1280.0,1320.7,1153.8,1427.0,1125.0,1197.19,1105.51,1103.78,1150.73,1299.0,1199.0,1468.14,1320.87,1075.6,979.6,1128.0,986.0,1103.47,994.53,1270.0,1140.0,1513.0,1205.0,1024.6,996.07,1394.0,1166.0,1108.62,1104.14,1370.89,1379.48,1219.0,1113.6,1219.0,1072.0,1333.14,1366.48
2016-11-21,1300.883252598635,1157.472942728141,1332.733309176878,1140.8130231641705,1118.0,1063.0,1268.0,1153.7,1009.05,985.12,1168.17,1165.75,1084.75,1053.05,1318.0,1126.0,1407.09,1204.16,1079.0,1080.0,1158.55,1041.24,1391.0,1267.0,1309.5,1135.38,1418.0,1118.0,1185.25,1099.41,1079.84,1123.17,1299.0,1199.0,1458.41,1311.12,1077.62,981.31,1106.0,957.0,1101.63,1002.31,1270.0,1140.0,1493.0,1177.0,1009.92,978.17,1371.0,1142.0,1093.09,1087.39,1350.96,1345.97,1228.0,1123.0,1218.0,1072.0,1338.07,1369.74
2016-11-14,1306.3953748922852,1159.5742947628655,1336.7719047961286,1142.1093678988059,1117.0,1063.0,1265.2,1155.8,1007.31,983.33,1172.2,1174.48,1088.17,1054.28,1317.0,1120.0,1396.04,1190.46,1120.0,1113.0,1161.97,1041.64,1390.0,1261.0,1314.8,1135.4,1426.0,1124.0,1204.18,1110.71,1086.03,1120.38,1299.0,1199.0,1473.9,1323.48,1086.79,989.64,1106.0,957.0,1103.12,1004.0,1270.0,1140.0,1494.0,1176.0,1012.11,980.38,1379.0,1159.0,1095.72,1086.66,1341.76,1330.14,1236.0,1131.0,1224.0,1076.0,1354.91,1383.04
2016-11-07,1310.5640641264931,1167.8759577634655,1351.0178606487075,1156.6995272592708,1137.0,1075.0,1296.9,1150.5,1012.07,987.32,1186.06,1188.98,1093.33,1056.62,1327.0,1127.0,1404.42,1184.01,1120.0,1113.0,1179.54,1061.48,1421.0,1289.0,1331.2,1157.18,1440.0,1136.0,1230.64,1143.47,1136.14,1177.9,1309.0,1219.0,1487.1,1339.24,1114.87,1014.83,1144.0,957.0,1111.24,1020.82,1270.0,1140.0,1508.0,1188.0,1041.6,1008.6,1397.0,1176.0,1112.83,1102.65,1330.82,1322.31,1245.0,1149.0,1248.0,1092.0,1309.06,1336.78
2016-10-31,1313.8064404967624,1175.3679689094909,1357.4379803918914,1166.51980004492,1147.0,1090.0,1303.82,1194.82,1016.57,991.92,1185.04,1186.83,1095.29,1056.54,1328.0,1132.0,1432.93,1229.95,1120.0,1113.0,1189.78,1075.12,1427.0,1280.0,1339.32,1168.24,1443.0,1136.0,1238.86,1146.84,1135.34,1179.9,1319.0,1219.0,1494.82,1340.52,1086.43,985.63,1144.0,978.0,1110.31,1020.56,1270.0,1140.0,1529.0,1214.0,1052.78,1018.72,1408.0,1189.0,1133.43,1130.35,1363.41,1375.16,1245.0,1149.0,1262.0,1110.0,1288.42,1315.04
2016-10-24,1315.3004735341144,1174.769522706684,1355.8821849676797,1163.8944942808005,1154.0,1087.0,1304.2,1195.7,1009.1,976.38,1181.33,1185.27,1093.78,1054.51,1331.0,1134.0,1446.35,1229.94,1068.0,1049.0,1189.22,1073.49,1428.0,1268.0,1338.23,1165.32,1440.0,1133.0,1233.7,1145.8,1123.51,1168.68,1299.0,1189.0,1487.2,1335.48,1131.47,1017.55,1144.0,978.0,1102.19,1015.44,1270.0,1140.0,1524.0,1206.0,1061.84,1025.32,1408.0,1187.0,1139.37,1130.16,1393.1,1397.11,1226.0,1124.0,1257.0,1106.0,1294.15,1322.24
2016-10-17,1307.295160712453,1166.7555333018204,1354.4765977270301,1160.8296760480246,1157.0,1091.0,1340.8,1223.5,994.84,967.28,1166.74,1165.45,1088.92,1049.7,1330.0,1131.0,1446.24,1229.84,1068.0,1049.0,1186.13,1067.38,1424.0,1255.0,1335.35,1160.65,1436.0,1126.0,1231.6,1137.55,1129.9,1169.69,1299.0,1209.0,1482.87,1330.2,1091.66,992.99,1144.0,978.0,1103.81,1013.44,1270.0,1140.0,1524.0,1196.0,1053.51,1014.5,1404.0,1182.0,1119.85,1111.48,1399.08,1387.64,1226.0,1124.0,1237.0,1085.0,1256.79,1281.94
2016-10-10,1302.9375229432933,1153.9249503324288,1352.0812961677318,1147.2887592305237,1142.0,1079.0,1266.9,1132.8,992.54,959.15,1161.22,1144.46,1078.98,1036.9,1350.0,1142.0,1440.69,1216.25,1068.0,1049.0,1178.72,1053.09,1403.0,1215.0,1320.74,1140.31,1423.0,1112.0,1203.6,1105.8,1128.9,1157.24,1299.0,1169.0,1471.23,1318.38,1083.64,984.77,1131.0,960.0,1069.2,968.87,1270.0,1140.0,1515.0,1187.0,1058.2,1017.9,1397.0,1166.0,1098.03,1088.06,1384.42,1357.82,1207.0,1099.0,1215.0,1062.0,1247.36,1270.16
2016-10-03,1295.9536873569039,1140.8496566034,1336.434339379318,1128.2268372453402,1125.0,1054.0,1266.9,1132.8,973.97,957.51,1157.23,1144.38,1075.76,1026.72,1336.0,1123.0,1418.15,1188.51,1068.0,1049.0,1159.81,1032.97,1387.0,1199.0,1299.52,1114.43,1412.0,1102.0,1197.02,1099.09,1103.89,1124.8,1279.0,1179.0,1456.38,1302.42,1065.43,972.36,1104.0,935.0,1064.67,964.67,1270.0,1140.0,1489.0,1156.0,1029.22,987.68,1374.0,1141.0,1099.43,1090.02,1394.35,1367.56,1205.0,1090.6,1219.0,1063.0,1278.66,1302.22
2016-09-26,1291.3369155741525,1134.6277893837976,1331.585343217116,1122.2476388949176,1121.0,1049.0,1269.7,1146.4,992.64,961.24,1157.23,1144.38,1074.65,1025.72,1325.0,1110.0,1403.29,1173.88,1068.0,1049.0,1156.35,1028.16,1381.0,1191.0,1293.33,1107.07,1415.0,1106.0,1198.85,1092.76,1089.46,1084.97,1289.0,1189.0,1451.9,1296.81,1083.61,990.03,1104.0,935.0,1063.79,962.36,1280.0,1160.0,1489.0,1149.0,1021.81,979.69,1373.0,1135.0,1100.96,1092.03,1375.49,1341.24,1203.0,1090.3,1231.0,1060.0,1278.71,1301.81
2016-09-19,1296.0506150957078,1135.2140761121047,1331.9129717247333,1119.6056889274619,1116.0,1040.0,1264.0,1129.9,997.19,960.68,1158.54,1144.85,1075.09,1027.65,1323.0,1100.0,1393.23,1147.6,1069.0,1050.0,1157.88,1028.65,1384.0,1197.0,1299.19,1111.35,1414.0,1104.0,1199.01,1095.98,1091.84,1081.47,1289.0,1159.0,1451.92,1297.49,1080.33,991.06,1104.0,935.0,1063.5,962.86,1280.0,1160.0,1496.0,1149.0,1033.3,988.4,1375.0,1136.0,1095.67,1087.56,1377.39,1334.86,1209.0,1098.4,1235.0,1061.0,1301.59,1324.27
2016-09-12,1300.3378784279425,1141.174729421575,1333.9280612671835,1124.6847986459109,1119.0,1053.0,1255.0,1147.3,1020.09,959.91,1149.69,1142.65,1074.67,1026.94,1333.0,1115.0,1418.71,1175.54,1064.0,1061.0,1154.8,1027.66,1372.0,1191.0,1290.77,1110.27,1413.0,1104.0,1193.83,1095.91,1068.45,1071.78,1279.0,1179.0,1452.0,1299.1,1067.98,976.48,1104.0,920.0,1064.53,963.13,1280.0,1160.0,1502.0,1158.0,1025.73,980.97,1370.0,1136.0,1098.67,1101.25,1390.46,1348.72,1213.0,1112.0,1226.0,1060.0,1317.7,1342.65
2016-09-05,1292.1958480088647,1138.093636257005,1320.7555047137644,1119.3404950931697,1114.0,1045.0,1279.6,1160.5,1000.72,964.82,1146.53,1131.99,1075.5,1027.46,1290.0,1077.0,1392.34,1162.53,1064.0,1061.0,1158.52,1034.75,1390.0,1201.0,1286.45,1113.48,1415.0,1106.0,1207.97,1109.72,1087.67,1092.49,1299.0,1189.0,1456.77,1304.83,1056.21,963.76,1104.0,941.0,1065.2,964.0,1280.0,1160.0,1490.0,1153.0,1026.01,980.23,1379.0,1147.0,1094.33,1090.47,1361.15,1333.19,1213.0,1112.0,1227.0,1061.0,1326.72,1352.19
2016-08-29,1293.7685688446597,1141.0818275195768,1330.0044570422938,1127.9160266330837,1108.0,1044.0,1265.2,1144.7,1000.46,960.89,1134.88,1116.68,1072.16,1025.27,1323.0,1112.0,1407.64,1177.96,1080.0,1063.0,1156.62,1037.45,1370.0,1185.0,1296.25,1123.34,1409.0,1102.0,1200.5,1109.66,1084.27,1092.93,1299.0,1159.0,1454.76,1306.83,1065.36,964.33,1079.0,924.0,1057.2,956.13,1280.0,1160.0,1486.0,1149.0,1027.55,977.89,1382.0,1147.0,1107.63,1102.97,1396.78,1357.59,1175.0,1066.0,1227.0,1061.0,1291.98,1316.73
2016-08-22,1282.8090649393025,1129.4080062908972,1321.7868287863676,1117.7106278537808,1114.0,1045.0,1222.5,1119.5,997.6,961.14,1121.02,1110.27,1069.53,1022.46,1319.0,1110.0,1405.52,1175.74,1080.0,1063.0,1145.05,1023.67,1370.0,1180.0,1285.09,1110.07,1396.0,1091.0,1175.86,1076.91,1064.31,1067.94,1299.0,1149.0,1441.35,1290.71,1049.09,951.2,1079.0,924.0,1049.33,934.93,1280.0,1160.0,1483.0,1146.0,1009.58,956.8,1371.0,1137.0,1091.6,1087.49,1392.57,1371.79,1175.0,1066.0,1209.0,1036.0,1271.28,1295.29
2016-08-15,1269.1696318797729,1111.547454740363,1306.6635299781972,1098.6540206090372,1092.0,1017.0,1259.87,1126.32,994.38,963.44,1122.25,1112.91,1063.24,1013.51,1299.0,1083.0,1393.72,1150.46,1055.0,1036.0,1131.72,1003.54,1359.0,1164.0,1274.5,1088.7,1388.0,1083.0,1157.29,1050.78,1053.41,1041.9,1279.0,1149.0,1426.52,1282.5,1032.62,930.93,1079.0,894.0,1050.67,942.93,1280.0,1160.0,1459.0,1113.0,1006.23,952.03,1355.0,1112.0,1068.81,1064.54,1371.13,1338.68,1174.0,1080.0,1191.0,1020.0,1260.74,1280.84
2016-08-08,1271.2760926655021,1108.9404662809604,1302.8554586393502,1091.556718005371,1093.0,1013.0,1232.1,1100.9,995.04,965.33,1132.78,1130.27,1069.6,1018.72,1298.0,1073.0,1391.73,1137.59,1055.0,1036.0,1121.81,996.32,1370.0,1178.0,1268.4,1080.1,1389.0,1087.0,1160.18,1070.2,1037.98,1027.42,1269.0,1149.0,1422.53,1282.14,1052.09,943.14,1060.0,894.0,1060.67,952.93,1280.0,1160.0,1450.0,1092.0,1006.69,951.86,1353.0,1107.0,1052.86,1050.99,1358.43,1313.91,1174.0,1080.0,1192.0,1022.0,1291.85,1311.33
2016-08-01,1279.2606228689747,1119.7184976418332,1308.0919401140836,1101.8152867656634,1098.0,1029.0,1233.0,1092.7,997.29,967.33,1146.57,1145.74,1080.77,1034.26,1297.0,1076.0,1443.76,1217.92,1055.0,1036.0,1134.45,1014.79,1378.0,1177.0,1271.39,1095.05,1400.0,1100.0,1173.74,1091.71,1055.36,1060.47,1299.0,1159.0,1432.49,1289.4,1074.66,962.54,1073.0,912.0,1070.87,962.67,1280.0,1160.0,1451.0,1102.0,997.22,942.7,1363.0,1125.0,1065.64,1065.78,1345.78,1298.61,1186.0,1102.0,1196.0,1037.0,1313.52,1329.86
2016-07-25,1292.7318967875813,1135.9802960951772,1321.0170551715798,1119.7009603256538,1115.0,1048.0,1280.4,1136.4,998.36,967.89,1151.02,1147.29,1085.37,1038.41,1309.0,1100.0,1404.7,1172.15,1071.0,1051.0,1144.34,1026.62,1398.0,1201.0,1293.9,1113.95,1406.0,1105.0,1180.45,1097.62,1061.75,1062.85,1299.0,1169.0,1444.46,1299.47,1071.07,961.82,1073.0,932.0,1073.07,963.64,1280.0,1160.0,1465.0,1128.0,1006.85,948.54,1368.0,1132.0,1083.75,1086.62,1372.57,1334.91,1186.0,1102.0,1206.0,1051.0,1334.9,1349.28
2016-07-18,1298.6995880587456,1140.7910614623434,1328.1772136234688,1124.940252392608,1117.0,1045.0,1295.36,1155.0,997.75,967.07,1164.36,1161.86,1088.0,1040.52,1320.0,1103.0,1404.82,1156.12,1087.0,1067.0,1149.95,1030.5,1399.0,1199.0,1298.21,1122.73,1411.0,1108.0,1177.48,1108.1,1052.93,1068.53,1299.0,1169.0,1448.71,1303.79,1074.31,968.04,1073.0,932.0,1096.33,974.87,1280.0,1160.0,1468.0,1133.0,1006.9,951.23,1374.0,1139.0,1079.59,1089.26,1378.76,1339.68,1223.0,1120.0,1210.0,1050.0,1342.38,1355.36
2016-07-11,1300.532143006263,1142.3734951517254,1336.1767920159716,1129.4969586592797,1132.0,1048.0,1281.86,1120.14,999.03,964.16,1168.23,1161.68,1094.91,1047.38,1321.0,1109.0,1407.79,1191.31,1087.0,1067.0,1167.77,1041.63,1399.0,1203.0,1304.81,1127.51,1424.0,1112.0,1209.79,1122.58,1088.72,1090.18,1319.0,1159.0,1459.7,1308.54,1085.91,974.89,1103.0,932.0,1113.6,983.27,1280.0,1160.0,1483.0,1146.0,1006.76,949.93,1391.0,1151.0,1084.05,1095.45,1383.81,1351.2,1223.0,1120.0,1230.0,1065.0,1314.91,1328.98
2016-07-04,1319.1574223010819,1152.9253235485517,1356.196432280793,1140.878858137669,1152.0,1066.0,1324.54,1150.85,998.67,926.83,1177.0,1161.62,1096.88,1045.29,1345.0,1121.0,1447.39,1204.14,1087.0,1067.0,1182.78,1050.43,1421.0,1223.0,1333.98,1140.68,1430.0,1112.0,1221.73,1115.19,1090.13,1070.62,1349.0,1169.0,1468.26,1311.97,1105.93,987.61,1123.0,951.0,1114.13,983.93,1280.0,1160.0,1513.0,1164.0,1012.87,954.22,1410.0,1156.0,1104.98,1102.19,1424.13,1379.3,1217.0,1123.0,1250.0,1077.0,1330.66,1345.08
2016-06-27,1323.1076849810902,1153.060896348313,1361.467623018922,1140.9637073108654,1154.0,1062.0,1312.5,1119.0,997.09,971.11,1177.13,1161.73,1094.62,1043.13,1357.0,1125.0,1461.61,1204.79,1087.0,1067.0,1184.19,1047.8,1435.0,1223.0,1340.07,1143.25,1429.0,1112.0,1204.07,1113.11,1069.73,1066.38,1329.0,1169.0,1470.98,1315.12,1093.99,976.39,1123.0,951.0,1123.47,983.27,1280.0,1160.0,1521.0,1169.0,1003.99,945.21,1408.0,1158.0,1110.1,1101.14,1433.17,1371.4,1217.0,1123.0,1250.0,1076.0,1336.25,1349.62
2016-06-20,1335.0611650263827,1164.2090565919525,1350.590051271903,1139.106007768581,1148.0,1060.0,1328.5,1150.1,1019.02,924.74,1177.6,1161.73,1097.81,1044.75,1324.0,1097.0,1449.72,1191.52,1087.0,1067.0,1179.07,1052.34,1430.0,1227.0,1345.3,1150.81,1428.0,1112.0,1212.56,1127.43,1094.33,1090.84,1329.0,1189.0,1473.96,1317.76,1097.97,983.14,1123.0,951.0,1123.47,983.27,1280.0,1160.0,1517.0,1167.0,1024.12,964.95,1406.0,1161.0,1096.9,1091.94,1431.68,1380.25,1238.0,1130.0,1254.0,1084.0,1437.44,1451.5
2016-06-13,1337.528097443462,1167.1457179631211,1363.1020017594092,1148.2520162248688,1152.0,1068.0,1318.5,1128.2,966.2,950.51,1179.14,1161.12,1097.73,1043.54,1352.0,1124.0,1459.2,1218.46,1097.0,1067.0,1185.75,1056.75,1438.0,1231.0,1356.15,1160.96,1431.0,1104.0,1222.36,1124.36,1102.84,1087.82,1319.0,1199.0,1479.97,1319.29,1099.11,983.46,1123.0,951.0,1100.27,953.27,1280.0,1160.0,1519.0,1176.0,1031.18,969.01,1418.0,1163.0,1112.05,1102.43,1455.64,1388.62,1238.0,1130.0,1268.0,1086.0,1396.35,1408.41
2016-06-06,1344.7856789975174,1169.8809358990447,1370.196324058346,1151.1819075376857,1164.0,1070.0,1345.8,1158.4,961.45,901.37,1179.31,1159.39,1093.66,1037.01,1359.0,1121.0,1476.26,1212.74,1108.0,1069.0,1192.26,1055.46,1432.0,1228.0,1370.67,1174.62,1431.0,1104.0,1231.3,1124.48,1120.71,1101.81,1339.0,1199.0,1484.45,1320.9,1097.56,968.55,1141.0,951.0,1096.63,949.13,1280.0,1160.0,1529.0,1173.0,1037.4,968.65,1422.0,1163.0,1119.26,1100.84,1471.56,1401.58,1218.0,1099.0,1258.0,1076.0,1402.46,1415.49
2016-05-30,1346.2381354814208,1168.0174204936798,1363.8856150024992,1144.4315813770843,1161.0,1068.0,1328.9,1128.4,955.93,932.46,1172.5,1156.52,1078.79,1023.61,1354.0,1118.0,1475.08,1214.22,1108.0,1063.0,1190.0,1048.21,1419.0,1208.0,1367.5,1174.04,1415.0,1083.0,1227.55,1116.0,1112.65,1083.92,1299.9,1149.0,1476.71,1309.85,1100.9,969.32,1141.0,951.0,1091.31,958.88,1280.0,1160.0,1531.0,1176.0,1026.27,953.8,1417.0,1157.0,1118.34,1095.67,1466.98,1401.81,1218.0,1099.0,1238.0,1055.0,1442.18,1454.19
2016-05-23,1325.4712322393707,1142.7394967436078,1346.0057977199622,1119.404985533331,1138.0,1043.0,1270.9,1083.9,948.67,920.08,1152.05,1125.32,1058.6,1001.44,1338.0,1104.0,1458.9,1199.39,1088.0,1008.0,1177.92,1032.1,1422.0,1212.0,1331.87,1127.27,1403.0,1065.0,1193.62,1077.58,1077.05,1057.18,1299.0,1129.0,1463.42,1289.46,1086.47,954.85,1113.0,933.0,1084.75,933.75,1280.0,1160.0,1505.0,1146.0,1013.21,938.05,1403.0,1139.0,1092.75,1070.17,1450.34,1382.92,1204.0,1079.0,1220.0,1036.0,1409.08,1419.17
2016-05-16,1310.8382895748634,1123.6166068897219,1334.111285402516,1101.1987284734594,1128.0,1031.0,1292.6,1097.8,945.04,901.73,1144.71,1113.37,1050.96,989.45,1334.0,1096.0,1450.56,1154.8,1088.0,1008.0,1156.73,1007.99,1391.0,1180.0,1309.03,1094.0,1386.0,1047.0,1184.29,1070.1,1056.16,1036.47,1299.0,1149.0,1445.54,1268.48,1068.26,935.83,1090.0,899.0,1084.0,923.31,1280.0,1160.0,1486.0,1126.0,1017.93,935.39,1380.0,1115.0,1085.54,1062.26,1430.97,1353.11,1204.0,1079.0,1218.0,1036.0,1377.26,1387.01
2016-05-09,1305.429468108263,1117.0811427398596,1329.887123003868,1095.688768797711,1125.0,1024.0,1292.6,1079.4,941.56,896.05,1135.85,1087.25,1051.4,985.83,1317.0,1078.0,1423.52,1141.24,1088.0,1013.0,1159.84,1005.68,1386.0,1175.0,1313.8,1094.49,1390.0,1045.0,1208.4,1082.99,1074.52,1041.5,1299.0,1119.0,1448.63,1273.79,1057.91,928.78,1090.0,917.0,1083.88,922.75,1280.0,1160.0,1487.0,1117.0,999.54,915.67,1398.0,1128.0,1088.65,1058.0,1417.66,1337.97,1202.0,1059.0,1219.0,1035.0,1369.54,1379.83
2016-05-02,1310.39222653364,1116.789089038617,1333.6352556676459,1094.1770874558676,1137.0,1032.0,1297.9,1088.6,926.32,877.8,1136.22,1086.04,1042.92,976.93,1325.0,1084.0,1452.68,1162.42,1088.0,1013.0,1164.18,1004.22,1367.0,1156.0,1317.58,1088.85,1387.0,1039.0,1187.81,1060.16,1079.81,1044.68,1299.0,1099.0,1446.96,1265.13,1062.99,923.3,1108.0,917.0,1074.94,907.31,1280.0,1160.0,1493.0,1125.0,991.46,906.95,1400.0,1123.0,1095.7,1063.06,1452.46,1366.84,1202.0,1059.0,1217.0,1012.0,1377.9,1387.63
2016-04-25,1301.363019017714,1101.6399985614305,1323.1586115788118,1077.5516490120003,1120.0,1019.0,1268.3,1050.6,920.24,877.8,1137.16,1083.97,1031.46,967.91,1313.0,1067.0,1436.48,1140.85,1088.0,1013.0,1152.35,986.23,1366.0,1160.0,1307.83,1071.49,1378.0,1027.0,1199.58,1049.08,1072.47,1021.73,1299.0,1099.0,1438.74,1247.14,1062.03,920.53,1091.0,896.0,1073.69,905.0,1280.0,1160.0,1478.0,1108.0,965.59,880.77,1421.0,1135.0,1086.65,1045.88,1439.77,1355.36,1176.0,1020.0,1213.0,991.0,1379.97,1386.81
2016-04-18,1287.6299418358687,1087.1932160861409,1314.4114033333483,1064.900647643911,1099.0,988.0,1266.0,1068.4,917.63,877.29,1127.93,1073.99,1026.61,961.51,1303.0,1051.0,1439.19,1140.87,1049.0,978.0,1148.26,970.94,1352.0,1149.0,1304.23,1059.8,1370.0,1021.0,1165.22,1007.2,1063.21,1004.74,1269.0,1099.0,1426.2,1233.46,1041.22,894.08,1091.0,875.0,1064.94,904.44,1280.0,1160.0,1483.0,1095.0,987.38,901.57,1414.5,1130.0,1081.42,1034.72,1423.85,1331.84,1176.0,1020.0,1195.0,992.0,1333.76,1340.81
2016-04-11,1271.1227063057463,1071.8415617299638,1299.493869365957,1049.7258847952578,1087.0,974.0,1252.9,1038.3,915.64,875.86,1129.12,1095.73,1018.35,954.3,1287.0,1027.0,1409.49,1095.08,1049.0,978.0,1127.45,953.72,1347.0,1153.0,1291.66,1043.69,1362.0,1021.0,1174.62,1027.05,1047.55,986.46,1279.0,1129.0,1411.23,1225.62,1043.57,906.35,1067.0,843.0,1054.94,912.69,1280.0,1160.0,1454.0,1073.0,967.19,901.08,1403.5,1118.5,1067.55,1017.46,1379.73,1272.85,1185.0,1050.0,1192.0,997.0,1316.4,1323.74
2016-04-04,1271.513335172667,1084.3130950824072,1298.3949443473123,1063.4445431256868,1082.0,982.0,1228.88,1034.44,914.72,874.94,1125.7,1095.69,1012.35,958.63,1283.0,1033.0,1422.26,1113.36,1061.0,1026.0,1135.89,976.15,1347.0,1171.0,1296.18,1064.78,1366.0,1028.0,1182.85,1043.73,1059.99,1009.81,1259.0,1099.0,1413.36,1243.4,1040.0,903.41,1091.0,867.0,1045.75,914.13,1280.0,1160.0,1455.0,1092.0,984.27,921.65,1399.5,1130.0,1072.35,1037.21,1400.32,1297.5,1185.0,1050.0,1170.0,1010.0,1310.65,1320.78
2016-03-21,1248.9607941219144,1089.3871292088782,1270.0203437071382,1068.1282415484682,1056.0,988.0,1211.9,1058.6,908.94,868.44,1080.01,1065.99,990.72,961.01,1244.0,1046.0,1384.42,1138.92,1021.0,1022.0,1116.39,977.67,1316.0,1153.0,1270.45,1067.43,1347.0,1019.0,1164.0,1051.65,1027.77,1018.63,1219.0,1099.0,1406.7,1243.24,1012.52,882.58,1018.79,886.04,1009.75,901.56,1320.0,1220.0,1410.0,1105.0,963.13,925.63,1369.0,1128.0,1064.28,1039.62,1376.84,1324.32,1157.0,1038.0,1148.0,989.0,1310.04,1323.58
2016-03-14,1241.651131361041,1082.1112842722032,1261.4415436983188,1060.9012358911327,1057.0,983.0,1196.2,1051.1,906.18,859.55,1080.01,1065.62,978.82,943.99,1243.0,1043.0,1383.66,1138.3,1021.0,1022.0,1104.93,971.18,1319.0,1150.0,1259.28,1064.7,1303.0,981.0,1121.61,1015.47,1013.21,1015.8,1199.0,1069.0,1391.51,1229.71,1014.8,880.36,1038.56,886.04,999.13,891.67,1320.0,1220.0,1416.0,1100.0,946.93,907.38,1348.0,1114.0,1049.31,1027.84,1366.56,1320.66,1112.0,1000.0,1125.0,965.0,1313.57,1324.07
2016-03-07,1223.7966423437651,1059.187334606608,1243.0224422282058,1037.5333082756997,1038.0,957.0,1196.5,1026.8,903.52,856.68,1080.01,1055.21,970.91,926.71,1227.0,1020.0,1343.07,1105.82,991.0,991.0,1078.35,946.36,1295.0,1126.0,1231.19,1035.28,1303.0,981.0,1097.21,989.93,992.82,987.66,1199.0,1079.0,1370.64,1207.28,1013.98,882.67,1003.74,886.04,992.13,873.31,1320.0,1220.0,1385.0,1065.0,909.05,866.86,1327.0,1096.0,1020.66,1002.06,1326.67,1298.59,1112.0,1000.0,1117.0,952.0,1310.25,1312.99
2016-02-29,1214.1340278446514,1044.799383909637,1237.925993077634,1025.226627411724,1037.0,950.0,1180.3,1020.3,910.73,866.04,1080.17,1055.21,969.18,921.76,1226.0,1009.0,1325.7,1084.42,953.0,939.0,1065.48,929.62,1297.0,1118.0,1226.57,1020.87,1296.0,974.0,1081.13,982.39,968.24,969.3,1199.0,1039.0,1361.22,1199.42,1014.19,875.09,1009.68,861.51,993.38,873.38,1320.0,1220.0,1379.0,1053.0,897.21,844.7,1323.0,1086.0,999.13,981.24,1295.66,1267.66,1119.0,992.0,1117.0,951.0,1290.7,1290.15
2016-02-22,1215.126146745508,1041.0888056260737,1235.8320418855294,1019.2825459049883,1043.0,953.0,1183.6,1011.0,939.77,907.34,1080.37,1055.82,977.87,929.95,1214.0,999.0,1338.78,1097.56,994.0,969.0,1069.58,928.61,1309.0,1123.0,1233.58,1016.1,1302.0,973.0,1074.57,967.76,979.23,966.71,1199.0,1039.0,1361.81,1192.03,1014.07,867.59,1025.04,861.51,1002.25,873.19,1320.0,1220.0,1380.0,1045.0,903.99,844.37,1307.0,1058.0,1007.11,985.9,1300.82,1259.35,1119.0,992.0,1118.0,936.0,1295.85,1292.47
2016-02-15,1211.8598430423012,1029.240032497739,1225.6462748206236,1001.5424021253366,1036.0,938.0,1158.1,965.7,976.14,944.88,1110.54,1057.75,992.34,940.9,1170.0,947.0,1325.06,1057.1,988.0,962.0,1069.71,919.83,1330.0,1135.0,1239.94,1010.49,1320.0,975.0,1114.83,984.78,981.98,972.57,1219.0,1039.0,1373.5,1192.98,1016.49,869.15,1000.66,845.73,1013.19,879.56,1320.0,1220.0,1389.0,1036.0,896.88,834.42,1306.5,1046.5,1040.32,1006.8,1282.92,1224.2,1155.0,978.0,1129.0,942.0,1314.13,1311.06
2016-02-08,1239.4396229026397,1043.913789021536,1262.4027455290186,1018.8265879240638,1051.0,948.0,1187.9,1004.8,1043.2,1054.59,1116.33,1058.33,1003.88,950.74,1239.0,995.0,1350.65,1093.38,998.0,944.0,1098.13,930.03,1341.0,1145.0,1261.15,1017.19,1339.0,975.0,1138.58,973.78,1019.93,967.02,1229.0,1049.0,1392.39,1197.52,1017.96,871.92,1027.32,873.88,1024.63,882.69,1320.0,1220.0,1420.0,1046.0,898.21,835.56,1285.0,1017.0,1066.69,1009.5,1316.02,1251.66,1155.0,978.0,1164.0,955.0,1314.2,1309.4
2016-02-01,1249.305537741,1039.3939931405118,1268.7392516144175,1009.4606342142094,1057.0,943.0,1188.0,990.2,1043.2,1054.59,1115.46,1066.03,1011.1,963.18,1259.0,992.0,1381.57,1094.81,963.0,899.0,1104.45,918.14,1338.0,1144.0,1260.89,1002.07,1335.0,974.0,1118.07,943.15,1009.38,951.59,1219.0,1049.0,1387.46,1186.14,1017.28,873.76,1036.35,873.88,1024.25,883.06,1320.0,1220.0,1425.0,1034.0,910.54,847.31,1288.5,1008.0,1062.9,989.35,1364.25,1265.58,1159.0,988.0,1141.0,933.0,1331.94,1325.05
2016-01-25,1247.318118833586,1036.6334802943932,1266.928158129878,1004.7311687801696,1054.0,936.0,1200.4,970.4,1043.2,1054.59,1115.62,1075.55,1022.58,984.38,1252.0,974.0,1364.17,1073.38,962.0,898.0,1095.08,909.48,1352.0,1160.0,1256.9,999.69,1338.0,986.0,1116.76,958.99,1007.06,948.74,1249.0,1099.0,1392.09,1196.01,1013.63,878.71,1036.35,847.07,1054.81,913.31,1320.0,1220.0,1417.0,1026.0,896.89,843.73,1296.0,1011.5,1055.85,984.06,1345.11,1234.39,1159.0,988.0,1144.0,939.0,1336.46,1337.98
2016-01-18,1250.6732869465798,1053.7271022153302,1271.3617965943374,1022.8800349988246,1063.0,954.0,1191.6,977.4,1043.2,1054.59,1120.51,1078.8,1032.33,1002.48,1239.0,978.0,1350.61,1073.25,992.0,944.0,1109.92,933.65,1363.0,1180.0,1271.23,1024.37,1357.0,1010.0,1151.56,994.85,1014.19,971.33,1249.0,1099.0,1409.38,1221.92,1023.88,896.66,1053.53,863.6,1064.0,923.56,1320.0,1220.0,1428.0,1048.0,910.75,863.45,1316.0,1036.0,1067.77,1001.07,1329.82,1250.82,1175.0,1015.0,1156.0,962.0,1334.92,1348.03
2016-01-11,1273.5022056202627,1080.9675069274406,1291.0182933727995,1047.7275785110937,1088.0,981.0,1295.7,1064.2,1043.2,1054.59,1146.65,1105.2,1043.93,1018.5,1258.0,998.0,1391.36,1127.3,992.0,944.0,1131.65,957.79,1368.0,1184.0,1284.15,1045.36,1371.0,1028.0,1158.2,1006.08,1032.28,987.38,1249.0,1149.0,1426.66,1247.32,1037.31,916.34,1069.82,887.83,1063.38,933.56,1320.0,1220.0,1446.0,1070.0,943.09,901.59,1339.0,1056.0,1094.96,1032.39,1373.38,1299.29,1175.0,1015.0,1166.0,979.0,1363.9,1384.27
2016-01-04,1281.1471236368886,1090.513818167745,1294.6990716686944,1048.4522587402926,1094.0,987.0,1205.5,1003.7,1043.2,1054.59,1152.2,1116.95,1051.96,1032.71,1278.0,1022.0,1397.75,1149.83,1004.0,964.0,1132.42,962.51,1362.0,1180.0,1262.1,1021.4,1373.0,1036.0,1152.26,1009.23,1030.16,992.26,1269.0,1149.0,1430.07,1256.07,1033.25,917.63,1069.82,887.83,1050.31,934.19,1320.0,1220.0,1440.0,1070.0,966.25,930.39,1337.0,1061.5,1093.58,1036.85,1393.08,1314.78,1183.0,1025.0,1177.0,999.0,1381.9,1440.48
2015-12-14,1300.593539557226,1128.743158588134,1313.740229979209,1088.9955016732329,1110.0,1020.0,1210.6,1041.1,1043.2,1054.59,1167.92,1172.45,1079.78,1074.71,1299.0,1056.0,1391.23,1154.0,999.0,1013.0,1140.68,1005.97,1389.0,1231.0,1268.7,1047.7,1396.0,1095.0,1198.09,1086.73,1042.64,1038.02,1299.0,1199.0,1451.12,1311.81,1051.13,958.57,1094.45,921.0,1062.47,990.13,1350.0,1260.0,1463.0,1131.0,984.75,964.86,1344.5,1093.0,1106.41,1075.21,1314.11,1265.94,1220.0,1099.0,1216.0,1055.0,1432.45,1488.62
2015-12-07,1326.582505022222,1161.9213211482427,1332.1595013180872,1121.5566074953003,1128.0,1041.0,1310.0,1094.3,1047.14,1057.95,1167.23,1172.45,1089.19,1083.75,1318.0,1099.0,1418.1,1188.9,1040.0,1059.0,1162.28,1039.2,1397.0,1242.0,1289.98,1082.16,1408.0,1110.0,1207.78,1107.88,1092.25,1086.85,1299.0,1199.0,1460.16,1333.09,1069.6,982.14,1124.63,946.04,1065.25,992.75,1350.0,1260.0,1484.0,1159.0,1012.46,993.12,1364.0,1133.0,1132.06,1120.08,1338.35,1297.57,1205.0,1113.0,1229.0,1079.0,1487.39,1531.61
2015-11-30,1337.3185058780816,1176.7993582662011,1338.326863955292,1135.2584431396845,1140.0,1070.0,1357.0,1091.8,1047.14,1058.39,1167.42,1172.45,1091.6,1085.46,1329.0,1123.0,1444.96,1217.09,1080.0,1062.0,1165.54,1053.55,1413.0,1256.0,1288.18,1092.69,1403.0,1111.0,1182.37,1103.37,1080.78,1098.23,1299.0,1199.0,1457.51,1338.51,1051.57,976.82,1124.63,969.09,1062.67,991.8,1350.0,1260.0,1493.0,1182.0,1018.85,999.25,1372.0,1144.0,1137.89,1137.43,1363.42,1318.24,1205.0,1113.0,1227.0,1091.0,1517.69,1560.81
2015-11-23,1336.0006307120993,1179.1832600296361,1333.6822348271417,1136.0541841126162,1134.0,1070.0,1285.7,1099.8,1047.14,1059.12,1167.88,1172.98,1097.76,1090.03,1325.0,1125.0,1430.18,1222.42,1080.0,1062.0,1156.67,1051.33,1421.0,1259.0,1287.16,1094.99,1401.0,1113.0,1188.38,1115.63,1079.64,1099.15,1299.0,1199.0,1450.34,1334.34,1051.17,980.59,1103.19,969.09,1062.81,993.0,1350.0,1260.0,1505.0,1188.0,1035.66,1015.38,1366.5,1144.5,1133.44,1136.18,1343.09,1306.22,1216.0,1121.0,1228.0,1092.0,1527.3,1569.67
2015-11-16,1343.7369671172287,1186.898903895707,1344.89153156726,1145.8886118554212,1152.0,1080.0,1331.5,1118.3,1047.43,1060.14,1152.21,1162.22,1098.37,1090.38,1329.0,1127.0,1443.51,1222.36,1108.0,1070.0,1170.11,1065.71,1427.0,1262.0,1300.32,1108.48,1408.0,1116.0,1204.6,1128.23,1105.84,1118.48,1299.0,1199.0,1460.79,1344.38,1069.44,985.71,1160.88,985.64,1062.88,993.06,1350.0,1260.0,1533.0,1206.0,1047.62,1026.44,1384.5,1157.5,1138.12,1142.03,1343.58,1312.25,1216.0,1121.0,1238.0,1099.0,1521.17,1563.02
2015-11-09,1338.2875697622942,1183.8142091788081,1342.5611048493954,1145.3842805854692,1144.0,1079.0,1276.26,1078.71,1054.01,1062.77,1153.69,1162.22,1096.78,1087.57,1336.0,1136.0,1459.79,1233.24,1084.0,1069.0,1171.84,1067.48,1393.0,1250.0,1292.73,1104.53,1406.0,1113.0,1202.25,1121.76,1081.66,1100.11,1299.0,1199.0,1462.65,1345.65,1100.51,1016.85,1142.51,985.64,1062.81,993.5,1350.0,1260.0,1515.0,1202.0,1046.01,1023.89,1381.5,1158.5,1135.83,1139.03,1343.25,1313.16,1199.0,1106.0,1221.0,1085.0,1500.36,1541.53
2015-11-02,1325.9668423907697,1172.6139547374678,1326.0053456474486,1131.7590170501962,1123.0,1066.0,1271.81,1084.9,1036.18,1069.49,1157.51,1163.42,1100.08,1089.75,1314.0,1116.0,1442.65,1233.49,1044.0,1034.0,1154.9,1052.99,1391.0,1244.0,1279.19,1090.69,1401.0,1111.0,1197.94,1107.24,1054.31,1079.49,1299.0,1199.0,1455.8,1338.3,1078.81,995.07,1110.78,959.26,1062.88,993.44,1350.0,1260.0,1480.0,1175.0,1026.79,1004.99,1363.0,1144.0,1131.17,1134.33,1338.94,1308.46,1199.0,1106.0,1202.0,1065.0,1503.17,1544.28
2015-10-26,1322.3800726001964,1168.9235576168035,1322.6981580487338,1128.9850268232988,1109.0,1048.0,1271.81,1084.9,1040.42,1080.3,1173.0,1176.51,1110.86,1094.32,1305.0,1108.0,1402.09,1199.68,1040.0,1024.0,1151.28,1050.95,1391.0,1231.0,1280.63,1090.37,1406.0,1116.0,1193.86,1107.19,1061.11,1084.71,1299.0,1199.0,1461.32,1338.99,1108.45,1022.34,1086.26,959.26,1072.88,1000.31,1350.0,1260.0,1469.0,1172.0,1025.11,998.97,1354.0,1137.5,1121.58,1127.26,1311.85,1284.24,1224.0,1133.0,1205.0,1067.0,1503.91,1539.66
2015-10-19,1329.00477107736,1175.3523044085257,1331.6380581583119,1136.1472247012603,1124.0,1062.0,1303.7,1084.9,1069.64,1079.87,1175.49,1177.44,1123.44,1102.87,1302.0,1100.0,1433.13,1226.67,1040.0,1024.0,1165.82,1062.95,1405.0,1240.0,1292.63,1105.24,1420.0,1126.0,1218.78,1141.28,1098.84,1119.1,1309.0,1199.0,1476.41,1350.05,1134.51,1040.12,1106.26,959.26,1073.5,1003.6,1350.0,1260.0,1486.0,1190.0,1041.43,1013.61,1373.0,1151.0,1133.55,1138.07,1320.74,1337.77,1224.0,1133.0,1222.0,1079.0,1489.75,1519.39
2015-10-12,1339.2040901927521,1185.4550577259008,1347.6642968402082,1151.5850538558325,1148.0,1082.0,1282.67,1110.56,1069.64,1079.87,1176.44,1178.26,1131.36,1103.92,1336.0,1135.0,1446.3,1246.58,1050.0,1031.0,1177.99,1077.48,1412.0,1230.0,1296.05,1113.42,1422.0,1128.0,1199.11,1124.24,1094.51,1121.55,1329.0,1189.0,1480.5,1353.62,1142.57,1044.61,1130.75,990.81,1072.88,1002.44,1350.0,1260.0,1496.0,1200.0,1053.62,1021.72,1384.0,1164.0,1145.56,1153.56,1370.61,1351.04,1217.0,1128.0,1233.0,1085.0,1472.34,1496.81
2015-10-05,1334.0810010084651,1177.601451942856,1340.2776512573107,1143.4917539562377,1141.0,1071.0,1342.65,1139.5,1072.71,1082.93,1186.28,1182.9,1141.43,1106.7,1319.0,1116.0,1442.26,1233.16,1044.0,1011.0,1170.41,1070.34,1419.0,1232.0,1294.16,1105.53,1424.0,1129.0,1203.6,1127.81,1091.64,1111.88,1339.0,1189.0,1473.02,1349.16,1144.15,1035.96,1112.31,972.62,1092.94,1003.06,1350.0,1260.0,1483.0,1185.0,1053.39,1003.22,1375.0,1157.0,1146.92,1152.68,1358.31,1333.5,1217.0,1128.0,1235.0,1085.0,1471.79,1493.76
2015-09-28,1342.6991074576458,1179.042594780791,1348.877198842873,1144.4973874321568,1157.0,1076.0,1300.34,1123.41,1072.71,1082.93,1196.96,1182.9,1154.7,1108.93,1334.0,1120.0,1457.16,1235.97,1050.0,1022.0,1174.76,1071.04,1436.0,1241.0,1297.0,1104.4,1427.0,1130.0,1191.33,1120.09,1077.88,1091.72,1339.0,1179.0,1478.23,1352.25,1141.97,1033.73,1126.78,972.62,1102.88,1003.13,1350.0,1260.0,1497.0,1186.0,1064.55,1008.83,1384.0,1157.0,1148.2,1152.66,1338.45,1321.42,1241.0,1146.0,1249.0,1092.0,1489.04,1502.24
2015-09-21,1361.0823665661603,1187.8489961552782,1362.8228772342784,1150.6631203767308,1160.0,1073.0,1320.25,1109.07,1076.95,1084.54,1198.86,1183.02,1161.83,1115.77,1360.0,1141.0,1446.23,1229.09,1055.0,1016.0,1178.87,1072.39,1443.0,1242.0,1301.57,1105.49,1437.0,1136.0,1215.9,1136.15,1106.65,1120.07,1349.0,1199.0,1487.74,1359.0,1143.59,1027.48,1140.6,972.62,1102.94,1003.13,1350.0,1260.0,1508.0,1196.0,1082.92,1024.44,1391.0,1156.0,1157.58,1155.45,1362.17,1332.69,1241.0,1146.0,1252.0,1086.0,1527.1,1525.93
2015-09-14,1367.7141623038617,1193.1794104251553,1373.5199333178157,1159.9658776732967,1173.0,1082.0,1346.8,1137.5,1098.27,1098.27,1210.62,1183.1,1166.8,1116.39,1366.0,1145.0,1473.11,1242.56,1078.0,1025.0,1194.8,1085.44,1458.0,1254.0,1310.44,1114.86,1445.0,1137.0,1237.71,1156.09,1117.62,1127.99,1369.0,1229.0,1502.48,1369.63,1147.7,1027.71,1140.6,996.7,1102.94,1003.19,1350.0,1260.0,1519.0,1201.0,1094.0,1028.32,1406.0,1165.0,1168.52,1165.27,1393.57,1353.4,1232.0,1121.0,1261.0,1074.0,1508.11,1499.13
2015-09-07,1369.6302348102759,1187.109884339755,1374.522346736407,1153.2595056977996,1180.0,1084.0,1320.6,1116.8,1104.12,1104.12,1212.13,1183.14,1179.94,1123.95,1375.0,1152.0,1476.93,1254.46,1080.0,980.0,1193.51,1081.02,1464.0,1264.0,1293.91,1095.37,1443.0,1131.0,1198.17,1109.64,1099.89,1100.59,1369.0,1199.0,1498.16,1357.2,1150.66,1032.88,1140.6,996.7,1102.94,1003.19,1350.0,1260.0,1520.0,1190.0,1100.59,1015.61,1422.0,1181.0,1158.47,1152.83,1381.04,1341.23,1232.0,1121.0,1262.0,1063.0,1518.4,1503.14
2015-08-31,1368.5283625444044,1175.0404750886894,1371.14735412195,1137.436838424814,1183.0,1065.0,1291.4,1148.0,1132.17,1132.6,1225.72,1204.43,1196.81,1135.08,1355.0,1116.0,1463.24,1222.05,1080.0,980.0,1183.74,1053.98,1481.0,1276.0,1317.34,1086.82,1459.0,1139.0,1248.51,1140.47,1098.9,1079.22,1379.0,1239.0,1506.09,1351.08,1152.69,1025.62,1116.21,974.64,1122.08,1020.25,1350.0,1260.0,1521.0,1156.91,1116.64,1025.06,1406.0,1145.0,1134.15,1128.4,1332.08,1282.09,1287.0,1152.0,1273.0,1070.0,1528.6,1510.85
2015-08-24,1400.323575922603,1196.991397956555,1405.766082813054,1161.716929151586,1204.0,1077.0,1335.8,1102.5,1164.16,1159.92,1258.0,1215.95,1204.41,1141.64,1382.0,1139.0,1483.26,1230.02,1119.0,1025.0,1232.59,1086.98,1507.0,1294.0,1363.94,1118.37,1498.0,1163.0,1275.61,1157.63,1146.79,1110.82,1399.0,1259.0,1542.91,1381.51,1184.6,1066.29,1170.31,1003.11,1153.5,1030.69,1350.0,1260.0,1558.0,1181.0,1138.38,1041.86,1449.0,1171.0,1169.16,1151.1,1386.23,1311.52,1287.0,1152.0,1330.0,1111.0,1550.73,1520.82
2015-08-17,1438.079484248755,1216.0536491923428,1439.1612925467643,1173.8693969766184,1230.0,1087.0,1383.1,1109.5,1175.99,1175.12,1281.68,1216.38,1215.43,1156.29,1434.0,1157.0,1523.45,1246.1,1142.0,1031.0,1252.53,1096.32,1530.0,1312.0,1385.0,1127.5,1513.0,1174.0,1284.7,1158.72,1182.73,1135.89,1419.0,1259.0,1563.33,1395.66,1198.6,1083.95,1195.18,1003.11,1173.56,1051.31,1350.0,1260.0,1593.0,1194.0,1172.83,1073.02,1476.0,1178.0,1212.05,1175.06,1415.03,1352.46,1331.0,1178.0,1359.0,1124.0,1612.71,1577.03
2015-08-10,1456.6055356745596,1228.9299417990849,1459.5374193346559,1184.001490652242,1262.0,1097.0,1411.1,1149.5,1178.47,1188.41,1291.61,1230.18,1220.2,1169.71,1459.0,1163.0,1546.52,1238.29,1163.0,1051.0,1271.53,1105.81,1538.0,1322.0,1401.0,1137.5,1534.0,1188.0,1315.76,1179.79,1203.77,1137.87,1439.0,1299.0,1574.19,1402.17,1213.33,1101.18,1249.67,1003.11,1200.25,1070.69,1350.0,1260.0,1617.0,1204.0,1175.46,1078.12,1502.0,1186.0,1226.19,1181.75,1424.06,1372.89,1331.0,1178.0,1366.0,1119.0,1633.16,1615.05
2015-08-03,1473.2306876496893,1243.3772347987865,1473.5053802165476,1195.60375889607,1269.0,1112.0,1420.4,1142.0,1180.08,1190.31,1309.28,1232.99,1223.14,1182.61,1477.0,1178.0,1581.45,1273.2,1163.0,1051.0,1284.35,1119.8,1548.0,1333.0,1394.2,1141.9,1551.0,1202.0,1334.96,1149.07,1226.01,1169.85,1449.0,1299.0,1592.6,1417.22,1244.45,1131.48,1255.78,1036.07,1210.31,1075.38,1350.0,1260.0,1631.0,1220.0,1199.25,1100.9,1515.0,1204.0,1264.84,1207.09,1453.12,1404.52,1353.0,1187.0,1372.0,1147.0,1652.19,1638.73
2015-07-27,1481.8849530333619,1258.616265975979,1488.166731421264,1213.6253776347214,1286.0,1131.0,1463.9,1174.4,1180.08,1190.31,1313.37,1234.49,1224.54,1192.87,1479.0,1190.0,1586.81,1286.6,1171.0,1057.0,1307.31,1137.87,1558.0,1351.0,1429.78,1167.81,1571.0,1218.0,1349.04,1192.92,1239.99,1174.09,1449.0,1299.0,1616.44,1432.92,1273.62,1162.68,1255.78,1036.07,1221.69,1100.63,1350.0,1260.0,1646.0,1239.0,1213.48,1117.08,1529.0,1220.0,1283.0,1210.38,1475.19,1409.5,1353.0,1187.0,1381.0,1162.0,1633.82,1641.01
2015-07-20,1498.525823681787,1275.668576633209,1498.4316842664464,1225.7127598902393,1293.0,1139.0,1458.0,1227.6,1184.46,1198.49,1330.12,1247.56,1223.88,1202.2,1488.0,1202.0,1586.81,1286.6,1186.0,1061.0,1320.94,1145.32,1566.0,1355.0,1443.07,1175.52,1580.0,1228.0,1375.54,1199.03,1276.4,1191.01,1449.0,1299.0,1629.76,1448.0,1256.81,1161.36,1255.76,1049.59,1226.06,1108.56,1350.0,1260.0,1662.0,1255.0,1225.79,1128.81,1544.0,1226.0,1295.48,1218.17,1502.52,1435.53,1353.0,1222.0,1382.0,1170.0,1675.31,1698.97
2015-07-13,1501.6413486021918,1281.4448587300558,1512.4730117898494,1235.8627088956127,1305.0,1152.0,1458.0,1227.6,1190.31,1205.64,1330.48,1271.26,1221.72,1205.96,1519.0,1215.0,1642.9,1307.89,1176.0,1072.0,1331.79,1157.61,1567.0,1357.0,1443.59,1185.65,1582.0,1237.0,1368.18,1262.31,1271.44,1212.85,1439.0,1299.0,1628.05,1453.38,1251.89,1156.06,1300.6,1049.59,1222.69,1132.06,1350.0,1260.0,1684.0,1281.0,1224.01,1127.88,1555.0,1233.0,1305.96,1233.34,1503.98,1437.41,1353.0,1222.0,1396.0,1185.0,1636.06,1670.16
2015-07-06,1492.9059546856813,1293.2910478246897,1503.0224733162195,1247.5420139093292,1294.0,1173.0,1461.1,1170.0,1189.13,1204.77,1330.48,1282.65,1218.94,1212.09,1504.0,1237.0,1629.81,1340.3,1161.0,1095.0,1326.65,1177.78,1560.0,1362.0,1420.39,1192.28,1581.0,1240.0,1367.52,1232.87,1231.03,1198.21,1479.0,1339.0,1625.2,1460.32,1279.64,1176.85,1276.05,1073.45,1222.75,1131.88,1350.0,1260.0,1664.0,1295.0,1186.81,1117.46,1539.0,1253.0,1286.39,1238.18,1492.01,1427.44,1372.0,1228.0,1387.0,1201.0,1643.16,1705.71
2015-06-29,1489.6524037929876,1297.5592116616854,1499.5056586230153,1252.983452851791,1286.0,1174.0,1442.4,1194.8,1179.64,1202.58,1329.32,1282.76,1213.98,1207.15,1495.0,1241.0,1589.73,1321.64,1188.0,1129.0,1325.02,1177.22,1570.0,1374.0,1440.9,1204.5,1577.0,1238.0,1384.82,1237.1,1238.26,1205.43,1449.0,1339.0,1627.85,1463.59,1278.66,1176.58,1254.36,1073.45,1224.88,1133.25,1350.0,1260.0,1655.0,1295.0,1179.03,1123.15,1537.0,1255.0,1283.53,1233.36,1485.18,1430.55,1372.0,1228.0,1386.0,1201.0,1645.02,1707.69
2015-06-22,1492.8921323608304,1300.393322266855,1505.9886389478932,1256.9745122683323,1291.0,1178.0,1474.1,1204.0,1169.85,1202.58,1333.67,1284.14,1216.17,1211.24,1499.0,1237.0,1600.21,1321.45,1188.0,1144.0,1337.7,1182.39,1570.0,1373.0,1450.31,1210.66,1580.0,1242.0,1387.31,1242.42,1271.07,1225.09,1449.0,1349.0,1631.53,1473.23,1281.3,1179.94,1285.21,1086.23,1223.63,1133.69,1350.0,1260.0,1668.0,1301.0,1192.68,1138.14,1542.0,1254.0,1301.01,1246.6,1497.4,1443.31,1364.0,1242.0,1387.0,1200.0,1626.39,1690.7
2015-06-15,1485.8380899455863,1301.8026522481125,1501.8057166750436,1260.0353531845892,1297.0,1189.0,1485.1,1206.0,1169.56,1202.29,1305.6,1297.04,1206.97,1206.75,1499.0,1241.0,1616.67,1335.16,1188.0,1144.0,1330.14,1185.98,1564.0,1371.0,1441.2,1214.69,1567.0,1244.0,1372.45,1252.46,1234.47,1215.0,1449.0,1339.0,1623.21,1474.15,1286.12,1185.49,1265.65,1086.23,1221.13,1133.69,1350.0,1260.0,1664.0,1304.0,1178.96,1143.37,1537.0,1256.0,1290.01,1254.13,1507.3,1453.48,1364.0,1242.0,1370.0,1196.0,1608.87,1676.8
2015-06-08,1474.7130113623575,1304.8800774913796,1492.5298694516082,1267.1563198186923,1281.0,1188.0,1440.5,1235.0,1168.1,1200.82,1305.55,1300.93,1199.48,1200.72,1488.0,1243.0,1575.02,1313.64,1190.0,1147.0,1323.4,1194.56,1558.0,1369.0,1440.37,1228.86,1565.0,1247.0,1365.42,1259.76,1232.37,1219.0,1449.0,1339.0,1619.01,1482.16,1281.56,1179.55,1265.65,1091.16,1221.81,1134.0,1350.0,1260.0,1645.0,1304.0,1182.62,1151.76,1513.0,1238.0,1282.84,1265.07,1487.44,1429.36,1364.0,1252.0,1370.0,1211.0,1588.62,1658.08
2015-06-01,1477.245985007647,1311.3823891699276,1489.147224386843,1270.7951323373452,1275.0,1188.0,1462.5,1202.7,1168.83,1201.55,1305.86,1311.59,1197.96,1199.71,1485.0,1255.0,1579.34,1339.36,1190.0,1147.0,1318.62,1200.73,1551.0,1362.0,1438.5,1233.25,1559.0,1247.0,1354.24,1256.27,1242.73,1238.66,1439.0,1339.0,1616.16,1484.61,1269.34,1169.42,1265.65,1091.16,1211.69,1133.88,1350.0,1260.0,1638.0,1304.0,1177.54,1147.1,1510.0,1245.0,1292.27,1284.65,1490.81,1430.64,1364.0,1252.0,1357.0,1212.0,1614.61,1686.48
2015-05-25,1481.573259569357,1317.0036272472357,1490.615759429056,1274.9494229032048,1276.0,1193.0,1452.6,1214.0,1168.54,1201.7,1306.08,1295.52,1198.67,1201.89,1494.0,1270.0,1588.15,1361.47,1181.0,1147.0,1315.23,1203.61,1553.0,1366.0,1432.41,1231.71,1558.0,1247.0,1358.93,1270.58,1232.32,1240.44,1449.0,1339.0,1614.23,1482.16,1264.63,1164.45,1241.76,1091.16,1198.69,1120.88,1350.0,1260.0,1636.0,1309.0,1164.0,1133.71,1508.0,1248.0,1282.74,1278.18,1514.96,1457.61,1369.0,1255.0,1358.0,1213.0,1634.14,1708.72
2015-05-18,1472.4191889285644,1311.8681228607606,1487.2035068021055,1273.3003471499364,1254.0,1177.0,1429.5,1202.6,1164.3,1197.61,1305.98,1295.62,1194.3,1199.08,1487.0,1266.0,1586.28,1359.86,1180.0,1150.0,1310.56,1202.56,1545.0,1361.0,1433.5,1234.1,1559.0,1247.0,1360.5,1272.62,1230.8,1238.38,1449.0,1339.0,1616.12,1482.95,1295.12,1146.25,1241.76,1091.16,1202.13,1123.69,1350.0,1260.0,1641.0,1312.0,1179.48,1149.07,1502.0,1249.0,1290.51,1292.5,1503.05,1449.55,1369.0,1255.0,1359.0,1214.0,1592.01,1664.87
2015-05-11,1476.238614414515,1315.1202105388152,1489.9606434179084,1276.0196279998697,1269.0,1188.0,1456.0,1249.9,1162.7,1201.41,1306.95,1296.49,1190.99,1197.3,1487.0,1263.0,1575.82,1346.68,1180.0,1144.0,1314.91,1204.52,1537.0,1350.0,1440.95,1239.0,1562.0,1246.0,1368.95,1263.95,1250.5,1251.55,1449.0,1339.0,1616.71,1481.84,1234.3,1123.73,1256.72,1091.16,1201.06,1123.25,1350.0,1260.0,1648.0,1313.0,1179.18,1148.69,1505.0,1250.0,1289.59,1284.62,1519.47,1463.16,1362.0,1245.0,1363.0,1221.0,1599.47,1675.83
2015-05-04,1466.0902875365855,1305.178016563009,1488.0648966602982,1270.2421151409128,1264.0,1184.0,1455.0,1228.9,1149.4,1187.09,1276.39,1276.55,1184.15,1195.26,1489.0,1259.0,1583.47,1339.66,1195.0,1153.0,1317.01,1200.76,1538.0,1359.0,1436.71,1232.3,1558.0,1242.0,1356.0,1256.03,1255.69,1250.76,1439.0,1329.0,1610.62,1475.76,1193.55,1096.95,1256.72,1091.16,1179.63,1101.5,1350.0,1260.0,1644.0,1307.0,1178.71,1151.81,1507.0,1244.0,1295.08,1285.15,1518.53,1455.11,1362.0,1245.0,1360.0,1219.0,1548.63,1626.23
2015-04-27,1465.890895340555,1305.7532396614954,1479.2573535680904,1264.624573044414,1269.0,1188.0,1448.6,1237.2,1124.28,1163.57,1262.65,1266.85,1173.35,1184.1,1480.0,1252.0,1592.32,1357.76,1183.0,1139.0,1307.52,1196.77,1530.0,1358.0,1426.36,1224.73,1544.0,1233.0,1338.24,1236.85,1251.99,1248.94,1429.0,1319.0,1601.77,1467.84,1186.87,1092.27,1247.11,1091.16,1172.75,1094.44,1350.0,1260.0,1643.0,1309.0,1190.23,1166.63,1500.0,1242.0,1286.08,1273.07,1493.56,1446.31,1311.0,1197.0,1326.0,1196.0,1585.46,1669.6
2015-04-20,1449.7823226390974,1291.725233238393,1462.2729541911422,1250.1185528788365,1255.0,1177.0,1417.5,1185.9,1117.7,1158.46,1243.81,1266.22,1160.63,1173.43,1466.0,1243.0,1579.02,1347.13,1172.0,1128.0,1287.92,1179.89,1506.0,1361.0,1409.66,1212.14,1524.0,1218.0,1306.68,1210.58,1226.51,1229.48,1399.0,1299.0,1584.72,1452.21,1174.8,1094.84,1247.11,1072.87,1162.0,1091.56,1350.0,1260.0,1623.0,1291.0,1178.33,1157.85,1485.0,1227.0,1250.02,1237.81,1502.29,1454.77,1311.0,1197.0,1307.0,1182.0,1568.65,1655.74
2015-04-13,1431.970729881807,1272.625840586861,1441.870461706173,1229.562451591548,1223.0,1145.0,1415.68,1187.48,1118.58,1156.56,1243.04,1266.22,1159.28,1172.39,1437.0,1217.0,1531.15,1291.57,1148.0,1104.0,1261.4,1152.89,1498.0,1363.0,1393.4,1186.18,1507.0,1207.0,1271.8,1169.79,1231.42,1221.09,1399.0,1299.0,1574.67,1441.83,1153.48,1069.19,1222.52,1049.86,1153.18,1116.94,1350.0,1260.0,1595.0,1263.0,1158.0,1136.04,1479.0,1218.0,1225.32,1215.96,1486.89,1418.08,1316.0,1198.0,1309.0,1184.0,1559.67,1651.43
2015-03-30,1423.4762261714452,1272.0598941259782,1438.9752685568333,1232.5189256862297,1232.0,1153.0,1404.4,1212.9,1119.75,1175.99,1243.82,1266.22,1151.53,1168.64,1426.0,1206.0,1561.12,1318.78,1148.0,1122.0,1267.15,1156.04,1492.0,1383.0,1393.64,1190.19,1509.0,1211.0,1262.95,1157.0,1219.95,1220.34,1379.0,1299.0,1578.03,1450.87,1154.41,1079.18,1194.3,1049.86,1152.76,1122.65,1350.0,1280.0,1603.0,1278.0,1130.76,1128.34,1461.0,1218.0,1248.82,1242.52,1477.79,1408.91,1323.0,1219.0,1304.0,1183.0,1529.22,1623.53
2015-03-23,1415.0070640086606,1273.2725803745502,1429.9747357744031,1234.404582293497,1215.0,1150.0,1374.2,1138.6,1119.75,1175.99,1243.54,1266.22,1152.37,1171.33,1409.0,1210.0,1523.71,1307.76,1142.0,1155.0,1261.68,1159.82,1485.0,1380.0,1392.85,1200.99,1512.0,1217.0,1272.17,1173.55,1210.19,1209.5,1379.0,1299.0,1578.16,1456.47,1169.49,1100.88,1194.3,1049.86,1152.31,1131.0,1350.0,1280.0,1590.0,1280.0,1125.45,1129.65,1459.0,1223.0,1233.44,1248.32,1457.26,1404.25,1323.0,1219.0,1286.0,1182.0,1525.65,1622.16
2015-03-16,1422.7172694644814,1291.3701597138886,1432.4749323496833,1251.2507105080595,1220.0,1169.0,1397.9,1211.4,1110.98,1173.07,1242.9,1266.7,1149.26,1170.87,1417.0,1225.0,1534.98,1327.37,1135.0,1169.0,1269.42,1178.85,1462.0,1364.0,1395.02,1219.08,1511.0,1218.0,1274.81,1184.93,1208.46,1238.42,1359.0,1299.0,1575.58,1467.49,1177.7,1122.58,1197.25,1075.44,1152.12,1132.65,1350.0,1280.0,1594.0,1293.0,1127.54,1136.37,1448.0,1233.0,1239.93,1252.67,1466.59,1434.69,1308.0,1220.0,1255.0,1161.0,1557.1,1658.45
2015-03-09,1408.1942085360038,1289.167557493538,1419.9364458747646,1252.004486165227,1211.0,1178.0,1385.6,1205.8,1104.41,1170.88,1216.28,1266.11,1140.07,1168.36,1405.0,1232.0,1519.38,1335.5,1124.0,1167.0,1258.98,1178.2,1445.0,1353.0,1378.62,1217.44,1498.0,1211.0,1255.29,1185.33,1190.07,1226.14,1349.0,1299.0,1562.33,1468.37,1164.34,1110.64,1197.25,1075.44,1136.0,1126.5,1350.0,1280.0,1582.0,1294.0,1113.02,1128.63,1430.0,1231.0,1236.7,1250.77,1461.27,1451.26,1308.0,1220.0,1237.0,1142.0,1531.74,1635.26
2015-03-02,1384.9681872062108,1279.2062734046524,1401.430586143258,1246.7717001571677,1196.0,1180.0,1380.5,1227.2,1086.87,1153.34,1215.23,1265.46,1113.72,1146.35,1387.0,1231.0,1495.32,1333.19,1105.0,1154.0,1237.32,1171.36,1420.0,1325.0,1359.2,1209.58,1473.0,1199.0,1232.62,1173.08,1167.81,1227.58,1329.0,1269.0,1546.8,1460.27,1131.37,1084.54,1156.75,1075.44,1075.0,1062.5,1350.0,1280.0,1560.0,1293.0,1087.35,1108.16,1413.0,1225.0,1211.57,1250.26,1415.3,1432.21,1308.0,1220.0,1223.0,1127.0,1497.11,1599.05
2015-02-23,1366.960016412233,1265.3126684587796,1386.434542989964,1235.686935175187,1183.0,1164.0,1348.6,1204.1,1054.01,1108.79,1184.45,1233.59,1110.84,1139.96,1366.0,1216.0,1468.44,1315.7,1089.0,1135.0,1225.11,1162.26,1403.0,1314.0,1353.41,1204.41,1463.0,1187.0,1215.07,1147.38,1155.86,1221.36,1329.0,1259.0,1533.68,1446.55,1102.45,1070.91,1156.75,1075.44,1082.0,1075.0,1380.0,1310.0,1545.0,1282.0,1071.19,1093.61,1411.0,1220.0,1185.64,1234.65,1366.77,1388.52,1308.0,1220.0,1210.0,1114.0,1473.67,1574.25
2015-02-16,1351.1124980787404,1244.3168206867808,1373.584312586159,1216.46805532235,1171.0,1148.0,1319.2,1172.4,1024.06,1050.36,1165.99,1204.18,1083.91,1109.99,1361.0,1208.0,1472.33,1312.47,1065.0,1109.0,1209.47,1140.62,1393.0,1304.0,1339.97,1181.52,1444.0,1164.0,1198.21,1139.49,1136.45,1190.28,1299.0,1189.0,1513.69,1423.98,1068.74,1040.22,1143.87,1054.14,1063.5,1056.5,1380.0,1310.0,1538.0,1271.0,1051.99,1065.37,1402.0,1208.0,1171.4,1215.87,1364.18,1375.45,1258.0,1170.0,1192.0,1114.0,1445.36,1545.96
2015-02-09,1329.8342643931057,1218.8223968592697,1348.9302607484897,1188.511010329677,1153.0,1125.0,1326.3,1165.4,975.85,1008.72,1130.47,1175.13,1063.85,1091.74,1343.0,1183.0,1448.15,1289.63,1050.0,1093.0,1178.67,1108.19,1383.0,1292.0,1311.43,1150.39,1413.0,1135.0,1146.12,1078.73,1105.36,1153.46,1299.0,1189.0,1477.26,1387.76,1055.65,1028.22,1110.98,1025.15,1047.0,1047.75,1380.0,1310.0,1497.0,1229.0,1039.32,1042.29,1363.0,1174.0,1145.3,1190.84,1359.67,1365.79,1258.0,1170.0,1212.0,1114.0,1434.32,1536.21
2015-02-02,1295.3398539652478,1185.1955201812193,1310.0059957547605,1151.3060177541845,1116.0,1091.0,1238.9,1097.7,961.24,997.03,1127.22,1173.5,1066.09,1095.68,1298.0,1134.0,1394.41,1237.24,1005.0,1058.0,1136.21,1071.98,1360.0,1275.0,1276.93,1116.4,1377.0,1113.0,1128.13,1064.78,1065.27,1116.52,1259.0,1199.0,1445.71,1356.19,1007.79,990.65,1075.88,980.24,1020.0,1020.75,1380.0,1310.0,1463.0,1194.0,1022.81,1024.06,1323.0,1140.0,1122.42,1172.43,1308.18,1329.32,1240.0,1157.0,1217.0,1118.0,1409.01,1509.61
2015-01-26,1292.1857182473243,1179.8496567918223,1302.9116576273248,1143.2192977779068,1112.0,1082.0,1234.5,1070.3,964.46,998.79,1126.75,1174.7,1081.07,1112.38,1290.0,1133.0,1383.48,1229.01,990.0,1050.0,1121.42,1059.48,1351.0,1267.0,1267.66,1104.84,1371.0,1110.0,1115.55,1051.29,1065.29,1116.32,1259.0,1199.0,1437.04,1347.99,1013.29,993.69,1075.88,980.24,1022.75,1023.25,1420.0,1350.0,1462.0,1187.0,1027.69,1027.35,1305.0,1127.0,1096.23,1145.34,1300.25,1322.47,1240.0,1157.0,1252.0,1135.0,1419.59,1518.93
2015-01-19,1286.416638260989,1176.7382511685237,1303.08380247876,1144.210282064278,1109.0,1078.0,1245.5,1126.0,983.89,1010.55,1134.92,1187.77,1100.68,1131.38,1279.0,1118.0,1380.05,1219.99,1004.0,1060.0,1117.31,1056.88,1353.0,1268.0,1267.5,1104.2,1377.0,1120.0,1123.29,1066.74,1029.65,1087.85,1299.0,1199.0,1448.29,1359.97,1037.32,1007.57,1057.56,962.61,1028.25,1029.5,1420.0,1350.0,1463.0,1187.0,1017.22,1023.14,1305.0,1129.0,1089.9,1139.36,1283.43,1294.91,1268.0,1197.0,1278.0,1167.0,1393.87,1491.75
2015-01-12,1301.6195598393865,1196.0760568789037,1321.4257993868405,1167.5348663722996,1128.0,1106.0,1292.6,1155.4,1059.85,1044.51,1140.62,1191.09,1109.87,1141.3,1296.0,1141.0,1384.58,1229.99,998.0,1058.0,1132.05,1079.52,1368.0,1290.0,1282.7,1126.8,1398.0,1144.0,1142.02,1091.75,1055.32,1114.03,1299.0,1219.0,1472.82,1387.85,1103.71,1055.8,1079.23,983.66,1050.75,1054.25,1420.0,1350.0,1479.0,1201.0,1042.0,1038.98,1312.0,1143.0,1105.8,1157.29,1275.97,1287.29,1268.0,1197.0,1308.0,1197.0,1397.33,1491.73
2015-01-05,1328.008970834868,1219.7664609244046,1348.8766479186233,1192.1217770785067,1167.0,1144.0,1383.3,1245.1,1116.64,1065.51,1165.19,1209.56,1163.03,1187.24,1328.0,1177.0,1392.29,1249.83,1029.0,1081.0,1150.96,1102.08,1387.0,1303.0,1288.0,1122.2,1426.0,1174.0,1161.88,1117.18,1073.36,1136.73,1299.0,1249.0,1505.75,1425.68,1115.25,1062.53,1079.23,1015.33,1071.5,1075.25,1420.0,1350.0,1501.0,1208.0,1055.52,1050.7,1327.0,1152.0,1136.1,1182.54,1314.69,1336.61,1292.0,1225.0,1323.0,1214.0,1418.97,1506.75
2014-12-15,1378.1304115241776,1261.4220024040071,1397.0670721499434,1231.656676375501,1191.0,1168.0,1383.3,1245.1,1166.68,1162.48,1261.65,1308.16,1232.87,1252.35,1359.0,1209.0,1435.89,1297.41,1096.0,1135.0,1217.59,1162.4,1449.0,1370.0,1338.8,1149.7,1489.0,1230.0,1241.06,1192.8,1151.84,1214.6,1399.0,1319.0,1565.86,1472.66,1196.55,1136.39,1115.22,1045.92,1136.75,1138.0,1440.0,1360.0,1557.26,1271.26,1141.48,1126.82,1336.0,1152.0,1182.41,1227.97,1335.23,1344.58,1362.0,1286.0,1355.0,1245.0,1465.49,1542.72
2014-12-08,1416.8815058563769,1292.7273468155433,1430.7131407130191,1260.7575978712985,1221.0,1193.0,1383.3,1245.1,1168.87,1189.32,1303.37,1333.21,1261.02,1274.27,1398.0,1239.0,1475.79,1323.91,1151.0,1176.0,1253.72,1195.21,1484.0,1399.0,1373.3,1179.2,1524.0,1259.0,1284.49,1225.03,1198.34,1247.26,1399.0,1329.0,1595.6,1505.87,1203.36,1139.7,1146.26,1065.67,1180.0,1156.0,1440.0,1360.0,1590.0,1305.0,1163.66,1151.37,1386.0,1188.0,1232.81,1277.79,1382.36,1386.45,1403.0,1332.0,1373.0,1261.0,1527.51,1590.64
2014-12-01,1445.0637851045121,1316.3822343029447,1467.0155877429072,1288.8895935366065,1276.0,1223.0,1376.6,1198.2,1174.16,1194.62,1324.2,1353.63,1275.03,1285.17,1444.0,1271.0,1502.67,1337.35,1186.0,1219.0,1293.78,1228.73,1504.0,1429.0,1406.7,1213.6,1552.0,1284.0,1291.33,1242.48,1229.73,1283.17,1459.0,1399.0,1623.75,1531.6,1248.96,1190.26,1214.84,1111.05,1202.5,1194.0,1440.0,1360.0,1616.0,1332.0,1177.27,1163.14,1426.0,1212.0,1254.44,1296.75,1432.99,1420.89,1403.0,1332.0,1396.0,1284.0,1528.67,1590.9
2014-11-24,1462.7777559017147,1333.4800511449293,1484.8274142697228,1306.249082050155,1294.0,1247.0,1430.9,1256.2,1191.33,1224.2,1325.27,1355.21,1288.38,1296.93,1471.0,1298.0,1556.45,1377.69,1199.0,1233.0,1308.15,1241.19,1515.0,1437.0,1414.2,1223.7,1562.0,1292.0,1314.17,1264.24,1245.81,1300.97,1459.0,1399.0,1634.72,1541.16,1264.28,1205.56,1214.84,1111.05,1212.25,1201.5,1440.0,1360.0,1631.0,1354.0,1184.65,1168.81,1446.0,1231.0,1271.22,1319.13,1457.21,1445.08,1431.0,1351.0,1404.0,1291.0,1544.91,1606.46
2014-11-17,1470.252972382795,1346.3474925553994,1496.1542633072845,1323.5760824593738,1312.0,1265.0,1449.1,1309.9,1191.33,1224.2,1334.58,1368.77,1298.91,1302.48,1478.0,1311.0,1569.18,1390.49,1211.0,1230.0,1328.47,1262.67,1519.0,1443.0,1429.0,1246.2,1583.0,1304.0,1320.82,1267.4,1269.61,1321.69,1469.0,1389.0,1647.85,1551.05,1267.28,1206.74,1233.46,1128.56,1212.5,1201.25,1440.0,1360.0,1636.0,1368.0,1190.06,1172.3,1456.0,1248.0,1300.78,1337.79,1467.19,1465.89,1431.0,1351.0,1409.0,1291.0,1533.37,1593.55
2014-11-10,1482.9093988045042,1353.9889218727858,1504.5844516823852,1327.6301286366752,1311.0,1269.0,1451.1,1299.6,1194.62,1227.48,1337.61,1369.44,1304.37,1307.96,1493.0,1327.0,1572.86,1404.82,1211.0,1230.0,1331.31,1265.8,1548.0,1448.0,1426.7,1242.5,1587.0,1305.0,1332.9,1270.65,1265.7,1317.2,1499.0,1399.0,1657.31,1556.26,1266.72,1207.33,1233.46,1128.56,1212.5,1200.75,1440.0,1360.0,1636.0,1367.0,1202.0,1182.49,1456.0,1251.0,1309.18,1343.95,1484.02,1482.72,1428.0,1345.0,1417.0,1291.0,1565.75,1625.0
2014-11-03,1490.2937761385353,1355.9719319456985,1507.514085537423,1326.025434085512,1320.0,1271.0,1451.1,1299.6,1212.51,1245.75,1358.96,1387.45,1304.52,1304.09,1495.0,1324.0,1582.46,1417.23,1213.0,1212.0,1331.8,1264.24,1557.0,1441.0,1424.4,1236.7,1590.0,1307.0,1329.2,1264.11,1249.73,1302.07,1499.0,1399.0,1665.92,1562.69,1270.32,1213.32,1216.63,1128.56,1212.75,1201.5,1440.0,1360.0,1637.0,1361.0,1212.01,1188.88,1453.0,1249.0,1328.77,1360.68,1507.48,1489.92,1428.0,1345.0,1427.0,1292.0,1587.23,1646.37
2014-10-27,1492.8571793892932,1355.644035163791,1511.2404181107024,1325.040272953912,1319.0,1260.0,1423.38,1295.25,1242.27,1270.94,1362.59,1391.81,1314.38,1311.6,1494.0,1319.0,1571.63,1410.44,1232.0,1210.0,1328.58,1259.62,1578.0,1451.0,1430.0,1237.7,1595.0,1311.0,1327.61,1258.55,1259.8,1294.9,1499.0,1399.0,1680.98,1570.13,1287.92,1228.46,1216.63,1128.56,1227.75,1209.0,1440.0,1360.0,1643.0,1357.0,1221.55,1196.1,1459.0,1248.0,1328.93,1361.83,1476.1,1469.41,1447.0,1359.0,1445.0,1295.0,1589.56,1648.04
2014-10-20,1498.275050330605,1356.7896465645358,1517.2435296643405,1325.2059518410192,1344.0,1269.0,1507.2,1299.8,1272.41,1297.97,1383.95,1392.02,1330.82,1325.74,1467.0,1281.0,1557.67,1389.82,1247.0,1219.0,1352.36,1274.06,1583.0,1447.0,1459.6,1254.5,1622.0,1327.0,1368.2,1288.37,1297.25,1319.62,1499.0,1399.0,1697.97,1582.19,1300.28,1239.43,1216.63,1115.32,1257.5,1219.0,1440.0,1360.0,1661.0,1352.0,1237.96,1210.16,1485.0,1263.0,1341.58,1363.59,1474.84,1468.1,1447.0,1359.0,1469.0,1310.0,1584.57,1642.62
2014-10-13,1540.4298633143953,1385.9110764421814,1564.6855278095138,1356.3692216758668,1373.0,1286.0,1560.4,1333.6,1278.25,1303.63,1408.94,1418.97,1335.56,1330.33,1546.0,1341.0,1628.18,1417.27,1276.0,1262.0,1392.42,1298.32,1602.0,1454.0,1488.7,1277.6,1658.0,1350.0,1397.37,1316.87,1356.38,1357.46,1539.0,1439.0,1717.65,1598.82,1320.71,1261.08,1316.06,1153.31,1279.0,1247.75,1440.0,1360.0,1704.0,1378.0,1259.51,1230.12,1529.0,1288.0,1371.21,1394.69,1571.19,1520.48,1447.0,1359.0,1480.0,1326.0,1605.32,1663.48
2014-10-06,1549.526718333245,1397.5863970572739,1573.9210756432135,1368.8699115659153,1383.0,1303.0,1497.1,1303.6,1278.25,1303.81,1409.98,1421.22,1339.94,1334.67,1562.0,1362.0,1655.05,1444.14,1275.0,1260.0,1405.07,1313.12,1610.0,1457.0,1491.7,1288.6,1658.0,1350.0,1393.57,1316.63,1344.17,1358.19,1573.0,1479.0,1722.64,1606.05,1329.19,1267.79,1316.06,1174.41,1279.0,1247.75,1440.0,1360.0,1724.0,1409.0,1268.63,1238.59,1531.0,1295.0,1386.32,1408.35,1587.92,1537.02,1447.0,1359.0,1480.0,1333.0,1613.55,1672.69
2014-09-29,1554.3473336166787,1402.0249022273174,1575.8125001627172,1371.801079871957,1379.0,1304.0,1537.0,1339.65,1282.63,1307.65,1410.97,1429.03,1337.8,1332.61,1566.0,1369.0,1663.26,1457.71,1270.0,1251.0,1401.94,1312.81,1623.0,1462.0,1489.5,1286.8,1660.0,1352.0,1397.11,1327.05,1327.65,1340.69,1573.0,1479.0,1724.17,1607.04,1331.44,1270.46,1320.84,1161.13,1279.0,1247.75,1440.0,1360.0,1719.0,1408.0,1263.22,1234.02,1530.0,1298.0,1376.11,1398.62,1566.43,1516.23,1447.0,1359.0,1480.0,1336.0,1642.94,1702.22
2014-09-22,1556.7596426896196,1405.7075687788906,1579.3001937950846,1376.1056128833623,1382.0,1312.0,1570.8,1355.7,1302.72,1328.29,1420.67,1430.72,1339.11,1333.51,1565.0,1367.0,1655.09,1449.55,1273.0,1252.0,1405.89,1318.67,1620.0,1457.0,1495.5,1293.6,1664.0,1356.0,1404.19,1335.86,1347.41,1358.25,1573.0,1479.0,1730.05,1612.0,1331.5,1270.16,1320.84,1175.03,1289.0,1257.5,1440.0,1360.0,1727.0,1410.0,1264.57,1235.4,1539.0,1306.0,1395.51,1412.78,1582.51,1543.04,1447.0,1359.0,1466.0,1342.0,1635.1,1694.88
2014-09-15,1557.6068086131581,1408.6968647835333,1586.0673560634673,1383.5119165287097,1386.0,1316.0,1617.1,1401.9,1303.81,1329.38,1420.87,1430.83,1337.36,1332.17,1571.0,1374.0,1665.73,1454.82,1280.0,1260.0,1415.68,1326.62,1620.0,1457.0,1500.0,1299.4,1670.0,1358.0,1412.2,1340.16,1342.74,1353.44,1573.0,1479.0,1734.9,1615.28,1337.61,1276.52,1335.24,1186.82,1289.0,1257.5,1440.0,1360.0,1735.0,1416.0,1263.38,1233.44,1550.0,1312.0,1393.73,1413.16,1577.4,1532.78,1441.0,1355.0,1466.0,1342.0,1615.61,1674.71
2014-09-08,1556.442546701628,1407.5557218709046,1585.864287453107,1382.5210804253732,1391.0,1323.0,1555.0,1357.2,1303.45,1329.02,1420.98,1430.54,1334.12,1329.16,1580.0,1385.0,1692.27,1477.38,1280.0,1258.0,1416.56,1327.61,1620.0,1457.0,1480.8,1288.1,1669.0,1357.0,1411.93,1340.98,1333.19,1356.01,1547.0,1468.0,1736.93,1616.55,1340.63,1277.66,1318.47,1186.82,1286.5,1254.5,1440.0,1360.0,1735.0,1428.0,1274.33,1243.87,1551.0,1314.0,1400.58,1415.42,1598.57,1553.66,1441.0,1355.0,1466.0,1342.0,1599.59,1658.75
2014-09-01,1558.191642278572,1411.2929229723122,1585.8531103610205,1385.687751239806,1362.0,1300.0,1592.6,1402.5,1303.81,1329.38,1421.39,1430.54,1329.3,1323.89,1580.0,1386.0,1667.25,1467.23,1278.0,1263.0,1413.01,1324.61,1620.0,1457.0,1499.3,1299.0,1668.0,1357.0,1397.78,1330.4,1325.56,1349.06,1547.0,1468.0,1739.31,1617.49,1341.71,1274.54,1318.47,1186.82,1279.25,1254.75,1440.0,1360.0,1721.0,1424.0,1266.94,1236.67,1544.0,1310.0,1398.45,1425.96,1584.4,1539.58,1443.0,1360.0,1467.0,1343.0,1619.85,1680.08
2014-08-25,1551.054539890237,1403.6354001328116,1576.2745216130743,1375.6980116817354,1346.0,1291.0,1544.6,1352.4,1303.81,1329.38,1422.81,1430.83,1322.67,1318.79,1557.0,1360.0,1665.95,1458.04,1268.0,1252.0,1406.89,1319.09,1638.0,1478.0,1494.7,1296.6,1672.0,1358.0,1407.19,1339.83,1318.66,1346.26,1570.12,1481.39,1741.16,1618.22,1331.88,1263.52,1302.8,1173.47,1279.25,1254.75,1440.0,1360.0,1715.0,1411.0,1280.88,1249.18,1537.0,1310.0,1391.38,1426.77,1580.96,1535.92,1443.0,1360.0,1470.0,1344.0,1613.01,1673.58
2014-08-18,1555.324460978392,1410.2835942707209,1582.042824406333,1384.2757627573983,1340.0,1293.0,1557.3,1368.6,1303.81,1329.38,1431.74,1430.85,1321.22,1317.2,1565.0,1378.0,1660.52,1468.71,1274.0,1253.0,1414.36,1326.24,1643.0,1485.0,1499.03,1302.52,1679.0,1361.0,1409.26,1349.3,1325.77,1355.6,1570.12,1481.39,1748.72,1621.66,1335.03,1266.3,1302.8,1173.47,1294.0,1254.75,1440.0,1360.0,1711.0,1419.0,1284.7,1253.01,1538.0,1313.0,1389.14,1423.65,1578.47,1544.42,1463.0,1365.0,1478.0,1352.0,1615.75,1671.37
2014-08-11,1561.1203715964573,1414.884101175061,1588.332864308085,1388.3598106307784,1365.0,1300.0,1554.5,1387.1,1303.81,1329.38,1435.89,1430.85,1322.24,1314.81,1578.0,1390.0,1665.86,1482.11,1281.0,1250.0,1410.27,1324.55,1645.0,1489.0,1502.97,1302.25,1685.0,1362.0,1417.74,1347.0,1336.96,1356.4,1570.12,1481.39,1751.42,1622.87,1335.03,1266.82,1302.8,1189.52,1298.75,1255.0,1440.0,1360.0,1712.0,1421.0,1285.4,1251.84,1547.0,1315.0,1386.91,1417.1,1584.06,1590.15,1463.0,1365.0,1481.0,1352.0,1622.54,1678.17
2014-08-04,1566.086495712687,1412.147100339283,1593.2200896941672,1383.9528754754729,1381.0,1305.0,1545.9,1361.5,1303.81,1329.38,1443.12,1431.96,1334.17,1325.16,1584.0,1387.0,1677.93,1480.77,1300.0,1258.0,1405.48,1315.68,1650.0,1485.0,1498.91,1295.3,1694.0,1362.0,1424.27,1338.09,1333.85,1352.41,1570.12,1481.39,1755.25,1623.08,1336.92,1267.94,1320.76,1189.52,1301.0,1252.0,1440.0,1360.0,1727.0,1428.0,1297.88,1263.72,1556.0,1313.0,1402.76,1412.98,1578.82,1550.51,1478.0,1356.0,1491.0,1353.0,1626.02,1684.71
2014-07-28,1578.3559291675501,1415.2879557655453,1600.40281059013,1382.648048498313,1381.0,1299.0,1516.8,1310.6,1303.81,1329.38,1450.79,1436.34,1344.09,1335.61,1593.0,1388.0,1676.39,1473.88,1306.0,1254.0,1424.3,1318.72,1648.0,1486.0,1521.94,1300.21,1698.0,1362.0,1434.3,1332.95,1362.77,1358.98,1570.12,1481.39,1757.95,1622.72,1338.13,1267.76,1320.76,1175.93,1313.25,1252.0,1440.0,1360.0,1731.0,1420.0,1311.29,1274.41,1560.0,1311.0,1428.23,1427.11,1596.76,1546.28,1478.0,1356.0,1496.0,1349.0,1654.92,1714.06
2014-07-21,1581.27023129376,1414.794574463912,1605.8307661822753,1383.207382420366,1387.0,1300.0,1604.2,1378.9,1303.81,1329.38,1450.9,1444.07,1346.37,1339.45,1589.0,1372.0,1679.03,1469.82,1304.0,1254.0,1437.07,1320.93,1666.0,1494.0,1531.35,1299.46,1705.0,1367.0,1448.04,1339.85,1366.03,1352.4,1570.12,1481.39,1758.78,1626.54,1338.07,1262.04,1344.36,1175.93,1336.0,1275.5,1440.0,1360.0,1739.0,1416.0,1315.4,1277.19,1576.0,1313.0,1404.8,1396.15,1578.32,1528.43,1498.0,1377.0,1501.0,1353.0,1655.65,1714.3
2014-07-14,1588.0703170282477,1419.1924464551882,1614.449906615925,1387.9744235159383,1387.0,1301.0,1604.2,1378.9,1299.25,1324.81,1450.9,1444.73,1347.94,1343.12,1603.0,1377.0,1708.51,1467.12,1321.0,1272.0,1444.14,1327.9,1655.0,1495.0,1526.6,1297.6,1711.0,1374.0,1447.66,1346.78,1381.42,1374.82,1570.12,1481.39,1763.22,1637.75,1348.74,1275.16,1362.08,1204.21,1346.0,1285.5,1440.0,1360.0,1762.0,1422.0,1321.55,1285.66,1593.0,1327.0,1419.68,1410.81,1618.04,1541.06,1498.0,1377.0,1513.0,1357.0,1645.88,1709.4
2014-07-07,1591.9006530019683,1428.0213498865662,1618.6925114920211,1398.3245468122136,1393.0,1309.0,1609.2,1377.5,1293.77,1319.34,1452.3,1445.71,1348.36,1344.39,1608.0,1387.0,1719.37,1477.96,1330.0,1281.0,1452.35,1337.88,1658.0,1501.0,1543.7,1317.26,1714.0,1378.0,1470.07,1363.37,1377.64,1379.92,1544.9,1470.84,1762.4,1643.38,1349.76,1277.6,1362.08,1204.21,1345.75,1285.5,1440.0,1360.0,1767.0,1435.0,1323.09,1288.54,1600.0,1340.0,1431.09,1426.25,1607.34,1530.86,1498.0,1377.0,1516.0,1365.0,1651.45,1715.92
2014-06-30,1589.0242175618039,1430.5753464853453,1617.5909564869362,1402.8807623729754,1399.0,1319.0,1643.1,1429.9,1288.48,1312.03,1451.8,1443.6,1346.74,1344.15,1599.0,1378.0,1719.49,1491.48,1345.0,1296.0,1456.8,1346.99,1649.0,1492.0,1548.9,1325.5,1711.0,1377.0,1472.02,1364.7,1382.81,1387.48,1544.9,1470.84,1759.34,1642.62,1349.05,1282.8,1360.41,1204.21,1334.0,1283.0,1440.0,1360.0,1777.0,1449.0,1318.02,1283.77,1602.0,1348.0,1448.32,1440.41,1641.64,1574.94,1498.0,1377.0,1515.0,1370.0,1630.53,1697.29
2014-06-23,1585.6937705054538,1427.518362746921,1614.6447365384367,1399.980306630303,1398.0,1326.0,1601.1,1388.1,1278.8,1299.25,1433.32,1428.48,1332.25,1333.24,1606.0,1390.0,1733.09,1502.37,1312.0,1271.0,1448.91,1340.75,1654.0,1508.0,1539.68,1317.4,1696.0,1367.0,1448.27,1340.84,1388.53,1390.27,1544.9,1470.84,1753.34,1637.47,1341.38,1276.96,1360.41,1204.21,1334.25,1271.75,1440.0,1360.0,1775.0,1448.0,1318.3,1284.19,1594.0,1340.0,1415.02,1426.38,1639.3,1572.25,1487.0,1365.0,1502.0,1361.0,1628.0,1695.03
2014-06-16,1575.6705812533685,1417.5076194029452,1602.2442761179295,1388.4356131791815,1383.0,1341.0,1601.0,1392.5,1278.98,1299.43,1433.4,1428.48,1322.18,1324.73,1598.0,1383.0,1727.21,1492.54,1318.0,1275.0,1427.84,1320.18,1633.0,1496.0,1522.96,1298.38,1681.0,1357.0,1431.83,1328.14,1353.18,1351.43,1542.3,1474.7,1741.44,1629.38,1345.03,1287.48,1345.06,1174.11,1334.25,1271.75,1440.0,1360.0,1756.0,1430.0,1296.38,1269.58,1572.0,1320.0,1413.87,1413.88,1640.35,1561.25,1487.0,1365.0,1484.0,1346.0,1628.79,1699.8
2014-06-09,1564.1209526612809,1411.0894330498934,1593.8255448522684,1383.1220916879943,1363.0,1298.0,1590.4,1379.6,1280.99,1300.71,1433.4,1428.48,1321.45,1324.98,1584.0,1374.0,1677.86,1455.39,1305.0,1278.0,1421.91,1316.1,1634.0,1496.0,1522.57,1298.07,1681.0,1360.0,1441.22,1329.86,1374.51,1372.13,1542.3,1474.7,1740.27,1628.99,1340.98,1290.41,1345.06,1174.11,1334.25,1276.75,1440.0,1360.0,1737.0,1421.0,1299.0,1278.63,1560.0,1320.0,1403.25,1404.25,1615.07,1536.65,1483.0,1376.0,1482.0,1350.0,1601.44,1679.83
2014-06-02,1558.5400817624025,1418.588299669232,1586.7074844776128,1392.560448523748,1370.0,1319.0,1590.4,1379.6,1282.63,1302.54,1433.4,1428.48,1319.55,1323.16,1559.0,1388.0,1690.78,1473.74,1307.0,1280.0,1428.24,1326.92,1626.0,1502.0,1524.69,1308.59,1681.0,1361.0,1438.83,1331.0,1372.18,1385.83,1542.3,1474.7,1739.27,1631.13,1344.13,1301.29,1333.55,1192.24,1336.0,1278.0,1440.0,1360.0,1741.0,1430.0,1290.43,1271.54,1568.0,1327.0,1413.85,1421.85,1621.94,1554.7,1483.0,1376.0,1483.0,1360.0,1594.69,1677.65
2014-05-26,1557.8443457469064,1420.6431742789505,1584.8851534499697,1394.6226806123796,1365.0,1314.0,1605.4,1401.0,1285.92,1306.37,1432.42,1428.58,1319.86,1325.77,1558.0,1396.0,1690.85,1475.14,1299.0,1280.0,1423.59,1325.62,1628.0,1504.0,1519.13,1308.91,1676.0,1360.0,1426.33,1325.96,1366.13,1385.83,1542.3,1474.7,1739.39,1629.38,1334.89,1292.21,1333.55,1192.24,1333.5,1275.5,1440.0,1360.0,1738.0,1430.0,1284.03,1266.78,1562.0,1327.0,1403.23,1417.02,1633.71,1565.99,1470.0,1363.0,1482.0,1360.0,1599.1,1683.64
2014-05-19,1550.9145133401776,1412.3248188191783,1580.7264966362825,1386.3466007031705,1366.0,1319.0,1576.8,1393.5,1286.65,1307.1,1432.42,1428.58,1314.19,1317.97,1558.0,1369.0,1687.99,1481.68,1291.0,1271.0,1415.49,1321.93,1620.0,1500.0,1514.56,1304.4,1672.0,1357.0,1405.12,1307.75,1339.24,1365.79,1528.51,1471.54,1734.87,1627.29,1331.4,1291.94,1333.55,1192.24,1325.75,1269.0,1440.0,1360.0,1729.0,1430.0,1275.0,1260.06,1563.0,1333.0,1389.42,1410.86,1609.98,1564.43,1470.0,1363.0,1482.0,1359.0,1588.73,1671.57
2014-05-12,1554.627103087128,1411.3950707922652,1587.0773084873022,1384.9188037332071,1356.0,1305.0,1571.2,1351.3,1288.48,1308.93,1432.42,1428.58,1317.2,1322.64,1577.0,1381.0,1661.26,1457.62,1294.0,1274.0,1417.04,1314.93,1620.0,1499.0,1517.42,1301.56,1677.0,1359.0,1428.57,1325.15,1359.09,1379.72,1528.51,1471.54,1736.34,1629.97,1327.64,1303.48,1313.12,1178.51,1325.5,1271.0,1440.0,1360.0,1724.0,1421.0,1280.34,1266.28,1564.0,1331.0,1382.0,1402.2,1593.26,1547.56,1495.0,1378.0,1478.0,1360.0,1588.64,1672.92
2014-05-05,1553.5089555549548,1413.500818661266,1588.4470716836497,1390.2195385232565,1368.0,1313.0,1623.6,1413.9,1288.48,1308.93,1433.57,1429.13,1315.5,1321.44,1563.0,1368.0,1666.69,1457.68,1302.0,1282.0,1427.51,1326.82,1622.0,1512.0,1527.85,1311.81,1685.0,1364.0,1434.74,1333.38,1366.05,1379.5,1528.51,1471.54,1738.96,1634.01,1339.11,1297.64,1338.8,1178.51,1325.5,1284.5,1440.0,1360.0,1735.0,1425.0,1278.83,1266.44,1581.0,1339.0,1397.14,1406.5,1608.69,1552.33,1495.0,1378.0,1476.0,1330.0,1570.8,1654.59
2014-04-28,1561.163838111885,1418.8872172086396,1599.1857760940609,1396.4718086086386,1373.0,1319.0,1553.7,1362.1,1288.48,1308.74,1432.67,1430.14,1313.72,1320.78,1602.0,1400.0,1693.3,1484.32,1303.0,1283.0,1427.79,1328.81,1624.0,1521.0,1523.45,1312.47,1684.0,1364.0,1432.72,1331.76,1359.95,1372.64,1528.51,1471.54,1737.54,1633.1,1343.77,1305.4,1338.8,1197.97,1326.0,1284.75,1460.0,1360.0,1741.0,1431.0,1278.78,1267.86,1580.0,1339.0,1403.52,1414.6,1625.5,1579.98,1477.0,1366.0,1443.0,1341.0,1568.96,1652.04
2014-04-14,1543.856276652091,1408.2728593930854,1579.7847663355828,1385.761411410135,1359.0,1316.0,1538.0,1348.07,1288.48,1308.56,1416.76,1430.02,1299.5,1315.04,1572.0,1377.0,1687.56,1470.59,1302.0,1282.0,1410.12,1320.32,1613.0,1511.0,1512.6,1306.18,1667.0,1361.0,1373.75,1284.66,1343.75,1366.23,1532.77,1478.88,1725.6,1628.62,1335.95,1291.99,1323.17,1180.83,1317.0,1283.5,1460.0,1360.0,1720.0,1420.0,1264.72,1262.11,1559.0,1328.0,1390.71,1403.18,1605.95,1549.49,1454.0,1345.0,1435.0,1335.0,1557.78,1644.36
2014-04-07,1537.8758696679593,1407.739851398615,1571.7753611016963,1384.663285335033,1347.0,1311.0,1532.7,1369.4,1286.28,1306.73,1417.76,1430.37,1303.71,1317.67,1559.0,1369.0,1660.91,1462.67,1302.0,1282.0,1399.73,1319.12,1612.0,1515.0,1510.41,1307.17,1664.0,1361.0,1373.19,1286.21,1361.53,1383.95,1532.77,1478.88,1722.85,1627.43,1329.96,1292.62,1323.17,1180.83,1319.0,1281.5,1460.0,1360.0,1709.0,1420.0,1268.42,1268.04,1551.0,1331.0,1377.32,1392.45,1595.18,1549.26,1454.0,1345.0,1420.0,1336.0,1556.2,1644.41
2014-03-31,1531.0080246427485,1404.5496796934756,1564.3197847088777,1382.6186290272233,1345.0,1313.0,1482.4,1307.8,1283.36,1303.81,1417.84,1436.42,1294.66,1316.05,1554.0,1378.0,1676.96,1484.08,1301.0,1282.0,1398.57,1319.8,1608.0,1517.0,1504.5,1304.7,1661.0,1361.0,1353.64,1272.18,1342.54,1377.45,1520.4,1471.13,1714.44,1622.79,1331.04,1295.21,1299.98,1180.83,1322.0,1285.5,1460.0,1360.0,1689.0,1412.0,1270.93,1272.15,1551.0,1330.0,1263.62,1296.82,1613.94,1570.8,1451.0,1351.0,1421.0,1337.0,1554.71,1640.75
2014-03-24,1516.8298449096994,1396.83811127802,1549.0595061613428,1375.3411808929811,1337.0,1311.0,1522.5,1352.7,1283.36,1303.45,1417.25,1445.34,1302.07,1322.06,1521.0,1353.0,1661.15,1470.92,1272.0,1271.0,1392.59,1314.89,1598.0,1509.0,1498.19,1300.37,1660.0,1363.0,1352.35,1271.16,1312.37,1346.8,1520.4,1471.13,1704.55,1615.99,1330.14,1300.48,1293.22,1178.77,1322.5,1286.0,1440.0,1360.0,1670.0,1402.0,1267.96,1270.9,1544.0,1320.0,1254.53,1282.48,1596.07,1559.51,1451.0,1351.0,1428.0,1349.0,1539.04,1627.94
2014-03-17,1518.5026049990104,1402.5879245981741,1552.223465888318,1382.9324027561056,1344.0,1320.0,1532.1,1365.1,1283.36,1303.27,1417.25,1445.0,1308.45,1327.5,1519.0,1353.0,1640.03,1457.8,1276.0,1299.0,1392.41,1323.39,1610.0,1522.0,1504.5,1312.94,1662.0,1369.0,1358.13,1282.14,1320.58,1361.83,1520.4,1471.13,1712.82,1627.35,1334.64,1304.92,1293.22,1178.77,1322.75,1300.0,1440.0,1360.0,1681.0,1411.0,1264.71,1267.43,1541.0,1324.0,1246.39,1279.93,1596.43,1565.5,1463.0,1332.0,1431.0,1356.0,1538.78,1628.53
2014-03-10,1525.9318714681028,1414.898564403647,1558.7888003875657,1394.8519025281225,1344.0,1329.0,1552.8,1391.9,1274.6,1295.05,1415.39,1445.34,1311.72,1332.31,1525.0,1366.0,1648.2,1479.36,1295.0,1331.0,1399.75,1335.26,1609.0,1520.0,1512.22,1326.54,1666.0,1373.0,1361.9,1284.31,1329.29,1379.75,1520.4,1471.13,1717.1,1635.36,1334.24,1304.81,1315.48,1195.26,1323.0,1305.75,1440.0,1360.0,1697.0,1425.0,1275.58,1279.71,1548.0,1337.0,1255.32,1301.08,1594.07,1580.1,1463.0,1332.0,1433.0,1356.0,1551.75,1644.02
2014-03-03,1534.8618141160607,1421.9844330662286,1565.3494755588015,1400.3342966573487,1350.0,1334.0,1494.6,1330.9,1283.36,1303.81,1417.45,1445.34,1316.63,1333.85,1543.0,1388.0,1661.62,1490.1,1304.0,1344.0,1407.72,1342.01,1608.0,1525.0,1516.76,1331.65,1665.0,1372.0,1360.52,1280.01,1327.81,1379.05,1520.4,1471.13,1717.87,1635.83,1337.27,1307.85,1315.48,1195.26,1313.0,1295.75,1440.0,1360.0,1704.0,1437.0,1272.15,1277.2,1553.0,1342.0,1263.48,1310.84,1618.12,1598.5,1450.0,1325.0,1433.0,1356.0,1571.69,1666.36
2014-02-24,1534.4177024774208,1424.3629324717988,1566.8614601487068,1404.243381391867,1358.0,1337.0,1555.1,1388.6,1283.36,1303.81,1396.92,1444.53,1322.38,1334.77,1545.0,1393.0,1661.66,1503.54,1306.0,1346.0,1402.44,1340.08,1613.0,1525.0,1512.33,1330.81,1660.0,1370.0,1349.41,1275.71,1328.47,1380.13,1533.38,1483.65,1717.87,1636.92,1340.65,1311.39,1302.66,1195.26,1313.5,1298.0,1440.0,1360.0,1705.0,1442.0,1273.31,1278.63,1549.0,1344.0,1253.69,1306.13,1605.09,1596.81,1450.0,1325.0,1436.0,1356.0,1566.75,1660.7
2014-02-17,1534.516689194294,1423.288436805874,1563.5318473401314,1401.2473245426645,1353.0,1333.0,1532.7,1360.9,1297.61,1325.0,1396.92,1445.2,1320.16,1334.57,1546.0,1388.0,1655.05,1488.88,1295.0,1335.0,1396.43,1338.44,1606.0,1523.0,1508.28,1329.43,1652.0,1368.0,1335.47,1277.35,1334.65,1380.06,1533.38,1483.65,1714.66,1637.98,1319.01,1287.25,1302.66,1195.26,1313.0,1298.25,1440.0,1360.0,1699.0,1439.0,1277.78,1284.17,1541.0,1350.0,1252.84,1303.64,1613.51,1593.8,1440.0,1326.0,1433.0,1356.0,1577.29,1670.71
2014-02-10,1522.5189210111525,1419.304669273439,1554.8360535533518,1399.811542819131,1338.0,1329.0,1540.9,1395.3,1303.81,1360.06,1397.57,1447.0,1314.95,1329.04,1532.0,1383.0,1650.97,1490.16,1284.0,1325.0,1387.72,1335.7,1612.0,1531.0,1499.7,1326.6,1646.0,1368.0,1336.86,1278.68,1312.52,1370.18,1533.38,1483.65,1711.1,1636.42,1332.45,1302.92,1287.78,1195.26,1304.25,1296.0,1440.0,1360.0,1687.0,1429.0,1270.54,1278.35,1534.0,1350.0,1246.77,1301.56,1599.08,1590.72,1440.0,1326.0,1433.0,1355.0,1548.98,1645.56
2014-02-03,1522.8107440862127,1419.096986652575,1553.9519463185986,1398.7965064997031,1336.0,1327.0,1521.3,1366.8,1303.81,1360.06,1397.57,1447.59,1316.02,1328.66,1531.0,1382.0,1651.01,1491.54,1286.0,1324.0,1387.25,1335.81,1612.0,1530.0,1497.98,1326.0,1644.0,1368.0,1333.55,1272.79,1299.23,1357.45,1533.38,1483.65,1714.05,1639.31,1325.34,1295.86,1287.78,1195.26,1293.75,1288.75,1440.0,1360.0,1685.0,1428.0,1253.36,1259.62,1534.0,1350.0,1246.24,1313.05,1601.6,1604.54,1434.0,1359.0,1434.0,1358.0,1560.16,1656.91
2014-01-27,1523.3726206075173,1419.5273039717606,1554.2784319888522,1398.9048543765405,1341.0,1332.0,1526.6,1367.9,1306.73,1360.06,1399.09,1451.33,1319.82,1332.78,1529.0,1380.0,1637.63,1487.54,1279.0,1323.0,1388.76,1339.31,1626.0,1537.0,1495.0,1323.8,1646.0,1371.0,1334.77,1273.95,1318.67,1377.76,1536.76,1479.3,1715.37,1639.49,1324.86,1296.04,1287.78,1195.26,1296.25,1288.75,1440.0,1360.0,1687.0,1427.0,1252.93,1262.39,1530.0,1357.0,1234.32,1300.49,1594.99,1597.94,1434.0,1359.0,1433.0,1356.0,1563.8,1659.75
2014-01-20,1522.9861064694921,1418.2000378973814,1551.998281164607,1395.912039786827,1334.0,1322.0,1503.3,1333.8,1317.69,1360.06,1398.36,1459.81,1317.47,1331.27,1524.0,1377.0,1632.2,1480.78,1278.0,1325.0,1387.09,1335.22,1614.0,1530.0,1494.8,1322.8,1646.0,1371.0,1358.1,1299.79,1333.32,1386.09,1536.76,1479.3,1718.35,1641.94,1328.99,1300.55,1287.78,1195.26,1293.75,1288.75,1440.0,1360.0,1684.0,1426.0,1268.9,1278.3,1533.0,1356.0,1224.2,1293.41,1587.73,1590.69,1450.0,1376.0,1444.0,1367.0,1565.81,1660.99
2014-01-13,1527.4937999605845,1422.8149155276765,1556.7278817203278,1401.507958446212,1343.0,1330.0,1512.1,1349.9,1319.15,1357.86,1399.38,1460.04,1324.48,1338.42,1526.0,1375.0,1642.99,1466.09,1280.0,1336.0,1395.44,1342.56,1619.0,1536.0,1500.0,1330.3,1652.0,1376.0,1358.92,1300.57,1346.51,1405.55,1536.76,1479.3,1722.64,1649.69,1323.05,1292.66,1302.79,1195.26,1294.0,1288.75,1440.0,1360.0,1692.0,1437.0,1272.93,1283.57,1544.0,1368.0,1221.47,1290.26,1600.1,1586.13,1450.0,1376.0,1449.0,1371.0,1567.34,1663.34
2014-01-06,1534.0669435736588,1432.7687812185209,1565.5962580465275,1413.6973214911457,1341.0,1333.0,1551.7,1385.2,1319.15,1360.06,1388.64,1447.69,1320.68,1334.11,1539.0,1394.0,1651.59,1498.76,1284.0,1338.0,1407.34,1357.56,1634.0,1548.0,1507.8,1338.9,1656.0,1378.0,1340.19,1289.73,1356.89,1410.54,1536.76,1479.3,1729.28,1656.65,1328.04,1299.21,1302.79,1213.29,1298.0,1286.5,1440.0,1360.0,1695.0,1440.0,1272.54,1284.99,1551.0,1382.0,1247.27,1307.04,1600.57,1597.87,1435.0,1370.0,1446.0,1370.0,1568.78,1663.42
2013-12-16,1527.9197913101975,1427.5214012618799,1564.3671679876236,1410.6014221720748,1353.0,1347.0,1509.4,1360.6,1318.79,1359.33,1329.74,1388.56,1312.32,1325.62,1546.0,1408.0,1615.17,1485.16,1290.0,1352.0,1396.44,1346.82,1591.0,1505.0,1495.3,1329.1,1651.0,1380.0,1352.29,1307.33,1363.53,1428.54,1558.67,1489.38,1728.15,1655.97,1317.17,1294.75,1285.9,1197.6,1299.97,1297.13,1430.0,1360.0,1686.0,1405.0,1279.48,1290.88,1541.0,1377.0,1218.9,1294.7,1561.5,1571.02,1446.0,1387.0,1452.0,1376.0,1551.95,1645.34
2013-12-09,1536.491226760357,1436.9463245547477,1573.1031384200387,1420.8433044190665,1362.0,1356.0,1527.9,1408.8,1318.24,1349.47,1319.66,1387.78,1315.22,1328.68,1565.0,1422.0,1638.03,1505.32,1291.0,1341.0,1405.01,1360.61,1584.0,1497.0,1501.1,1336.8,1649.0,1378.0,1342.93,1284.71,1345.66,1420.38,1558.67,1489.38,1728.42,1657.62,1326.77,1298.07,1304.64,1211.09,1299.6,1294.98,1430.0,1360.0,1693.0,1408.0,1279.84,1292.12,1550.0,1388.0,1238.93,1316.98,1585.08,1594.68,1441.0,1368.0,1440.0,1392.0,1561.08,1654.07
2013-12-02,1540.8369667473685,1437.0952715617423,1575.1789560469651,1419.3471777928094,1349.0,1345.0,1544.1,1391.9,1318.97,1325.54,1319.66,1388.11,1316.09,1325.94,1574.0,1430.0,1642.14,1512.1,1291.0,1331.0,1405.88,1356.88,1602.0,1506.0,1498.7,1332.7,1646.0,1372.0,1344.81,1286.52,1342.67,1407.42,1558.67,1489.38,1725.91,1656.81,1347.36,1302.72,1294.8,1211.09,1300.14,1279.16,1430.0,1360.0,1693.0,1408.0,1266.89,1279.6,1537.0,1378.0,1235.93,1311.51,1607.91,1628.84,1441.0,1368.0,1440.0,1363.0,1576.83,1669.37
2013-11-25,1535.1033337503873,1427.1192717649685,1570.7771258275982,1409.5695851284988,1355.0,1347.0,1502.6,1369.1,1314.22,1313.86,1319.66,1388.11,1319.85,1329.68,1578.0,1430.0,1655.83,1509.69,1266.0,1307.0,1400.12,1343.76,1591.0,1497.0,1488.3,1316.3,1640.0,1366.0,1316.73,1272.24,1354.84,1409.11,1558.67,1489.38,1714.12,1646.43,1331.7,1302.07,1294.8,1187.56,1300.5,1267.07,1430.0,1360.0,1687.0,1396.0,1264.97,1278.18,1537.0,1365.0,1229.93,1298.84,1618.96,1617.39,1416.0,1357.0,1440.0,1363.0,1557.65,1649.75
2013-11-18,1527.4098431232003,1420.432954715344,1562.1683827409593,1402.672899176821,1345.0,1339.0,1562.9,1403.6,1312.21,1312.21,1320.28,1388.61,1308.85,1322.38,1564.0,1415.0,1642.36,1490.86,1256.0,1310.0,1390.87,1336.54,1583.0,1490.0,1474.9,1310.7,1634.0,1365.0,1317.32,1272.81,1343.93,1404.44,1592.29,1510.86,1701.74,1635.38,1328.47,1298.54,1294.8,1187.56,1292.51,1253.74,1430.0,1360.0,1677.0,1382.0,1273.58,1286.78,1525.0,1358.0,1219.82,1298.96,1614.59,1596.19,1416.0,1357.0,1441.0,1363.0,1548.5,1638.9
2013-11-11,1516.9107680835461,1416.2237785210782,1548.3346083865606,1397.0776978338758,1329.0,1326.0,1504.33,1369.68,1311.85,1311.85,1321.46,1389.94,1315.31,1328.79,1536.0,1397.0,1616.93,1478.83,1254.0,1314.0,1378.57,1335.92,1603.0,1513.0,1467.1,1313.3,1632.0,1367.0,1345.09,1291.43,1326.56,1397.73,1592.29,1510.86,1700.4,1633.38,1350.41,1321.86,1274.82,1187.56,1292.33,1255.69,1430.0,1360.0,1668.0,1379.0,1270.31,1286.17,1513.0,1361.0,1200.85,1279.05,1596.62,1606.4,1439.0,1365.0,1439.0,1363.0,1547.61,1638.52
2013-11-04,1523.673636227073,1419.7263422435992,1558.0398939697297,1399.9704761961202,1333.0,1329.0,1504.33,1369.68,1311.85,1311.85,1339.91,1405.17,1376.5,1390.09,1559.0,1408.0,1630.38,1503.0,1278.0,1299.0,1383.44,1338.56,1587.0,1493.0,1467.7,1311.2,1638.0,1372.0,1345.41,1291.73,1333.68,1398.21,1592.29,1510.86,1700.72,1633.9,1346.95,1316.91,1274.82,1186.36,1310.83,1282.73,1430.0,1360.0,1679.0,1390.0,1285.13,1299.26,1520.0,1359.0,1214.12,1294.38,1589.68,1610.88,1439.0,1365.0,1445.0,1367.0,1536.45,1626.23
2013-10-28,1529.9880427657968,1425.4898326838697,1563.8514045816835,1406.8236346818985,1338.0,1334.0,1536.8,1353.0,1312.21,1312.21,1340.9,1406.98,1390.56,1402.42,1548.0,1407.0,1623.41,1474.61,1291.0,1315.0,1399.28,1347.27,1618.0,1517.0,1484.1,1323.3,1653.0,1383.0,1349.68,1296.05,1377.73,1431.71,1592.29,1510.86,1717.23,1650.27,1363.75,1332.06,1301.76,1186.36,1308.51,1283.61,1430.0,1360.0,1684.0,1394.0,1294.72,1306.31,1531.0,1363.0,1229.44,1304.54,1594.37,1592.77,1444.0,1370.0,1458.0,1380.0,1539.93,1627.35
2013-10-21,1542.6365120785108,1437.8101498293827,1575.1788164990257,1418.7677133845748,1362.0,1352.0,1527.8,1367.5,1312.4,1313.31,1341.74,1405.95,1386.74,1398.56,1567.0,1422.0,1652.97,1498.8,1291.0,1316.0,1407.81,1361.71,1616.0,1520.0,1488.1,1333.1,1655.0,1384.0,1350.74,1297.07,1373.16,1440.54,1592.29,1510.86,1726.66,1658.37,1372.26,1337.66,1301.76,1216.15,1308.68,1287.7,1430.0,1360.0,1699.0,1407.0,1305.9,1315.08,1535.0,1375.0,1257.75,1322.13,1632.9,1631.3,1444.0,1370.0,1469.0,1390.0,1553.85,1641.98
2013-10-14,1543.207978882133,1439.303097946268,1576.9648545688672,1420.3685190181282,1372.0,1363.0,1536.1,1388.8,1310.57,1316.78,1339.96,1406.47,1407.82,1415.61,1569.0,1427.0,1657.08,1523.01,1266.0,1306.0,1407.2,1360.65,1627.0,1500.0,1483.6,1328.7,1655.0,1385.0,1353.9,1303.88,1364.77,1430.6,1602.42,1509.17,1728.67,1660.1,1375.14,1340.02,1301.76,1216.15,1308.69,1273.12,1430.0,1360.0,1703.0,1414.0,1312.47,1320.55,1529.0,1371.0,1230.74,1307.65,1618.97,1628.74,1448.0,1378.0,1475.0,1391.0,1552.21,1640.36
2013-10-07,1546.2913641308007,1439.7672431357257,1579.4116570723054,1419.8978368486287,1355.0,1350.0,1520.4,1372.5,1314.04,1331.02,1342.62,1409.31,1423.39,1424.57,1569.0,1429.0,1643.5,1509.44,1262.0,1299.0,1411.47,1359.35,1648.0,1509.0,1490.1,1329.7,1660.0,1390.0,1352.3,1302.34,1378.02,1437.11,1599.48,1506.22,1733.54,1663.07,1394.66,1351.69,1301.76,1204.26,1310.47,1283.79,1430.0,1360.0,1711.0,1413.0,1316.47,1323.42,1532.0,1366.0,1244.59,1323.33,1600.8,1604.92,1448.0,1378.0,1490.0,1393.0,1560.05,1645.54
2013-09-30,1560.5590277521292,1448.918208919048,1590.281269543828,1427.6217009252593,1375.0,1364.0,1543.6,1416.4,1326.46,1348.92,1360.38,1426.11,1420.02,1419.12,1587.0,1436.0,1643.87,1493.7,1262.0,1293.0,1415.84,1361.46,1646.0,1508.0,1501.3,1341.5,1666.0,1399.0,1390.49,1341.77,1367.5,1425.05,1599.48,1506.22,1733.59,1662.38,1407.68,1358.57,1301.76,1204.26,1332.72,1298.92,1430.0,1360.0,1725.0,1414.0,1315.89,1319.1,1539.0,1370.0,1234.94,1313.07,1628.07,1632.23,1487.0,1418.0,1506.0,1400.0,1595.62,1676.86
2013-09-23,1576.12984403216,1459.4267698838044,1601.0222902425924,1436.7530241957727,1387.0,1374.0,1527.6,1358.9,1331.94,1358.05,1386.52,1425.11,1419.44,1416.24,1588.0,1433.0,1664.07,1512.55,1277.0,1300.0,1424.6,1380.42,1673.0,1531.0,1518.6,1362.5,1686.0,1414.0,1390.09,1341.38,1385.91,1458.5,1568.03,1474.62,1753.85,1677.51,1415.78,1361.72,1331.34,1222.06,1344.84,1312.81,1490.0,1380.0,1751.0,1438.0,1336.47,1331.47,1564.0,1387.0,1256.25,1333.56,1650.45,1666.26,1487.0,1418.0,1516.0,1411.0,1628.18,1689.21
2013-09-16,1595.1520808905304,1475.0855731499737,1621.852085375201,1453.1845401182052,1398.0,1379.0,1609.7,1440.5,1331.57,1358.78,1415.09,1425.11,1436.53,1427.88,1608.0,1457.0,1677.71,1548.96,1316.0,1323.0,1453.93,1397.4,1665.0,1517.0,1541.7,1376.1,1705.0,1419.0,1419.26,1317.89,1423.7,1486.18,1568.03,1474.62,1775.87,1681.71,1425.41,1366.14,1331.34,1243.93,1372.24,1325.98,1490.0,1380.0,1761.0,1444.0,1356.92,1349.33,1592.0,1405.0,1277.09,1354.36,1667.18,1677.08,1523.0,1406.0,1529.0,1405.0,1639.51,1699.7
2013-09-09,1608.1193329708656,1473.9316290106333,1641.9117738948655,1455.3972105647138,1432.0,1386.0,1639.8,1447.7,1337.05,1362.61,1415.18,1426.21,1435.06,1425.08,1634.0,1460.0,1718.75,1557.87,1340.0,1334.0,1477.78,1401.32,1680.0,1522.0,1555.3,1376.0,1732.0,1415.0,1420.07,1318.63,1449.43,1472.01,1568.03,1474.62,1786.03,1680.74,1430.62,1364.67,1383.59,1257.8,1373.86,1326.17,1490.0,1380.0,1779.0,1446.0,1321.11,1311.56,1616.0,1411.0,1308.5,1334.72,1691.01,1683.7,1523.0,1406.0,1527.0,1405.0,1635.59,1695.84
2013-09-02,1607.7454975461878,1467.478080785885,1643.9236924857719,1449.4396959943742,1441.0,1383.0,1647.6,1463.6,1335.22,1359.87,1397.47,1411.18,1433.63,1421.49,1647.0,1463.0,1737.43,1549.74,1334.0,1314.0,1470.19,1382.01,1665.0,1515.0,1561.5,1370.6,1726.0,1403.0,1393.64,1305.21,1439.17,1450.91,1568.03,1474.62,1781.63,1669.75,1428.98,1357.83,1365.47,1232.06,1373.47,1324.01,1490.0,1380.0,1777.0,1444.0,1325.17,1314.64,1611.0,1404.0,1323.11,1349.83,1719.18,1688.91,1496.0,1389.0,1509.0,1386.0,1617.66,1676.12
2013-08-26,1590.3782130584486,1450.0676732379272,1628.8940771908156,1432.500077148334,1415.0,1363.0,1595.4,1404.6,1328.29,1358.23,1388.75,1404.01,1436.98,1424.96,1628.0,1438.0,1706.64,1514.93,1334.0,1314.0,1456.81,1370.63,1681.0,1527.0,1548.0,1355.2,1712.0,1395.0,1398.34,1309.62,1429.99,1455.53,1568.03,1474.62,1768.98,1659.96,1410.31,1344.51,1365.47,1232.06,1367.81,1301.25,1460.0,1370.0,1765.0,1430.0,1317.59,1305.06,1597.0,1387.0,1284.85,1326.19,1672.19,1641.94,1496.0,1389.0,1502.0,1381.0,1593.79,1651.46
2013-08-19,1590.0619413891625,1445.0008084361484,1625.7144950850347,1425.67317596717,1418.0,1362.0,1612.5,1388.9,1329.93,1354.21,1388.6,1404.16,1422.47,1410.33,1630.0,1438.0,1720.51,1522.04,1333.0,1312.0,1448.92,1360.81,1660.0,1505.0,1537.5,1345.1,1703.0,1390.0,1393.34,1301.87,1404.21,1421.52,1568.03,1474.62,1762.01,1652.96,1402.31,1338.03,1348.59,1209.93,1368.81,1301.58,1460.0,1370.0,1759.0,1421.0,1312.58,1299.61,1591.0,1380.0,1275.92,1316.98,1686.75,1644.97,1514.0,1389.0,1510.0,1386.0,1606.27,1661.78
2013-08-12,1585.4600013041163,1442.2839420775877,1620.3665426967054,1422.5474201254035,1408.0,1347.0,1653.2,1445.8,1332.12,1358.23,1388.6,1404.16,1423.88,1410.86,1604.0,1412.0,1691.87,1484.07,1310.0,1291.0,1450.9,1359.49,1674.0,1519.0,1544.3,1347.2,1714.0,1393.0,1409.33,1300.51,1436.54,1441.52,1568.03,1474.62,1768.79,1658.31,1396.2,1327.99,1348.59,1209.93,1367.42,1315.12,1460.0,1370.0,1758.0,1419.0,1334.43,1321.34,1590.0,1373.0,1270.96,1318.69,1664.32,1628.15,1514.0,1389.0,1505.0,1384.0,1597.13,1651.78
2013-08-05,1591.2255829630833,1444.886831668978,1630.3444074093118,1427.8210641657897,1416.0,1354.0,1603.2,1409.6,1332.12,1358.23,1392.65,1403.03,1422.83,1409.65,1628.0,1435.0,1727.61,1506.29,1328.0,1310.0,1457.56,1364.06,1688.0,1539.0,1545.6,1343.1,1719.0,1395.0,1412.23,1303.19,1422.66,1424.65,1568.03,1474.62,1769.81,1659.68,1396.01,1330.13,1361.21,1222.66,1376.6,1326.1,1460.0,1370.0,1769.0,1430.0,1327.75,1315.1,1595.0,1376.0,1293.48,1325.66,1688.58,1635.62,1518.0,1392.0,1518.0,1394.0,1585.37,1639.28
2013-07-29,1590.3401665730878,1443.926562359972,1627.6971895521194,1425.8073336373643,1419.0,1354.0,1603.2,1409.6,1329.74,1358.23,1389.3,1405.01,1427.07,1414.45,1618.0,1427.0,1704.67,1492.76,1328.0,1310.0,1471.51,1376.3,1669.0,1515.0,1531.2,1334.4,1724.0,1398.0,1417.63,1321.7,1436.0,1437.75,1568.03,1474.62,1771.29,1660.73,1394.6,1331.4,1361.21,1222.66,1365.32,1310.15,1470.0,1380.0,1768.0,1428.0,1328.69,1315.86,1607.0,1381.0,1313.02,1333.65,1700.81,1646.74,1518.0,1392.0,1517.0,1394.0,1585.22,1638.13
2013-07-22,1600.5411223291542,1453.6046631284453,1642.0581066494976,1437.167080898925,1429.0,1364.0,1686.2,1453.5,1310.02,1348.74,1388.09,1403.97,1420.0,1410.07,1649.0,1450.0,1728.37,1513.83,1332.0,1311.0,1472.97,1372.99,1659.0,1505.0,1559.1,1353.9,1719.0,1395.0,1346.56,1273.72,1454.08,1456.53,1575.04,1481.84,1771.41,1661.25,1370.92,1307.05,1385.1,1222.66,1377.58,1328.83,1470.0,1380.0,1769.0,1429.0,1336.42,1324.6,1612.0,1388.0,1314.49,1334.94,1728.85,1692.16,1493.0,1376.0,1494.0,1374.0,1583.66,1638.2
2013-07-15,1582.660554707112,1441.8102962978405,1626.9613084959142,1428.2072090649744,1427.0,1368.0,1608.0,1416.8,1300.16,1334.68,1373.41,1384.63,1405.69,1400.42,1636.0,1442.0,1723.07,1505.85,1325.0,1305.0,1450.92,1364.18,1663.0,1506.0,1536.3,1345.9,1700.0,1384.0,1342.63,1270.0,1442.93,1465.61,1575.04,1481.84,1762.13,1652.72,1348.01,1274.86,1340.78,1198.34,1360.66,1291.99,1470.0,1380.0,1755.0,1421.0,1304.73,1296.54,1591.0,1380.0,1294.13,1336.27,1693.59,1646.2,1493.0,1376.0,1481.0,1358.0,1560.61,1617.16
2013-07-08,1562.0309627186048,1425.2229629578092,1604.9086251342148,1411.890842708775,1398.0,1349.0,1571.0,1393.4,1292.13,1322.44,1373.41,1384.63,1391.63,1383.88,1610.0,1429.0,1699.87,1501.46,1293.0,1291.0,1422.28,1339.19,1640.0,1487.0,1524.8,1333.3,1679.0,1367.0,1350.89,1264.17,1401.72,1425.32,1575.04,1481.84,1740.69,1631.91,1316.56,1258.13,1340.78,1198.34,1346.67,1285.07,1470.0,1380.0,1735.0,1411.0,1271.24,1265.93,1566.0,1361.0,1263.56,1296.7,1660.45,1630.41,1495.0,1366.0,1480.0,1357.0,1552.56,1610.16
2013-07-01,1557.1079547160514,1418.3236187496218,1598.1387545475195,1402.8556535771029,1395.0,1341.0,1573.0,1397.8,1295.78,1325.73,1373.11,1384.63,1387.99,1379.52,1595.0,1413.0,1666.42,1484.09,1281.0,1278.0,1420.97,1332.65,1645.0,1496.0,1525.2,1322.6,1681.0,1365.0,1364.36,1276.77,1403.61,1420.14,1575.04,1481.84,1735.03,1625.78,1324.87,1261.02,1315.87,1182.63,1330.11,1266.73,1470.0,1380.0,1728.0,1397.0,1257.77,1250.58,1564.0,1358.0,1263.42,1296.56,1649.65,1630.79,1495.0,1366.0,1479.0,1356.0,1558.42,1617.68
2013-06-24,1548.5908010277963,1409.8777822207064,1601.8171400224244,1403.9963410487314,1392.0,1337.0,1595.0,1412.3,1307.1,1332.67,1373.24,1384.76,1394.16,1385.66,1603.0,1410.0,1673.15,1474.73,1290.0,1260.0,1425.53,1333.91,1632.0,1489.0,1533.0,1328.5,1685.0,1366.0,,,1374.04,1391.01,1575.04,1481.84,1732.15,1625.39,1342.13,1268.67,1315.87,1202.03,1336.23,1272.81,1470.0,1380.0,1729.0,1396.0,1245.27,1235.19,1569.0,1360.0,1260.38,1280.63,1613.9,1578.57,1484.0,1345.0,1479.0,1357.0,1580.45,1640.56
2013-06-17,1551.6028665936728,1407.2312010733644,1596.986265225886,1394.949782487572,1390.0,1335.0,1593.5,1384.8,1307.1,1332.67,1372.58,1383.95,1400.99,1390.8,1588.0,1391.0,1669.21,1465.42,1290.0,1260.0,1424.19,1326.48,1637.0,1490.0,1531.4,1319.9,1687.0,1367.0,,,1426.58,1434.85,1587.08,1507.79,1731.16,1622.02,1337.25,1258.13,1315.87,1202.03,1336.04,1269.06,1470.0,1380.0,1729.0,1393.0,1278.42,1266.98,1573.0,1355.0,1279.59,1292.39,1665.66,1623.39,1484.0,1345.0,1478.0,1365.0,1586.43,1646.36
2013-06-10,1553.166195861518,1408.336805290518,1604.197824839089,1400.3678535039599,1395.0,1341.0,1579.7,1364.6,1307.1,1332.67,1373.17,1384.62,1404.58,1393.63,1602.0,1407.0,1683.21,1461.91,1298.0,1289.0,1430.33,1329.21,1648.0,1495.0,1539.8,1324.9,1689.0,1370.0,,,1387.55,1396.15,1587.08,1507.79,1735.46,1626.73,1341.27,1270.99,1335.32,1185.44,1335.85,1272.44,1470.0,1380.0,1730.0,1391.0,1266.95,1255.04,1580.0,1360.0,1248.73,1258.54,1657.6,1604.36,1479.0,1351.0,1478.0,1365.0,1579.25,1639.62
2013-06-03,1555.6150170597791,1413.5775984904305,1608.1938365830713,1408.226097216266,1395.0,1347.0,1582.4,1368.3,1307.1,1332.67,1373.85,1385.52,1395.8,1385.04,1609.0,1415.0,1683.61,1467.63,1306.0,1296.0,1436.1,1342.69,1640.0,1493.0,1541.1,1334.7,1689.0,1371.0,,,1395.68,1404.29,1587.08,1507.79,1736.48,1631.24,1343.05,1274.33,1335.32,1185.44,1336.42,1272.99,1470.0,1380.0,1740.0,1401.0,1250.78,1236.59,1582.0,1365.0,1271.52,1282.34,1690.91,1630.95,1479.0,1351.0,1477.0,1364.0,1573.66,1633.85
2013-05-27,1556.9417377532395,1417.005385857347,1611.5062124831186,1412.1835167328054,1394.0,1344.0,1559.3,1365.3,1309.8,1334.2,1362.84,1380.48,1377.08,1366.03,1629.0,1428.0,1681.18,1462.48,1308.0,1297.0,1437.3,1348.68,1646.0,1500.0,1540.2,1337.5,1665.0,1358.0,,,1425.87,1441.14,1587.08,1507.79,1732.97,1628.06,1351.25,1277.86,1351.98,1208.26,1336.8,1273.35,1480.0,1400.0,1732.0,1399.0,1273.73,1260.7,1581.0,1369.0,1278.42,1301.14,1686.17,1632.19,1463.0,1341.0,1475.0,1364.0,1561.92,1622.44
2013-05-20,1553.7048491688356,1417.744296740787,1603.4643566580337,1411.1702178826677,1388.0,1342.0,1559.3,1365.3,1307.46,1333.03,1364.31,1381.15,1356.88,1347.27,1629.0,1459.0,1697.35,1485.35,1287.0,1276.0,1412.07,1329.51,1617.0,1492.0,1527.1,1326.7,1665.0,1358.0,,,1410.4,1431.41,1587.08,1507.79,1717.14,1615.03,1359.99,1284.05,1319.4,1191.21,1325.93,1266.61,1480.0,1400.0,1728.0,1396.0,1267.4,1257.59,1572.0,1365.0,1270.15,1300.25,1701.96,1647.85,1463.0,1341.0,1476.0,1364.0,1574.88,1636.99
2013-05-13,1542.5157068011742,1405.8343787897552,1588.4436038439844,1395.5571878638652,1383.0,1337.0,1559.3,1365.3,1314.04,1333.03,1364.31,1381.09,1368.36,1357.76,1597.0,1409.0,1640.86,1408.75,1280.0,1270.0,1405.0,1323.84,1618.0,1501.0,1515.2,1320.3,1659.0,1355.0,,,1392.21,1413.3,1617.58,1549.21,1709.84,1605.18,1369.36,1292.54,1319.4,1191.21,1338.24,1266.43,1480.0,1400.0,1711.0,1384.0,1274.92,1267.37,1557.0,1358.0,1259.91,1298.73,1667.99,1637.18,1461.0,1332.0,1476.0,1364.0,1577.46,1638.53
2013-05-06,1543.756656287693,1395.8994518423804,1588.7983073388689,1381.203066252091,1367.0,1321.0,1544.9,1334.6,1322.8,1329.23,1365.24,1381.21,1382.91,1371.74,1600.0,1372.0,1619.53,1388.74,1281.0,1274.0,1396.93,1304.76,1627.0,1508.0,1514.9,1316.3,1662.0,1357.0,,,1386.58,1409.23,1617.58,1549.21,1713.09,1608.48,1381.95,1305.85,1322.58,1167.9,1351.95,1276.6,1480.0,1400.0,1713.0,1383.0,1285.26,1276.49,1554.0,1350.0,1294.36,1320.55,1641.86,1593.47,1461.0,1332.0,1477.0,1365.0,1582.46,1643.23
2013-04-29,1550.481245339434,1405.2352535705081,1590.6129704730752,1389.117796272341,1372.0,1323.0,1626.0,1431.0,1307.46,1325.0,1365.46,1381.1,1387.98,1376.66,1593.0,1378.0,1642.88,1401.48,1282.0,1273.0,1402.69,1308.9,1635.0,1517.0,1523.0,1317.4,1660.0,1359.0,,,1363.02,1383.17,1617.58,1549.21,1711.15,1608.09,1402.55,1329.09,1322.58,1186.82,1351.79,1280.36,1510.0,1400.0,1721.0,1393.0,1316.9,1308.36,1557.0,1354.0,1291.66,1317.8,1683.57,1629.3,1492.0,1372.0,1479.0,1370.0,1595.52,1653.96
2013-04-22,1551.1963901611016,1408.4243633435824,1595.4489884700292,1395.1270042806193,1368.0,1320.0,1549.4,1348.4,1303.81,1324.41,1389.7,1404.25,1388.7,1377.55,1602.0,1404.0,1624.43,1381.64,1304.0,1309.0,1403.51,1311.28,1652.0,1539.0,1525.0,1320.9,1670.0,1375.0,,,1364.5,1386.75,1617.58,1549.21,1722.85,1621.6,1408.82,1339.23,1322.58,1166.6,1361.75,1279.99,1510.0,1400.0,1722.0,1392.0,1343.33,1332.58,1561.0,1351.0,1263.67,1292.8,1655.53,1601.03,1492.0,1372.0,1484.0,1389.0,1584.5,1642.4
2013-04-15,1574.1762946908311,1435.2376307656905,1616.8490879154872,1422.9687507891886,1392.0,1345.0,1588.5,1393.8,1323.83,1332.89,1406.8,1418.63,1405.82,1393.25,1610.0,1419.0,1637.61,1417.65,1335.0,1322.0,1428.24,1342.26,1666.0,1553.0,1561.6,1359.3,1706.0,1403.0,,,1435.25,1459.19,1617.58,1549.21,1753.09,1648.77,1410.75,1347.22,1347.82,1216.69,1373.47,1314.59,1510.0,1400.0,1748.0,1424.0,1356.42,1344.5,1591.0,1384.0,1308.36,1329.58,1701.83,1658.34,1514.0,1381.0,1503.0,1403.0,1607.56,1660.98
2013-04-08,1501.8908872503184,1457.3724311939307,1498.388650081831,1447.9832133947732,1413.0,1386.0,1653.3,1438.1,1339.46,1340.04,1422.63,1433.85,1418.98,1404.91,1630.0,1440.0,1678.23,1448.83,1379.0,1361.0,,1374.42,1685.0,1571.0,1596.8,1387.0,1731.0,1414.0,,,1462.09,1469.9,1589.22,1547.09,1771.04,1667.3,1414.41,1353.72,1402.57,1244.77,1382.67,1329.53,1510.0,1400.0,1770.0,1440.0,1359.5,1345.24,1636.0,1411.0,1304.41,1330.06,1728.06,1690.49,1514.0,1381.0,1510.0,1414.0,1613.55,1682.04
2013-04-01,1595.3866819122293,1449.7713601466596,1723.8832252929235,1468.9452806625682,,,,,1334.78,1342.52,1422.96,1433.85,,,1672.0,1464.0,1720.92,1471.44,,,,,1667.0,1566.0,1599.4,1378.8,,,,,1431.99,1431.19,1589.22,1547.09,,,1387.91,1330.73,1363.27,1224.51,1383.07,1332.83,1490.0,1380.0,1770.0,1436.0,1345.15,1332.55,1630.0,1410.0,1316.84,1328.53,1776.72,1703.23,1505.0,1381.0,1508.0,1414.0,1623.66,1697.09
2013-03-25,1587.0986750394882,1454.235954924527,1635.0490845372756,1444.127905561228,1397.0,1351.0,1567.9,1398.6,1327.04,1343.4,1422.96,1434.07,1414.13,1403.68,1634.0,1446.0,1705.08,1452.87,1352.0,1355.0,1452.79,1362.61,1665.0,1565.0,1586.6,1380.2,1729.0,1418.0,,,1411.18,1422.5,1589.22,1547.09,1780.4,1679.05,1392.06,1341.9,1339.29,1241.92,1368.04,1332.08,1480.0,1380.0,1751.0,1434.0,1336.7,1335.34,1608.0,1413.0,1306.41,1331.23,1730.06,1663.21,1505.0,1381.0,1513.0,1417.0,1609.75,1694.86
2013-03-18,1575.0539333700785,1456.6626870344849,1617.5662947572296,1445.8868575186257,1396.0,1361.0,1589.2,1398.5,1328.07,1344.28,1423.86,1435.82,1427.83,1415.53,1576.0,1429.0,1678.14,1459.48,1343.0,1356.0,1443.51,1370.45,1674.0,1577.0,1580.0,1387.2,1732.0,1423.0,,,1399.03,1412.91,1589.22,1547.09,1788.22,1686.98,1388.99,1343.67,1339.29,1241.92,1366.59,1349.12,1480.0,1380.0,1756.0,1446.0,1344.36,1342.86,1603.0,1422.0,1292.29,1338.16,1726.64,1694.97,1547.0,1402.0,1511.0,1423.0,1606.9,1691.68
2013-03-11,1582.6257474428871,1456.945905078777,1627.041242334475,1445.5451219313786,1403.0,1364.0,1632.9,1463.11,1342.38,1352.9,1427.43,1442.88,1439.35,1426.55,1574.0,1392.0,1674.96,1469.78,1353.0,1359.0,1454.59,1377.0,1684.0,1586.0,1596.5,1394.8,1751.0,1431.0,,,1423.4,1430.28,1575.02,1521.44,1803.82,1698.54,1381.27,1339.24,1368.8,1241.92,1369.86,1343.82,1480.0,1380.0,1781.0,1461.0,1354.79,1352.55,1617.0,1429.0,1325.7,1356.1,1734.93,1709.22,1547.0,1402.0,1506.0,1423.0,1602.99,1679.86
2013-03-04,1599.417781283902,1470.3308338728418,1645.0479159927766,1459.5380018798462,1426.0,1378.0,1664.7,1473.0,1352.02,1358.74,1437.43,1442.88,1436.75,1423.62,1593.0,1408.0,1691.37,1470.06,1371.0,1380.0,1488.52,1397.71,1692.0,1589.0,1616.2,1407.8,1773.0,1442.0,,,1481.47,1468.27,1607.19,1553.59,1809.72,1706.02,1378.44,1335.59,1400.97,1266.4,1397.06,1369.57,1480.0,1380.0,1793.0,1468.0,1364.43,1363.26,1639.0,1445.0,1353.62,1377.36,1759.53,1716.09,1549.0,1411.0,1513.0,1435.0,1614.27,1693.8
2013-02-25,1600.1119677965148,1473.6195640128933,1657.1520838922966,1470.0713416029657,1459.0,1412.0,1634.2,1435.0,1355.09,1358.59,1418.16,1432.79,1440.4,1430.56,1618.0,1428.0,1723.54,1493.02,1381.0,1389.0,1509.43,1414.58,1675.0,1581.0,1621.5,1416.6,1774.0,1442.0,,,1499.04,1490.15,1607.19,1553.59,1810.42,1710.96,1378.19,1335.12,1413.0,1266.41,1408.06,1381.63,1470.0,1380.0,1803.0,1482.0,1349.25,1349.29,1653.0,1457.0,1364.28,1377.91,1740.03,1697.07,1549.0,1411.0,1510.0,1432.0,1575.8,1655.99
2013-02-18,1602.9749693414603,1481.4777565406177,1661.374139957529,1479.4087929781792,1454.0,1406.0,1622.2,1427.0,1337.41,1336.39,1417.89,1431.49,1434.46,1427.45,1658.0,1482.0,1721.27,1500.08,1362.0,1382.0,1484.13,1410.11,1655.0,1563.0,1612.6,1415.1,1759.0,1436.0,,,1486.19,1498.2,1607.19,1553.59,1796.01,1705.01,1392.63,1352.33,1391.87,1281.54,1408.86,1382.42,1470.0,1380.0,1796.0,1480.0,1325.35,1327.87,1641.0,1451.0,1332.21,1373.69,1748.86,1717.65,1549.0,1411.0,1494.0,1420.0,1587.88,1672.7
2013-02-11,1590.9866342969044,1472.5024989704775,1645.5585391317534,1469.4068044304026,1438.0,1395.0,1591.8,1411.5,1332.3,1311.85,1417.78,1425.61,1439.26,1427.97,1643.0,1484.0,1716.77,1484.92,1367.0,1376.0,1461.67,1389.04,1653.0,1562.0,1598.1,1400.4,1745.0,1424.0,,,1488.03,1479.75,1607.19,1553.59,1778.32,1696.86,1407.16,1366.96,1371.93,1256.51,1412.79,1372.77,1470.0,1380.0,1774.0,1466.0,1315.72,1318.37,1630.0,1439.0,1326.27,1358.4,1713.62,1688.67,1549.0,1411.0,1495.0,1420.0,1588.3,1675.77
2013-02-04,1575.3360591797716,1460.8660884924545,1632.401724330581,1459.6745208083707,1419.0,1380.0,1614.8,1434.0,1310.97,1308.49,1383.91,1425.44,1395.46,1402.28,1625.0,1463.0,1713.16,1471.87,1352.0,1365.0,1453.07,1378.31,1637.0,1548.0,1586.7,1390.8,1730.0,1421.0,,,1464.51,1474.36,1607.19,1553.59,1764.56,1694.41,1392.71,1353.98,1371.93,1240.95,1396.54,1368.34,1470.0,1380.0,1765.0,1462.0,1301.91,1307.57,1617.0,1425.0,1314.02,1359.94,1723.9,1687.31,1516.0,1407.0,1496.0,1420.0,1559.13,1646.48
2013-01-28,1559.6230923453286,1457.3222215587384,1616.120331346352,1457.259639504688,1405.0,1379.0,1620.6,1436.1,1287.16,1305.13,1383.32,1425.38,1380.54,1398.21,1605.0,1460.0,1696.94,1474.43,1328.0,1368.0,1427.29,1375.06,1627.0,1548.0,1571.2,1388.5,1710.0,1419.0,,,1405.64,1440.79,1607.19,1553.59,1751.4,1691.0,1380.11,1346.55,1349.29,1240.95,1384.71,1371.83,1470.0,1380.0,1753.0,1458.0,1280.44,1294.91,1592.0,1423.0,1291.0,1345.1,1689.13,1670.19,1516.0,1407.0,1496.0,1421.0,1555.88,1647.35
2013-01-21,1555.5993562606193,1455.5985813029135,1605.580315357089,1451.2073264323205,1394.0,1374.0,1597.5,1439.8,1292.13,1306.73,1363.61,1425.52,1385.12,1400.69,1593.0,1451.0,1669.5,1463.16,1327.0,1366.0,1412.44,1366.96,1635.0,1551.0,1555.9,1382.4,1705.0,1419.0,,,1440.85,1470.42,1607.19,1553.59,1742.23,1683.13,1377.2,1344.28,1328.56,1240.95,1387.26,1374.0,1470.0,1380.0,1743.0,1455.0,1288.55,1303.87,1592.0,1424.0,1290.71,1351.15,1653.52,1651.9,1501.0,1395.0,1502.0,1430.0,1575.85,1668.09
2013-01-14,1565.3868940494701,1463.1934873607447,1614.208526645671,1457.8785757162805,1407.0,1384.0,1574.4,1423.9,1281.47,1301.62,1363.61,1425.52,1374.93,1392.61,1608.0,1465.0,1695.12,1480.72,1329.0,1369.0,1423.82,1377.15,1612.0,1534.0,1554.5,1380.6,1702.0,1416.0,,,1411.98,1430.86,1607.19,1553.59,1759.22,1700.29,1377.98,1342.5,1344.25,1253.85,1373.15,1360.61,1470.0,1380.0,1744.0,1455.0,1306.95,1322.75,1599.0,1429.0,1295.61,1357.83,1691.27,1689.64,1501.0,1395.0,1503.0,1431.0,1588.07,1680.44
2013-01-07,1562.9452535097112,1461.1372833868472,1601.5761590882753,1449.2998382033145,1398.0,1371.0,1568.7,1421.7,1270.94,1299.28,1352.84,1414.61,1376.6,1398.72,1598.0,1463.0,1686.39,1463.87,1308.0,1359.0,1400.41,1362.95,1614.0,1539.0,1524.0,1362.9,1684.0,1412.0,,,1429.1,1458.62,1607.19,1553.59,1751.39,1699.08,1371.6,1338.26,1317.12,1237.29,1360.22,1346.24,1470.0,1380.0,1734.0,1444.0,1308.92,1326.71,1584.0,1420.0,1271.15,1346.22,1682.44,1674.93,1486.0,1385.0,1503.0,1430.0,1624.5,1721.73
2012-12-17,1563.6269663183593,1457.6685774565403,1582.9137675043385,1431.5836509247908,1393.0,1384.0,1556.0,1402.2,1267.29,1287.74,1269.97,1343.17,1387.32,1415.79,1559.0,1411.0,1643.15,1444.79,1300.0,1353.0,1374.49,1341.34,1611.0,1537.0,1501.9,1350.9,1679.0,1421.0,,,1407.48,1456.76,1660.27,1578.2,1745.42,1697.37,1368.44,1305.26,1317.12,1217.84,1381.59,1367.23,1500.0,1380.0,1729.0,1445.0,1333.36,1353.14,1571.0,1409.0,1252.81,1328.52,1632.97,1621.09,1478.0,1394.0,1504.0,1431.0,1625.33,1725.11
2012-12-10,1573.4294685513398,1473.412571239194,1591.3418134886829,1448.2840063218082,1396.0,1392.0,1605.5,1455.2,1276.79,1300.16,1269.69,1343.17,1394.1,1425.43,1582.0,1452.0,1636.93,1446.56,1315.0,1378.0,1375.98,1345.87,1609.0,1550.0,1491.6,1360.8,1683.0,1435.0,,,1427.96,1491.63,1660.27,1578.2,1742.58,1699.14,1381.99,1314.13,1330.41,1233.67,1381.59,1381.59,1520.0,1400.0,1737.0,1454.0,1329.5,1348.64,1580.0,1426.0,1234.89,1321.23,1644.16,1643.69,1484.0,1402.0,1507.0,1435.0,1647.8,1749.93
2012-12-03,1582.5325375686823,1485.7769244049257,1604.1262392066512,1463.8122852527154,1402.0,1410.0,1544.0,1415.1,1288.48,1314.04,1269.69,1343.17,1400.22,1430.39,1615.0,1502.0,1659.47,1482.53,1324.0,1399.0,1376.99,1354.75,1626.0,1552.0,1487.0,1365.3,1683.0,1435.0,,,1448.33,1517.7,1660.27,1578.2,1750.21,1707.91,1397.2,1323.31,1330.41,1257.88,1381.59,1381.59,1520.0,1400.0,1755.0,1470.0,1340.02,1357.94,1596.0,1446.0,1238.74,1325.35,1663.05,1674.14,1484.0,1402.0,1511.0,1440.0,1639.32,1737.06
2012-11-26,1597.209916340752,1490.4543825618236,1617.6960068431226,1468.1032170923588,1402.0,1413.0,1586.0,1451.7,1289.21,1306.01,1269.75,1343.1,1403.31,1429.29,1644.0,1504.0,1670.69,1486.99,1328.0,1404.0,1374.31,1350.54,1643.0,1554.0,1500.5,1371.6,1683.0,1434.0,,,1448.17,1516.22,1693.12,1595.73,1754.61,1712.26,1399.05,1321.07,1348.92,1276.31,1381.59,1381.59,1510.0,1380.0,1759.0,1474.0,1345.68,1364.17,1605.0,1449.0,1244.29,1318.97,1707.61,1712.98,1465.0,1393.0,1515.0,1441.0,1659.07,1742.43
2012-11-19,1593.300112141015,1488.9249392982283,1610.0654096351973,1466.105337243679,1401.0,1410.0,1576.7,1476.2,1291.25,1295.19,1270.29,1344.16,1406.92,1425.05,1626.0,1506.0,1673.28,1484.23,1328.0,1403.0,1371.66,1345.52,1635.0,1551.0,1497.8,1363.6,1679.0,1434.0,,,1433.49,1506.34,1693.12,1595.73,1749.7,1707.51,1405.53,1314.12,1348.92,1276.31,1353.25,1367.62,1510.0,1380.0,1761.0,1473.0,1336.34,1353.18,1597.0,1447.0,1233.39,1315.8,1683.08,1676.83,1465.0,1393.0,1521.0,1449.0,1675.31,1759.56
2012-11-12,1589.4945130503017,1492.1481730132982,1603.2394234764824,1468.624719070044,1406.0,1417.0,1579.0,1489.8,1316.96,1313.31,1271.97,1349.77,1425.41,1438.66,1609.0,1507.0,1627.85,1491.08,1322.0,1391.0,1364.48,1350.71,1647.0,1551.0,1485.5,1365.8,1678.0,1438.0,,,1432.57,1507.29,1693.12,1595.73,1746.58,1704.88,1408.17,1312.75,1322.03,1276.31,1338.5,1367.23,1510.0,1380.0,1765.0,1477.0,1333.31,1348.72,1586.0,1448.0,1235.29,1317.83,1665.91,1688.75,1499.0,1419.0,1526.0,1450.0,1684.36,1767.37
2012-11-05,1598.6426269893411,1500.6204291863376,1606.5980733360518,1474.61554284964,1415.0,1418.0,1579.0,1489.8,1334.49,1324.27,1296.53,1361.85,1457.0,1459.5,1602.0,1509.0,1619.54,1482.79,1318.0,1382.0,1380.32,1366.84,1654.0,1553.0,1484.8,1372.4,1699.0,1457.0,,,1465.8,1518.89,1622.3,1529.3,1763.35,1715.76,1428.07,1324.91,1322.03,1276.31,1361.68,1374.6,1510.0,1380.0,1773.0,1483.0,1365.91,1370.23,1584.0,1449.0,1253.26,1334.76,1662.39,1691.1,1499.0,1419.0,1551.0,1460.0,1705.63,1784.64
2012-10-29,1610.473864502275,1506.7518465053445,1622.924415037479,1483.2943543041215,1427.0,1422.0,1586.3,1464.0,1341.5,1331.57,1326.56,1373.37,1488.15,1477.16,1612.0,1517.0,1622.05,1493.36,1326.0,1385.0,1391.67,1385.76,1683.0,1569.0,1502.3,1377.6,1725.0,1481.0,,,1487.15,1520.53,1622.3,1529.3,1795.39,1731.79,1429.18,1326.81,1349.11,1276.31,1383.42,1381.99,1530.0,1370.0,1775.0,1486.0,1376.97,1363.1,1600.0,1459.0,1276.95,1343.22,1652.19,1698.12,1570.0,1440.0,1559.0,1461.0,1702.62,1777.37
2012-10-22,1635.6932931223184,1518.6901222180616,1653.6934085335959,1497.88057152877,1463.0,1435.0,1602.8,1470.2,1372.62,1355.68,1356.97,1373.37,1511.19,1488.13,1637.0,1528.0,1651.74,1512.31,1388.0,1398.0,1436.75,1403.75,1712.0,1576.0,1542.1,1395.9,1769.0,1521.0,,,1553.2,1576.88,1622.3,1529.3,1824.77,1747.21,1435.61,1331.79,1378.15,1292.52,1437.39,1394.31,1530.0,1370.0,1806.0,1496.0,1412.61,1388.78,1648.0,1479.0,1290.04,1341.1,1692.78,1715.59,1570.0,1440.0,1577.0,1473.0,1697.88,1758.47
2012-10-15,1659.9584841200788,1523.7086558703977,1678.3521334798177,1501.146535539271,1505.0,1452.0,1686.9,1527.9,1370.28,1339.9,1357.53,1373.37,1515.5,1480.09,1653.0,1494.0,1740.16,1552.47,1411.0,1411.0,1498.33,1428.32,1714.0,1578.0,1579.7,1403.2,1776.0,1572.0,,,1551.47,1570.05,1622.3,1529.3,1845.42,1749.97,1448.07,1342.33,1428.82,1326.35,1439.24,1396.15,1530.0,1370.0,1827.0,1500.0,1422.38,1396.59,1685.0,1489.0,1312.87,1341.98,1772.12,1731.24,1544.0,1424.0,1586.0,1480.0,1713.39,1773.92
2012-10-08,1664.2910201907964,1523.8615461300408,1688.0995470813336,1503.5192804710164,1504.0,1440.0,1707.2,1505.4,1372.18,1341.5,1360.4,1374.9,1522.41,1484.46,1704.0,1545.0,1717.87,1523.42,1387.0,1387.0,1477.09,1418.38,1713.0,1558.0,1557.7,1388.0,1765.0,1569.0,,,1516.58,1534.64,1622.3,1529.3,1836.78,1744.68,1453.98,1347.68,1419.42,1300.31,1437.81,1381.79,1530.0,1370.0,1827.0,1486.0,1427.8,1400.14,1676.0,1479.0,1300.51,1337.4,1754.07,1707.12,1544.0,1424.0,1589.0,1479.0,1710.01,1769.51
2012-10-01,1662.8142762373368,1514.7548823726986,1677.7548832226837,1487.8358443713798,1506.0,1436.0,1688.7,1492.6,1291.54,1278.66,1362.74,1376.67,1512.28,1471.93,1673.0,1497.0,1745.04,1530.43,1390.0,1388.0,1475.21,1415.01,1730.0,1575.0,1539.4,1370.8,1757.0,1570.0,,,1508.99,1527.61,1622.3,1529.3,1845.18,1746.67,1466.73,1360.98,1419.42,1276.95,1439.24,1383.22,1530.0,1370.0,1824.0,1483.0,1420.2,1392.89,1668.0,1472.0,1314.89,1352.18,1793.32,1733.84,1576.0,1444.0,1589.0,1481.0,1734.1,1794.86
2012-09-24,1673.9952533389514,1516.0941989130959,1692.1097001240207,1487.9863112674411,1511.0,1438.0,1705.5,1477.3,1312.4,1301.97,1391.82,1407.45,1544.19,1492.86,1717.0,1502.0,1695.21,1502.09,1396.0,1390.0,1461.75,1411.95,1734.0,1576.0,1532.0,1369.3,1786.0,1587.0,,,1554.36,1558.23,1647.38,1561.02,1845.73,1747.41,1473.06,1370.48,1419.42,1276.95,1467.76,1395.95,1540.0,1360.0,1813.0,1472.0,1407.04,1378.78,1667.0,1472.0,1316.05,1353.38,1759.73,1712.16,1576.0,1444.0,1602.0,1493.0,1751.2,1811.71
2012-09-17,1685.3033991784205,1533.2010606818656,1709.524235033757,1510.493131754705,1540.0,1458.0,1723.8,1494.9,1335.72,1327.74,1392.09,1404.25,1571.6,1519.36,1704.0,1526.0,1741.07,1537.18,1429.0,1399.0,1501.39,1432.11,1750.0,1586.0,1588.9,1399.6,1826.0,1598.0,,,1584.71,1577.93,1647.38,1561.02,1877.64,1773.15,1479.52,1377.26,1458.57,1304.03,1495.05,1410.31,1540.0,1360.0,1825.0,1475.0,1427.11,1398.35,1717.0,1498.0,1354.84,1371.14,1767.68,1720.84,1576.0,1444.0,1604.0,1492.0,1727.75,1786.67
2012-09-10,1705.6697391843365,1544.5165159782143,1734.4550942523808,1524.2811723366435,1547.0,1466.0,1710.0,1504.4,1335.72,1327.74,1392.09,1404.25,1552.51,1517.37,1769.0,1569.0,1800.83,1543.19,1419.0,1405.0,1518.97,1441.22,1748.0,1588.0,1593.6,1403.6,1833.0,1601.0,,,1542.08,1549.74,1647.38,1561.02,1889.81,1777.8,1478.17,1376.65,1480.32,1319.85,1487.86,1410.31,1540.0,1360.0,1826.0,1480.0,1421.89,1393.46,1722.0,1498.0,1347.55,1369.86,1847.88,1759.11,1576.0,1444.0,1583.0,1474.0,1736.98,1796.36
2012-09-03,1692.624792550027,1535.9476673789459,1720.7582437918518,1515.8378396069706,1505.0,1444.0,1720.3,1521.2,1335.72,1327.74,1367.06,1389.47,1531.33,1496.22,1748.0,1551.0,1771.53,1539.35,1419.0,1405.0,1522.48,1444.99,1740.0,1579.0,1586.1,1397.3,1838.0,1601.0,,,1545.85,1543.07,1647.38,1561.02,1870.61,1759.94,1476.89,1375.22,1453.79,1319.85,1480.68,1410.31,1540.0,1360.0,1810.0,1476.0,1372.92,1353.09,1708.0,1495.0,1327.78,1354.64,1805.47,1751.52,1562.0,1429.0,1583.0,1454.0,1744.55,1805.76
2012-08-27,1699.5244589568356,1548.2507419050132,1725.885267699516,1528.0620232186939,1520.0,1457.0,1706.1,1505.4,1335.72,1327.74,1361.79,1386.23,1530.89,1497.61,1750.0,1561.0,1781.61,1548.0,1419.0,1405.0,1512.62,1422.83,1742.0,1582.0,1648.2,1459.2,1838.0,1597.0,,,1587.53,1585.72,1647.38,1561.02,1870.13,1759.24,1470.5,1375.46,1453.79,1319.85,1467.76,1410.31,1490.0,1350.0,1808.0,1475.0,1429.97,1404.65,1710.0,1497.0,1334.94,1361.95,1862.33,1789.02,1562.0,1429.0,1582.0,1452.0,1730.07,1794.07
2012-08-20,1696.3616321281922,1542.5490750223828,1723.0853531875455,1522.128360300406,1509.0,1445.0,1711.1,1507.6,1335.72,1327.74,1361.95,1385.31,1500.06,1471.19,1773.0,1569.0,1802.41,1552.59,1394.0,1382.0,1511.97,1420.1,1719.0,1571.0,1634.9,1449.0,1806.0,1578.0,,,1561.33,1564.52,1647.38,1561.02,1847.42,1740.3,1452.13,1358.66,1453.79,1307.71,1440.68,1410.51,1490.0,1350.0,1801.0,1470.0,1420.0,1396.9,1701.0,1489.0,1314.36,1342.09,1863.64,1790.28,1507.0,1387.0,1558.0,1428.0,1732.39,1797.0
2012-08-13,1657.971163046388,1519.3188936321064,1679.5097155409305,1499.5716309879626,1473.0,1426.0,1689.1,1507.0,1298.29,1291.54,1353.92,1368.73,1462.56,1433.96,1703.0,1546.0,1755.99,1531.62,1370.0,1370.0,1470.55,1395.14,1687.0,1547.0,1600.7,1424.6,1777.0,1559.0,,,1532.36,1544.4,1647.38,1561.02,1812.09,1711.27,1433.96,1343.05,1430.55,1281.81,1424.67,1388.77,1490.0,1350.0,1770.0,1452.0,1385.8,1370.6,1670.0,1466.0,1285.45,1316.47,1833.88,1766.57,1507.0,1387.0,1539.0,1408.0,1707.92,1773.97
2012-08-06,1632.2863607396937,1493.2091342556187,1652.7948741159107,1470.355148595416,1455.0,1398.0,1650.0,1479.1,1282.34,1276.2,1322.6,1358.58,1451.15,1429.76,1670.0,1494.0,1717.23,1482.09,1349.0,1349.0,1440.68,1361.8,1666.0,1531.0,1574.0,1406.0,1754.0,1552.0,,,1552.47,1577.75,1647.38,1561.02,1785.91,1689.27,1420.1,1323.83,1392.12,1259.3,1403.13,1367.23,1490.0,1350.0,1753.0,1437.0,1396.96,1380.05,1647.0,1442.0,1255.77,1286.08,1773.96,1719.52,1482.0,1382.0,1525.0,1395.0,1677.86,1745.77
2012-07-30,1619.9410733521868,1490.779717886991,1632.234326646769,1466.5346212257664,1444.0,1395.0,1685.3,1485.4,1247.37,1260.25,1322.87,1358.35,1448.1,1427.43,1617.0,1478.0,1695.23,1480.14,1349.0,1349.0,1429.26,1374.07,1676.0,1534.0,1555.0,1396.2,1743.0,1547.0,,,1529.65,1555.97,1647.38,1561.02,1779.47,1687.82,1402.15,1316.44,1392.12,1259.3,1396.98,1368.27,1440.0,1380.0,1754.0,1437.0,1368.33,1351.82,1642.0,1441.0,1242.6,1272.6,1760.13,1717.73,1482.0,1382.0,1526.0,1395.0,1702.6,1772.79
2012-07-23,1624.2812899783225,1487.2693595445237,1644.6512873656736,1466.6953736793982,1456.0,1404.0,1658.2,1456.6,1266.39,1297.07,1284.39,1310.3,1410.18,1390.09,1660.0,1485.0,1716.49,1505.46,1350.0,1350.0,1430.15,1378.38,1677.0,1528.0,1567.2,1400.0,1730.0,1524.0,,,1465.52,1481.15,1647.38,1561.02,1777.87,1682.95,1395.86,1309.91,1392.12,1259.3,1390.41,1360.24,1440.0,1380.0,1754.0,1437.0,1339.11,1320.1,1640.0,1436.0,1226.34,1255.95,1780.3,1732.5,1433.0,1320.0,1511.0,1379.0,1695.49,1766.09
2012-07-16,1603.701140480851,1459.815397460368,1624.0599824017315,1437.127618129185,1432.0,1370.0,1652.3,1453.3,1238.16,1234.48,1257.85,1283.61,1412.75,1390.81,1636.0,1456.0,1685.55,1458.39,1316.0,1306.0,1402.96,1338.05,1660.0,1516.0,1551.2,1370.9,1717.0,1500.0,,,1445.65,1453.53,1647.38,1561.02,1757.58,1648.74,1368.96,1283.9,1362.62,1233.0,1353.25,1304.41,1440.0,1380.0,1731.0,1404.0,1340.15,1315.3,1613.0,1409.0,1224.37,1254.34,1710.85,1663.98,1433.0,1320.0,1510.0,1379.0,1676.31,1744.61
2012-07-09,1592.696271589558,1444.9825615110628,1616.042295059176,1423.6866877547288,1403.0,1345.0,1634.0,1443.4,1224.67,1219.14,1244.45,1270.44,1391.49,1367.79,1649.0,1459.0,1699.22,1459.93,1289.0,1266.0,1398.46,1324.98,1629.0,1497.0,1525.3,1344.9,1678.0,1479.0,,,1410.7,1422.76,1647.38,1561.02,1743.23,1634.69,1368.31,1281.44,1362.62,1209.51,1354.5,1282.68,1440.0,1380.0,1718.0,1387.0,1324.86,1298.31,1606.0,1399.0,1240.05,1251.39,1710.06,1651.61,1374.0,1267.0,1511.0,1379.0,1651.42,1719.22
2012-07-02,1561.025814715736,1414.451242639417,1579.2811459890636,1387.770449193249,1395.0,1332.0,1557.0,1365.0,1184.78,1174.97,1248.12,1275.06,1410.19,1385.93,1583.0,1397.0,1623.56,1398.92,1295.0,1270.0,1348.51,1285.06,1627.0,1489.0,1502.6,1316.7,1664.0,1473.0,,,1427.51,1439.71,1647.38,1561.02,1719.88,1613.52,1357.48,1270.63,1329.67,1183.36,1326.25,1254.49,1440.0,1380.0,1697.0,1367.0,1332.34,1305.62,1582.0,1375.0,1237.62,1269.72,1651.99,1594.35,1374.0,1267.0,1525.0,1394.0,1622.9,1690.18
2012-06-25,1562.8316853070137,1417.5357853390565,1576.4988684672855,1387.815727799759,1376.0,1319.0,1582.8,1385.8,1210.55,1208.71,1280.01,1315.76,1393.91,1369.93,1557.0,1373.0,1619.69,1380.24,1314.0,1276.0,1348.14,1280.97,1627.0,1494.0,1510.3,1328.5,1678.0,1487.0,,,1455.13,1466.81,1679.48,1591.24,1730.53,1622.76,1360.31,1273.41,1333.24,1197.28,1346.93,1275.13,1500.0,1400.0,1698.0,1367.0,1350.18,1322.97,1588.0,1383.0,1250.01,1280.7,1638.41,1581.24,1414.0,1296.0,1540.0,1410.0,1638.49,1708.96
2012-06-18,1579.4801522350924,1434.672847347559,1601.1416765216618,1409.6901964486397,1407.0,1345.0,1636.1,1438.1,1210.55,1208.71,1280.3,1315.87,1419.02,1394.07,1600.0,1416.0,1644.15,1410.04,1317.0,1278.0,1361.47,1290.95,1637.0,1503.0,1520.5,1338.1,1692.0,1499.0,,,1445.6,1461.2,1679.48,1591.24,1755.34,1649.06,1373.22,1285.99,1333.24,1197.28,1367.88,1297.55,1500.0,1400.0,1709.0,1377.0,1350.34,1321.7,1601.0,1395.0,1257.06,1286.43,1633.83,1588.13,1414.0,1296.0,1540.0,1410.0,1637.61,1708.57
2012-06-11,1590.4251479688326,1441.6249735384995,1610.5238685229597,1415.106312887772,1425.0,1367.0,1615.5,1393.6,1210.55,1208.71,1309.26,1334.85,1437.21,1411.14,1597.0,1410.0,1646.73,1412.64,1338.0,1300.0,1373.14,1298.74,1650.0,1510.0,1543.4,1349.0,1722.0,1523.0,,,1455.29,1464.21,1679.48,1591.24,1768.17,1664.54,1379.42,1292.08,1374.04,1197.28,1381.64,1309.9,1500.0,1400.0,1723.0,1392.0,1350.21,1321.86,1625.0,1415.0,1269.25,1300.09,1657.83,1595.33,1427.0,1309.0,1540.0,1411.0,1654.92,1728.14
2012-06-04,1602.751215015063,1455.9981095791547,1630.25765660969,1436.2454070170136,1438.0,1379.0,1609.0,1399.1,1210.55,1208.71,1309.48,1335.43,1431.16,1405.16,1629.0,1440.0,1674.2,1434.65,1354.0,1325.0,1401.68,1318.62,1663.0,1519.0,1566.8,1377.8,1732.0,1534.0,,,1420.75,1429.49,1679.48,1591.24,1778.29,1678.22,1401.24,1314.53,1374.04,1227.83,1397.42,1340.03,1500.0,1400.0,1738.0,1409.0,1319.34,1291.87,1638.0,1425.0,1281.24,1312.19,1670.37,1597.76,1427.0,1309.0,1550.0,1421.0,1658.21,1731.19
2012-05-28,1613.3085177214684,1470.3907281317604,1637.6555494885686,1449.353852870102,1434.0,1377.0,1630.4,1437.2,1234.48,1224.05,1309.2,1334.61,1459.13,1433.28,1653.0,1480.0,1694.41,1458.89,1355.0,1328.0,1409.72,1330.32,1653.0,1504.0,1563.0,1377.5,1732.0,1539.0,,,1431.2,1444.49,1663.41,1596.71,1775.12,1679.2,1414.87,1327.76,1374.04,1228.74,1395.42,1336.68,1500.0,1400.0,1741.0,1415.0,1338.92,1311.0,1637.0,1432.0,1276.99,1313.65,1664.78,1588.1,1435.0,1320.0,1559.0,1429.0,1679.48,1755.96
2012-05-21,1610.1857934636973,1474.7316520426557,1633.0053921993915,1454.463734689147,1439.0,1392.0,1630.4,1437.2,1234.48,1224.05,1313.12,1336.52,1470.21,1443.29,1631.0,1464.0,1680.57,1453.18,1357.0,1339.0,1407.14,1345.11,1668.0,1528.0,1569.2,1392.5,1740.0,1547.0,,,1434.14,1445.89,1663.41,1596.71,1777.45,1684.69,1421.8,1334.61,1374.04,1240.28,1395.82,1365.72,1500.0,1400.0,1744.0,1425.0,1342.95,1314.97,1636.0,1440.0,1283.88,1320.75,1642.71,1588.97,1435.0,1320.0,1568.0,1440.0,1681.37,1755.38
2012-05-14,1625.6377738450622,1484.5348441784236,1640.9942392272244,1458.4457493864634,1453.0,1401.0,1698.7,1485.1,1234.48,1224.05,1356.7,1355.43,1470.64,1442.09,1627.0,1447.0,1676.24,1463.68,1359.0,1342.0,1414.58,1350.13,1674.0,1526.0,1581.5,1402.3,1760.0,1558.0,,,1478.99,1484.59,1663.41,1596.71,1786.78,1694.62,1439.78,1347.71,1388.96,1240.28,1425.09,1366.31,1500.0,1400.0,1756.0,1426.0,1355.42,1326.2,1651.0,1450.0,1292.01,1322.09,1652.97,1598.53,1488.0,1337.0,1578.0,1449.0,1728.59,1806.49
2012-05-07,1651.657556308811,1509.2665580595892,1670.4416825274486,1484.5009785079585,1474.0,1419.0,1647.7,1451.6,1281.11,1255.34,1374.71,1371.13,1500.5,1468.21,1668.0,1499.0,1691.63,1487.24,1378.0,1355.0,1436.53,1373.74,1688.0,1538.0,1610.94,1425.23,1793.0,1567.0,,,1541.12,1532.94,1663.41,1596.71,1831.02,1722.47,1450.42,1353.04,1410.02,1272.0,1435.31,1376.7,1500.0,1400.0,1769.0,1443.0,1393.79,1363.65,1666.0,1461.0,1302.16,1332.47,1675.55,1626.17,1488.0,1337.0,1589.0,1460.0,1737.66,1815.27
2012-04-30,1663.5311055713164,1503.7419674594246,1686.4549010160763,1476.4822568611507,1493.0,1418.0,1715.6,1454.2,1294.61,1255.34,1385.09,1371.87,1516.31,1480.52,1673.0,1457.0,1711.3,1504.27,1393.0,1358.0,1457.82,1371.76,1707.0,1552.0,1628.2,1426.4,1825.0,1574.0,,,1571.61,1547.47,1663.41,1596.71,1851.92,1727.34,1453.34,1353.46,1410.02,1276.84,1476.98,1376.89,1510.0,1390.0,1784.0,1444.0,1403.85,1373.7,1688.0,1462.0,1290.55,1314.09,1685.26,1635.93,1536.0,1344.0,1598.0,1469.0,1734.47,1808.87
2012-04-23,1677.310265606294,1514.2364037516209,1706.5572296554421,1492.657141802082,1521.0,1432.0,1715.6,1454.2,1313.63,1255.34,1398.11,1374.97,1511.52,1474.14,1712.0,1520.0,1742.01,1506.78,1422.0,1372.0,1473.68,1372.58,1722.0,1568.0,1650.7,1429.5,1854.0,1584.0,,,1522.08,1483.84,1600.07,1568.3,1853.82,1730.82,1453.66,1353.69,1435.98,1276.84,1492.13,1391.99,1510.0,1390.0,1801.0,1447.0,1394.21,1362.98,1715.0,1463.0,1260.57,1303.18,1729.9,1635.11,1536.0,1344.0,1598.0,1470.0,1735.97,1811.92
2012-04-16,1687.2116521363198,1522.491554179393,1720.7605802669273,1503.3257340846028,1526.0,1441.0,1739.0,1487.3,1327.13,1270.68,1407.53,1388.54,1519.91,1488.93,1733.0,1542.0,1775.8,1506.94,1447.0,1395.0,1498.91,1375.58,1729.0,1578.0,1666.4,1436.2,1864.0,1592.0,,,1508.06,1482.9,1600.07,1568.3,1856.26,1735.1,1452.88,1353.5,1469.57,1276.84,1506.87,1406.7,1510.0,1390.0,1818.0,1457.0,1400.05,1370.43,1731.0,1472.0,1282.77,1335.47,1748.44,1642.61,1528.0,1358.0,1575.0,1480.0,1728.13,1799.42
2012-04-02,1671.5939477253369,1521.1552357350877,1702.9558974823178,1501.4924177170938,1513.0,1445.0,1702.6,1458.4,1327.13,1286.63,1386.32,1392.07,1507.21,1499.21,1703.0,1514.0,1786.12,1517.33,1439.0,1432.0,1498.13,1392.56,1715.0,1582.0,1654.6,1442.9,1834.0,1594.0,,,1511.78,1503.35,1600.07,1568.3,1842.69,1738.19,1440.45,1351.53,1469.57,1293.28,1473.82,1416.75,1510.0,1390.0,1812.0,1459.0,1407.74,1386.12,1714.0,1479.0,1280.04,1332.64,1780.77,1679.69,1493.0,1365.0,1574.0,1479.0,1696.56,1777.03
2012-03-26,1654.204464237728,1525.1178233574744,1686.989839367629,1509.7090734818785,1491.0,1446.0,1648.7,1463.1,1308.72,1297.07,1364.63,1392.31,1512.75,1511.94,1689.0,1540.0,1751.04,1512.99,1425.0,1427.0,1478.5,1388.5,1702.0,1596.0,1650.6,1456.0,1821.0,1595.0,,,1510.85,1522.91,1562.8,1547.5,1829.16,1735.72,1430.66,1346.08,1458.87,1293.28,1453.79,1416.48,1450.0,1360.0,1786.0,1464.0,1399.93,1388.29,1704.0,1486.0,1285.0,1338.32,1745.13,1656.64,1493.0,1365.0,1571.0,1477.0,1670.02,1754.77
2012-03-19,1651.3295288303254,1527.467768613476,1683.3640610930863,1510.9402933996812,1484.0,1442.0,1698.9,1501.8,1308.72,1297.07,1361.63,1390.21,1506.22,1515.55,1689.0,1533.0,1751.04,1527.79,1416.0,1423.0,1477.15,1399.24,1700.0,1602.0,1645.1,1458.4,1804.0,1583.0,,,1509.51,1525.2,1562.8,1547.5,1818.29,1730.55,1420.55,1344.65,1435.46,1293.28,1439.44,1416.48,1450.0,1360.0,1788.0,1465.0,1372.62,1389.03,1694.0,1487.0,1279.97,1334.8,1743.83,1666.1,1463.0,1343.0,1554.0,1464.0,1677.31,1764.27
2012-03-12,1632.9411387503833,1515.0747725368572,1666.6046387379297,1499.8381509005123,1472.0,1438.0,1643.5,1450.9,1281.11,1273.75,1343.27,1372.18,1490.58,1505.15,1680.0,1534.0,1747.19,1529.29,1395.0,1403.0,1451.32,1390.83,1670.0,1589.0,1621.1,1437.8,1779.0,1569.0,,,1465.24,1481.56,1562.8,1547.5,1803.64,1722.74,1395.09,1343.05,1414.83,1278.92,1418.32,1402.53,1450.0,1360.0,1771.0,1452.0,1384.62,1394.29,1668.0,1470.0,1286.89,1342.73,1722.05,1660.47,1463.0,1343.0,1532.0,1464.0,1643.24,1729.58
2012-03-05,1622.7903815774525,1508.983186474639,1654.4287275441268,1493.1742328068538,1451.0,1424.0,1659.3,1496.7,1252.89,1242.46,1327.78,1352.64,1471.51,1489.83,1684.0,1534.0,1727.18,1503.88,1380.0,1408.0,1437.2,1364.7,1659.0,1581.0,1608.84,1431.37,1775.0,1568.0,,,1458.69,1506.05,1497.8,1489.4,1771.22,1716.18,1391.61,1341.59,1393.72,1278.92,1415.47,1401.15,1450.0,1360.0,1751.0,1447.0,1372.45,1388.86,1657.0,1466.0,1285.29,1340.91,1700.57,1628.16,1438.0,1335.0,1532.0,1463.0,1645.04,1733.8
2012-02-27,1608.6582216038678,1505.6321722635635,1643.4315008380254,1493.3526770667715,1436.0,1421.0,1681.7,1510.2,1271.91,1257.8,1304.25,1328.12,1452.85,1473.55,1660.0,1520.0,1746.91,1541.15,1375.0,1409.0,1432.09,1372.82,1651.0,1586.0,1609.4,1440.8,1764.0,1563.0,,,1457.33,1504.42,1497.8,1489.4,1765.72,1712.95,1389.29,1340.55,1393.72,1270.92,1414.05,1399.74,1420.0,1350.0,1743.0,1447.0,1349.68,1371.87,1652.0,1465.0,1282.09,1337.74,1701.5,1651.69,1438.0,1335.0,1525.0,1461.0,1611.98,1703.2
2012-02-20,1602.8517991569488,1501.884070629515,1635.3135953626256,1487.5057974677652,1431.0,1422.0,1642.3,1503.7,1271.91,1257.8,1286.77,1325.68,1451.36,1472.92,1669.0,1529.0,1727.22,1528.13,1358.0,1400.0,1415.02,1368.3,1644.0,1585.0,1580.3,1422.3,1742.0,1552.0,,,1465.37,1520.88,1497.8,1489.4,1752.49,1702.09,1381.81,1335.78,1376.02,1270.92,1400.74,1383.56,1420.0,1350.0,1736.0,1444.0,1343.43,1371.96,1636.0,1458.0,1256.09,1320.59,1694.47,1655.88,1412.0,1302.0,1506.0,1439.0,1616.58,1711.53
2012-02-13,1582.1974750039778,1485.5367082674918,1610.8039894181331,1469.3528624416479,1409.0,1403.0,1627.0,1461.6,1227.73,1240.0,1280.11,1318.57,1440.81,1464.0,1622.0,1491.0,1691.13,1496.05,1345.0,1378.0,1392.74,1350.04,1637.0,1579.0,1578.7,1418.0,1728.0,1544.0,,,1444.89,1497.65,1497.8,1489.4,1736.54,1691.14,1370.16,1328.99,1357.22,1270.92,1383.8,1375.21,1420.0,1350.0,1716.0,1428.0,1334.46,1364.03,1619.0,1448.0,1258.02,1322.63,1660.65,1627.73,1412.0,1302.0,1490.0,1427.0,1608.12,1702.63
2012-02-06,1570.871178063224,1468.7915396079593,1590.4673607280245,1444.4289574632635,1397.0,1388.0,1609.2,1431.6,1227.73,1240.0,1279.59,1318.26,1446.6,1470.1,1582.0,1441.0,1670.66,1472.92,1345.0,1383.0,1378.19,1325.56,1622.0,1571.0,1564.0,1396.0,1723.0,1543.0,,,1441.66,1504.84,1497.8,1489.4,1726.8,1682.54,1367.72,1325.81,1357.22,1233.57,1371.37,1369.94,1420.0,1350.0,1700.0,1415.0,1338.32,1372.24,1600.0,1426.0,1259.12,1320.82,1650.67,1612.04,1406.0,1324.0,1491.0,1428.0,1621.22,1717.64
2012-01-30,1563.186779679779,1465.5071895212754,1586.8448890280442,1444.6481760893062,1392.0,1388.0,1600.1,1424.6,1227.73,1240.0,1254.85,1318.22,1432.73,1457.06,1589.0,1443.0,1663.95,1464.87,1324.0,1406.0,1370.87,1321.86,1605.0,1563.0,1552.8,1396.6,1718.0,1545.0,,,1442.81,1509.48,1484.7,1479.3,1717.62,1685.18,1362.37,1325.76,1341.31,1233.57,1367.47,1366.04,1410.0,1340.0,1694.0,1415.0,1313.87,1347.92,1600.0,1439.0,1260.28,1322.04,1632.66,1594.45,1406.0,1324.0,1490.0,1429.0,1604.46,1704.32
2012-01-23,1562.103502871325,1476.2639718549758,1586.7953464553461,1459.1942253172938,1394.0,1397.0,1626.8,1469.8,1216.08,1244.91,1239.54,1315.64,1430.04,1456.07,1590.0,1460.0,1663.57,1476.64,1325.0,1405.0,1370.11,1334.82,1611.0,1569.0,1555.5,1418.2,1716.0,1549.0,,,1415.12,1496.63,1484.7,1479.3,1712.78,1687.0,1352.7,1325.28,1341.31,1252.8,1368.45,1374.18,1410.0,1340.0,1696.0,1432.0,1306.9,1347.13,1603.0,1451.0,1259.04,1320.73,1655.07,1627.73,1380.0,1305.0,1471.0,1413.0,1599.06,1698.79
2012-01-16,1556.629168818944,1482.4047474263239,1581.8834602520385,1469.298468705055,1399.0,1403.0,1624.8,1498.4,1201.96,1244.91,1239.52,1317.45,1392.65,1415.08,1579.0,1475.0,1666.46,1515.82,1315.0,1377.0,1367.34,1360.5,1615.0,1569.0,1556.3,1424.0,1704.0,1539.0,,,1367.14,1439.36,1484.7,1479.3,1709.35,1681.51,1346.77,1324.07,1341.31,1277.9,1353.44,1366.3,1410.0,1340.0,1697.0,1439.0,1272.29,1310.69,1603.0,1461.0,1263.51,1324.29,1631.59,1643.98,1380.0,1305.0,1452.0,1400.0,1610.9,1712.32
2012-01-09,1549.9832767756511,1464.000448723457,1577.4392188243673,1452.657571501146,1374.0,1378.0,1569.2,1432.2,1201.96,1244.91,1204.62,1305.92,1376.37,1396.97,1601.0,1489.0,1671.69,1507.61,1291.0,1361.0,1358.07,1336.26,1585.0,1543.0,1536.2,1398.3,1673.0,1515.0,,,1311.21,1382.45,1503.6,1446.8,1694.02,1664.02,1335.88,1310.41,1341.31,1229.86,1345.66,1349.96,1410.0,1340.0,1691.0,1420.0,1230.63,1252.51,1590.0,1448.0,1233.13,1270.85,1639.07,1628.88,1342.0,1277.0,1452.0,1395.0,1610.21,1711.23
2011-12-19,1502.4198888401213,1425.8756948719479,1522.6529362135095,1412.2078500958917,1352.0,1366.0,1540.2,1427.3,1139.38,1197.05,1204.62,1305.92,1379.49,1404.95,1507.0,1399.0,1583.73,1422.27,1270.0,1363.0,1296.07,1285.4,1529.0,1407.0,1491.1,1368.3,1643.0,1514.0,,,1306.6,1409.55,1503.6,1446.8,1673.5,1653.99,1300.8,1283.58,1289.21,1201.51,1279.22,1320.81,1410.0,1340.0,1623.0,1375.0,1216.5,1242.34,1527.0,1398.0,1227.43,1273.01,1543.97,1545.08,1328.0,1277.0,1456.0,1402.0,1577.6,1678.09
2011-12-12,1494.10341160494,1424.3121850994428,1518.6277490240836,1414.2991941954026,1353.0,1374.0,1517.6,1402.1,1139.38,1197.05,1204.62,1305.92,1366.76,1391.43,1502.0,1393.0,1576.09,1433.55,1248.0,1360.0,1294.29,1297.01,1533.0,1409.0,1483.2,1374.2,1640.0,1515.0,,,1298.86,1410.66,1503.6,1446.8,1672.73,1658.31,1292.54,1283.75,1271.22,1201.51,1285.28,1328.27,1410.0,1340.0,1617.0,1379.0,1193.29,1223.28,1521.0,1403.0,1215.69,1260.84,1511.18,1539.91,1320.0,1269.0,1458.0,1388.0,1562.83,1662.17
2011-12-05,1482.4882862600168,1414.9351200779304,1501.6017702767633,1401.2809500216176,1353.0,1379.0,1529.4,1429.5,1139.38,1197.05,1204.73,1305.92,1393.74,1418.28,1509.0,1421.0,1572.23,1433.7,1250.0,1362.0,1284.14,1296.79,1535.0,1405.0,1480.7,1379.0,1638.0,1515.0,,,1328.42,1445.68,1503.6,1446.8,1575.3,1525.92,1295.41,1286.3,1271.22,1211.51,1302.67,1349.96,1410.0,1340.0,1607.0,1388.0,1214.35,1242.29,1516.0,1403.0,1214.26,1259.36,1523.33,1552.07,1320.0,1269.0,1456.0,1404.0,1545.27,1640.9
2011-11-28,1475.3870262225485,1409.781004716399,1494.429834053429,1397.2880480840197,1354.0,1378.0,1496.3,1384.9,1127.72,1217.3,1204.82,1286.16,1363.78,1383.27,1488.0,1410.0,1581.18,1446.72,1249.0,1362.0,1285.69,1299.44,1545.0,1413.0,1473.6,1376.0,1645.0,1519.0,,,1290.43,1413.78,1513.0,1430.0,1576.98,1529.3,1323.3,1309.66,1255.65,1211.51,1282.64,1352.94,1410.0,1320.0,1604.0,1388.0,1193.42,1221.7,1514.0,1413.0,1210.98,1255.96,1493.57,1521.65,1320.0,1269.0,1452.0,1387.0,1551.71,1644.09
2011-11-21,1487.3075801762316,1425.89007642908,1510.473680282255,1416.031480926473,1372.0,1400.0,1550.5,1472.7,1148.58,1240.62,1207.96,1284.29,1373.97,1389.17,1511.0,1436.0,1570.69,1472.6,1249.0,1360.0,1295.19,1322.5,1553.0,1411.0,1489.7,1395.0,1661.0,1518.0,,,1314.23,1413.09,1513.0,1430.0,1587.57,1525.03,1314.4,1292.71,1279.06,1238.3,1301.51,1355.5,1410.0,1320.0,1614.0,1401.0,1213.0,1240.69,1529.0,1425.0,1211.87,1256.88,1490.28,1567.62,1320.0,1269.0,1465.0,1375.0,1550.87,1640.28
2011-11-14,1490.3940326093907,1413.6933594210598,1510.5387921882987,1402.1887792392802,1377.0,1387.0,1505.9,1411.0,1169.44,1230.8,1233.86,1284.41,1354.89,1362.89,1497.0,1421.0,1604.19,1476.56,1265.0,1321.0,1309.78,1315.98,1560.0,1400.0,1497.9,1377.0,1660.0,1499.0,,,1262.47,1350.01,1513.0,1430.0,1594.72,1516.18,1317.66,1272.64,1279.06,1221.01,1306.33,1347.69,1410.0,1320.0,1630.0,1404.0,1225.59,1234.71,1540.0,1416.0,1215.29,1260.43,1522.83,1556.84,1320.0,1269.0,1465.0,1375.0,1560.54,1640.58
2011-11-07,1497.2471591783103,1406.2507572635423,1516.692932634909,1391.9958588168392,1365.0,1363.0,1505.9,1411.0,1160.24,1189.08,1233.86,1277.59,1391.34,1398.42,1524.0,1427.0,1598.65,1457.59,1265.0,1308.0,1305.67,1295.35,1558.0,1385.0,1491.3,1365.4,1661.0,1491.0,,,1289.71,1369.72,1513.0,1430.0,1592.13,1501.36,1319.72,1267.75,1279.06,1204.84,1316.16,1344.62,1410.0,1320.0,1621.0,1384.0,1226.81,1235.4,1536.0,1402.0,1214.79,1259.91,1527.88,1550.99,1320.0,1269.0,1465.0,1362.0,1569.14,1639.33
2011-10-31,1498.2105443940018,1400.9989119716492,1521.9234082672706,1389.5452607630787,1361.0,1361.0,1534.0,1443.1,1160.24,1189.08,1228.32,1263.95,1406.03,1410.71,1531.0,1423.0,1604.41,1455.25,1271.0,1312.0,1314.28,1296.05,1565.0,1385.0,1495.4,1360.9,1677.0,1492.0,,,1312.98,1326.72,1513.0,1430.0,1588.92,1489.35,1326.11,1248.65,1279.06,1204.84,1312.99,1341.38,1410.0,1320.0,1630.0,1382.0,1226.92,1233.81,1540.0,1401.0,1233.05,1265.0,1546.23,1563.99,1320.0,1269.0,1464.0,1360.0,1543.18,1606.59
2011-10-24,1500.2952850036477,1397.543942814638,1524.158705954213,1387.3534393998602,1368.0,1352.0,1534.0,1443.1,1192.76,1199.51,1205.43,1244.92,1390.24,1386.36,1530.0,1423.0,1590.29,1445.23,1270.0,1289.0,1314.6,1291.51,1567.0,1373.0,1498.1,1358.8,1679.0,1484.0,,,1340.18,1331.9,1513.0,1430.0,1597.1,1491.04,1341.99,1258.14,1279.06,1204.84,1319.71,1328.22,1410.0,1310.0,1635.0,1379.0,1214.09,1203.32,1548.0,1394.0,1247.97,1268.16,1540.66,1547.25,1320.0,1269.0,1464.0,1346.0,1549.41,1613.09
2011-10-17,1504.4127599219453,1384.8811129986425,1532.9623576412366,1374.2558912119523,1367.0,1346.0,1589.2,1436.8,1192.76,1205.03,1203.75,1245.66,1402.59,1398.68,1552.0,1409.0,1623.84,1434.46,1266.0,1274.0,1330.06,1279.39,1571.0,1375.0,1502.4,1339.7,1674.0,1478.0,,,1349.4,1337.28,1513.0,1430.0,1589.06,1481.21,1347.79,1257.16,1301.59,1175.66,1312.24,1305.15,1410.0,1310.0,1641.0,1361.0,1212.21,1196.01,1543.0,1376.0,1226.5,1238.34,1531.96,1516.67,1313.0,1263.0,1464.0,1345.0,1538.78,1598.68
2011-10-10,1495.3686309414145,1375.4149506736085,1519.3825092957877,1363.635496712406,1363.0,1338.0,1513.0,1372.5,1157.79,1160.24,1223.31,1253.7,1400.56,1392.62,1533.0,1399.0,1621.57,1420.05,1268.0,1276.0,1315.9,1268.67,1557.0,1361.0,1485.1,1329.4,1662.0,1475.0,,,1337.14,1322.37,1513.0,1430.0,1585.94,1479.61,1327.51,1235.8,1274.24,1175.66,1279.66,1279.66,1410.0,1310.0,1628.0,1346.0,1192.4,1180.04,1536.0,1373.0,1232.1,1243.99,1532.07,1494.81,1313.0,1263.0,1465.0,1346.0,1547.61,1605.71
2011-10-03,1497.486449629526,1375.9120669796125,1518.098208322193,1362.2673304721804,1365.0,1333.0,1567.0,1410.6,1171.9,1176.19,1244.37,1264.94,1399.83,1390.63,1513.0,1385.0,1594.94,1414.89,1290.0,1283.0,1311.27,1261.92,1565.0,1362.0,1494.7,1332.6,1682.0,1480.0,,,1350.44,1318.72,1513.0,1430.0,1594.12,1482.51,1340.71,1236.03,1274.24,1180.04,1283.14,1242.24,1410.0,1310.0,1634.0,1342.0,1187.6,1170.79,1551.0,1374.0,1235.59,1247.52,1515.42,1500.13,1287.0,1238.0,1464.0,1371.0,1570.75,1625.94
2011-09-26,1503.2222212593188,1373.6552175734805,1527.5381113238545,1361.1447850763748,1384.0,1341.0,1564.1,1381.8,1192.76,1176.19,1244.18,1264.96,1411.83,1402.23,1510.0,1359.0,1617.69,1425.56,1291.0,1284.0,1329.54,1275.47,1580.0,1376.0,1515.5,1340.5,1694.0,1480.0,,,1373.88,1327.6,1513.0,1430.0,1604.02,1485.8,1357.22,1247.14,1318.43,1180.04,1282.41,1240.14,1400.0,1290.0,1667.0,1352.0,1185.64,1166.07,1568.0,1376.0,1245.35,1249.68,1517.17,1485.81,1287.0,1238.0,1465.0,1371.0,1559.96,1611.55
2011-09-19,1517.7461972244614,1376.39147953376,1548.3330847577681,1365.2516594195524,1394.0,1344.0,1616.9,1417.2,1192.76,1176.19,1244.03,1267.84,1416.52,1407.59,1555.0,1375.0,1643.55,1438.11,1291.0,1284.0,1352.42,1275.75,1587.0,1382.0,1524.1,1339.2,1701.0,1475.0,,,1348.72,1299.0,1513.0,1430.0,1605.45,1482.81,1341.74,1231.66,1318.43,1180.04,1297.05,1247.71,1400.0,1290.0,1679.0,1356.0,1180.51,1160.88,1581.0,1374.0,1247.9,1252.24,1541.16,1493.17,1287.0,1238.0,1449.0,1331.0,1559.75,1611.13
2011-09-12,1519.8793380213187,1371.2819963964628,1545.6788658596317,1357.192035470493,1398.0,1341.0,1566.9,1361.6,1192.76,1160.24,1244.11,1264.9,1416.32,1408.49,1555.0,1375.0,1665.06,1435.44,1265.0,1257.0,1356.53,1276.84,1575.0,1371.0,1529.5,1331.5,1697.0,1446.0,,,1369.63,1318.62,1513.0,1430.0,1590.44,1464.8,1343.63,1235.21,1332.93,1169.93,1297.42,1248.06,1400.0,1290.0,1687.0,1355.0,1173.66,1156.58,1581.0,1370.0,1239.94,1224.75,1593.9,1522.72,1287.0,1238.0,1443.0,1327.0,1569.53,1620.62
2011-09-05,1498.7719453281265,1361.0364632344429,1521.9451447162355,1347.6807149109386,1385.0,1334.0,1551.1,1374.6,1192.76,1160.24,1213.7,1245.96,1396.49,1377.89,1512.0,1370.0,1660.63,1424.35,1246.0,1238.0,1354.08,1265.21,1565.0,1362.0,1508.8,1319.7,1677.0,1423.0,,,1369.29,1323.92,1513.0,1430.0,1575.39,1449.27,1328.43,1240.56,1311.47,1169.93,1270.27,1227.97,1400.0,1290.0,1663.0,1337.0,1188.39,1175.86,1562.0,1358.0,1250.16,1234.84,1580.65,1493.82,1287.0,1238.0,1452.0,1332.0,1538.33,1587.89
2011-08-29,1483.2589918531312,1347.7406170899596,1504.5058576228755,1331.179735395823,1352.0,1310.0,1538.9,1365.2,1176.81,1149.81,1215.55,1247.46,1421.59,1404.68,1498.0,1350.0,1615.93,1403.88,1246.0,1239.0,1319.35,1243.41,1557.0,1361.0,1484.8,1301.8,1668.0,1413.0,,,1395.57,1348.68,1490.0,1411.0,1567.91,1441.63,1329.05,1220.82,1287.25,1146.44,1290.0,1261.81,1430.0,1330.0,1628.0,1317.0,1202.3,1191.25,1537.0,1341.0,1240.42,1235.22,1544.59,1468.89,1287.0,1238.0,1452.0,1331.0,1518.4,1568.11
2011-08-22,1482.9140479849814,1346.85479842787,1499.1216548630575,1327.095089623373,1351.0,1308.0,1534.7,1359.7,1171.9,1144.9,1228.51,1261.18,1406.81,1388.32,1486.0,1335.0,1597.66,1382.85,1245.0,1238.0,1311.26,1239.17,1565.0,1364.0,1484.6,1302.7,1670.0,1413.0,,,1394.58,1347.79,1490.0,1411.0,1568.84,1442.67,1328.38,1219.59,1268.51,1146.44,1289.64,1261.45,1430.0,1330.0,1615.0,1310.0,1215.38,1194.07,1535.0,1340.0,1249.3,1242.41,1529.49,1475.88,1287.0,1238.0,1453.0,1333.0,1540.19,1591.54
2011-08-08,1507.2265469501958,1371.79878494756,1519.2095900071788,1349.919864398122,1378.0,1335.0,1590.3,1389.0,1195.21,1181.1,1253.56,1294.48,1450.65,1432.1,1486.0,1336.0,1622.95,1420.25,1253.0,1250.0,1337.96,1267.51,1590.0,1389.0,1521.6,1335.7,1709.0,1456.0,,,1419.78,1367.16,1490.0,1411.0,1592.74,1467.92,1359.66,1244.45,1322.87,1174.82,1310.78,1289.64,1430.0,1330.0,1656.0,1346.0,1299.62,1243.18,1577.0,1373.0,1280.57,1273.42,1509.88,1456.77,1287.0,1238.0,1464.0,1345.0,1570.18,1620.52
2011-08-01,1524.7120198158439,1388.7178681882947,1543.875837301843,1370.7822335065352,1374.0,1331.0,1643.0,1472.0,1218.53,1201.96,1251.61,1294.48,1458.44,1439.53,1547.0,1396.0,1653.67,1446.96,1255.0,1253.0,1354.34,1280.9,1594.0,1389.0,1519.9,1337.2,1714.0,1465.0,,,1451.21,1405.85,1490.0,1411.0,1597.52,1473.98,1355.18,1255.48,1330.25,1191.77,1318.2,1297.05,1430.0,1330.0,1671.0,1358.0,1321.8,1266.9,1581.0,1379.0,1287.09,1279.9,1574.33,1503.28,1287.0,1238.0,1462.0,1344.0,1547.01,1598.03
2011-07-25,1518.0117339968547,1383.740725981979,1538.9592933780548,1368.141053538194,1392.0,1345.0,1587.3,1407.6,1218.53,1201.96,1227.82,1276.74,1447.39,1430.01,1534.0,1388.0,1663.67,1457.05,1254.0,1252.0,1356.04,1282.97,1595.0,1394.0,1531.0,1347.5,1710.0,1473.0,,,1435.08,1384.74,1490.0,1411.0,1590.24,1465.31,1352.11,1253.09,1330.25,1191.77,1318.2,1290.0,1390.0,1320.0,1679.0,1365.0,1300.52,1244.79,1587.0,1383.0,1278.91,1271.77,1567.8,1503.02,1264.0,1213.0,1445.0,1333.0,1537.24,1585.89
2011-07-18,1513.3208318083584,1373.726222612532,1535.9166823041157,1358.8650241329435,1385.0,1334.0,1574.1,1395.7,1218.53,1201.96,1208.86,1259.53,1421.96,1401.19,1535.0,1363.0,1657.57,1449.7,1224.0,1232.0,1356.56,1283.63,1587.0,1384.0,1517.9,1335.7,1692.0,1479.0,,,1377.77,1330.75,1515.0,1434.0,1589.8,1464.57,1343.01,1244.78,1316.68,1179.8,1304.1,1275.91,1390.0,1320.0,1675.0,1361.0,1267.17,1212.07,1575.0,1372.0,1239.14,1234.06,1564.83,1501.07,1264.0,1213.0,1445.0,1329.0,1545.82,1596.07
2011-07-11,1492.8590415945569,1359.8031622361184,1512.7447527933834,1343.5984772320242,1368.0,1322.0,1529.0,1350.7,1183.56,1163.31,1202.25,1252.49,1425.19,1403.39,1508.0,1375.0,1643.78,1435.96,1192.0,1210.0,1332.79,1258.63,1564.0,1366.0,1484.4,1306.1,1661.0,1460.0,,,1393.81,1350.24,1532.0,1462.0,1577.14,1449.14,1319.78,1233.05,1279.23,1145.8,1290.37,1255.11,1390.0,1320.0,1649.0,1343.0,1261.81,1223.67,1544.0,1348.0,1228.87,1227.48,1546.01,1481.68,1255.0,1225.0,1446.0,1330.0,1523.5,1571.43
2011-07-04,1470.5783939399932,1339.1198530537272,1491.0693804772486,1320.8724996035642,1346.0,1316.0,1490.6,1341.5,1155.95,1147.36,1203.25,1254.26,1431.79,1405.92,1480.0,1327.0,1603.35,1399.58,1203.0,1219.0,1309.98,1242.56,1565.0,1365.0,1462.8,1285.4,1653.0,1462.0,,,1405.34,1370.5,1532.0,1462.0,1555.63,1428.62,1320.23,1231.57,1252.86,1145.8,1290.37,1248.06,1390.0,1320.0,1620.0,1316.0,1276.7,1238.78,1528.0,1340.0,1230.64,1229.25,1519.91,1477.05,1255.0,1225.0,1452.0,1333.0,1480.07,1527.48
2011-06-27,1471.4433988119445,1342.7836954054853,1487.1476709896538,1323.4216927453126,1351.0,1311.0,1556.0,1387.5,1136.93,1132.02,1217.68,1272.33,1422.18,1396.49,1479.0,1333.0,1591.58,1394.48,1218.0,1232.0,1305.57,1243.46,1573.0,1375.0,1482.1,1308.8,1667.0,1481.0,,,1399.94,1376.28,1532.0,1462.0,1506.84,1384.81,1335.01,1241.57,1282.57,1159.19,1304.1,1261.81,1410.0,1300.0,1624.0,1323.0,1261.66,1224.73,1542.0,1354.0,1231.14,1229.75,1488.1,1456.56,1264.0,1233.0,1460.82,1338.65,1515.83,1559.71
2011-06-20,1499.7160573384504,1371.676507052132,1517.6783139021923,1355.5181681623221,1374.0,1331.0,1546.2,1408.0,1165.15,1183.56,1217.6,1273.17,1443.15,1415.79,1540.0,1400.0,1626.14,1442.48,1218.0,1213.0,1323.26,1272.1,1584.0,1377.0,1503.0,1333.5,1670.0,1480.0,,,1391.98,1365.04,1532.0,1462.0,1529.36,1411.69,1333.82,1237.85,1304.05,1180.4,1304.65,1262.34,1410.0,1300.0,1644.0,1348.0,1270.84,1232.26,1554.0,1362.0,1233.56,1214.84,1524.4,1481.88,1264.0,1233.0,1459.0,1338.0,1546.63,1592.43
2011-06-13,1499.3476593273215,1367.471298119507,1513.2265311353224,1347.968236417962,1376.0,1324.0,1566.1,1360.3,1155.95,1160.24,1217.51,1248.4,1446.63,1421.76,1524.0,1411.0,1630.31,1434.57,1218.0,1203.0,1318.62,1264.03,1577.0,1371.0,1499.5,1318.4,1674.0,1475.0,,,1431.59,1387.32,1532.0,1462.0,1530.59,1403.85,1327.25,1221.57,1304.05,1150.22,1305.39,1241.89,1410.0,1300.0,1649.0,1333.0,1297.77,1254.2,1561.0,1355.0,1258.37,1239.27,1543.12,1489.41,1278.0,1221.0,1469.0,1345.0,1542.77,1587.22
2011-06-06,1504.451245069768,1358.6466421368782,1522.8105236630333,1338.688607942308,1376.0,1309.0,1566.1,1360.3,1192.76,1152.88,1217.51,1248.34,1439.51,1412.06,1535.0,1383.0,1624.28,1423.09,1219.0,1193.0,1324.36,1251.53,1583.0,1371.0,1516.4,1315.8,1689.0,1477.0,,,1445.66,1380.86,1532.0,1462.0,1535.3,1401.79,1327.59,1217.77,1327.05,1165.05,1311.52,1248.06,1410.0,1300.0,1671.0,1336.0,1293.12,1249.16,1562.0,1352.0,1273.36,1254.04,1587.28,1510.59,1278.0,1221.0,1471.0,1354.0,1523.25,1567.82
2011-05-30,1506.895582525588,1356.3801395485455,1518.276020651296,1331.4712175093543,1382.0,1312.0,1527.7,1332.5,1192.76,1152.88,1218.22,1249.74,1425.93,1395.65,1517.0,1349.0,1642.97,1400.21,1224.0,1193.0,1348.62,1260.08,1579.0,1372.0,1515.4,1314.6,1680.0,1471.0,,,1412.43,1347.68,1532.0,1462.0,1537.32,1402.98,1319.47,1210.89,1300.0,1165.05,1275.55,1247.36,1380.0,1340.0,1672.0,1333.0,1290.56,1249.63,1560.0,1345.0,1255.13,1244.46,1583.55,1505.95,1295.0,1217.0,1472.0,1354.0,1563.46,1612.43
2011-05-23,1517.1663871562187,1364.9541938860843,1534.7794750676608,1342.6965404708567,1379.0,1303.0,1569.0,1371.3,1183.56,1136.93,1218.76,1250.72,1433.02,1399.35,1570.0,1418.0,1620.15,1368.01,1230.0,1232.0,1325.49,1239.69,1589.0,1376.0,1515.2,1308.7,1688.0,1480.0,,,1416.25,1337.46,1504.0,1459.0,1538.32,1403.06,1324.5,1216.05,1300.0,1147.5,1280.14,1247.71,1380.0,1340.0,1673.0,1325.0,1288.16,1258.88,1575.0,1362.0,1256.05,1245.37,1568.06,1490.66,1295.0,1217.0,1472.0,1354.0,1564.97,1618.48
2011-05-16,1522.8422031635016,1361.371367679985,1538.6685551695118,1335.2873902810463,1406.0,1322.0,1586.1,1357.1,1183.56,1136.93,1243.51,1279.64,1445.62,1414.48,1547.0,1357.0,1648.25,1373.32,1239.0,1233.0,1345.1,1244.98,1594.0,1370.0,1540.2,1318.1,1706.0,1496.0,,,1434.83,1354.97,1504.0,1459.0,1550.81,1408.96,1345.31,1234.33,1331.11,1147.5,1297.05,1261.81,1380.0,1340.0,1690.0,1341.0,1311.96,1275.39,1600.0,1369.0,1279.21,1255.81,1585.08,1475.19,1307.0,1241.0,1483.0,1367.0,1563.31,1621.77
2011-05-09,1526.3647811860053,1374.8335200837478,1542.5252815404685,1349.1863789012484,1404.0,1337.0,1626.8,1379.4,1197.67,1173.13,1243.59,1309.75,1462.03,1430.55,1549.0,1370.0,1650.8,1374.55,1232.0,1245.0,1346.66,1241.86,1609.0,1392.1,1549.2,1345.3,1717.0,1520.0,,,1476.31,1410.35,1504.0,1459.0,1556.04,1425.32,1350.5,1250.52,1344.05,1147.5,1297.05,1261.81,1380.0,1340.0,1681.0,1347.0,1308.34,1274.44,1606.0,1386.0,1261.33,1257.71,1612.63,1535.79,1307.0,1241.0,1485.0,1371.0,1558.75,1627.06
2011-05-02,1543.067046489063,1404.3482556101997,1571.0717252192492,1387.4957054384229,1409.0,1354.0,1606.6,1403.1,1211.17,1260.25,1244.53,1282.05,1463.04,1432.43,1628.0,1450.0,1688.26,1428.11,1232.0,1245.0,1381.57,1294.0,1599.0,1390.0,1546.9,1359.6,1716.0,1523.0,,,1463.84,1424.33,1504.0,1459.0,1552.47,1456.81,1361.02,1271.49,1344.05,1193.7,1311.34,1283.14,1380.0,1340.0,1699.0,1374.0,1312.86,1282.9,1606.0,1411.0,1281.6,1288.14,1638.9,1567.21,1292.0,1254.0,1463.0,1358.0,1532.77,1602.87
2011-04-18,1547.1402530837122,1405.575560933379,1580.4848899878623,1389.5132562132853,1392.0,1358.0,1624.6,1422.4,1165.15,1193.99,1244.82,1289.72,1456.42,1436.62,1669.0,1432.0,1669.28,1435.98,1259.0,1274.0,1363.69,1302.2,1587.0,1388.8,1538.3,1371.9,1706.0,1523.0,,,1434.58,1405.63,1491.0,1439.0,1554.8,1459.77,1362.25,1277.87,1344.05,1193.7,1302.88,1293.01,1380.0,1310.0,1695.0,1382.0,1297.06,1271.52,1593.0,1417.0,1267.54,1296.8,1614.96,1565.72,1292.0,1237.0,1465.0,1360.0,1539.16,1610.71
2011-04-11,1536.082723373015,1401.1352767014314,1573.3655739479934,1387.6463996437112,1389.0,1364.0,1578.7,1379.2,1165.15,1214.85,1214.44,1264.35,1425.74,1406.06,1666.0,1432.0,1660.1,1442.86,1231.0,1274.0,1354.26,1308.42,1579.0,1381.7,1530.4,1369.8,1691.0,1511.0,,,1445.97,1416.63,1491.0,1439.0,1549.87,1456.62,1350.04,1273.24,1344.05,1209.72,1297.42,1290.37,1380.0,1310.0,1686.0,1384.0,1293.01,1267.94,1577.0,1413.0,1261.37,1290.49,1590.01,1552.29,1292.0,1237.0,1454.0,1348.0,1512.94,1588.17
2011-04-04,1519.1808257349664,1387.1850609730834,1554.3015875067672,1374.2141604188644,1362.0,1346.0,1557.5,1365.9,1155.95,1183.56,1214.44,1264.35,1397.0,1385.96,1642.0,1425.0,1644.16,1428.25,1233.0,1276.0,1336.76,1292.18,1564.0,1373.6,1545.3,1360.9,1674.0,1502.0,,,1426.16,1416.97,1491.0,1439.0,1523.01,1429.17,1328.17,1262.07,1304.18,1191.5,1276.09,1276.09,1380.0,1310.0,1653.0,1367.0,1260.68,1240.76,1563.0,1407.0,1252.48,1265.29,1583.22,1528.7,1278.0,1238.0,1439.0,1347.0,1507.53,1583.05
2011-03-28,1504.9803434582288,1384.8181666395599,1534.348800901404,1370.6881261703795,1352.0,1352.0,1514.2,1372.8,1155.95,1197.05,1214.44,1264.35,1392.13,1381.09,1616.0,1415.0,1626.57,1428.11,1233.0,1282.0,1330.56,1287.45,1557.0,1374.5,1501.9,1360.6,1659.0,1499.0,,,1409.11,1414.83,1445.0,1384.0,1521.36,1428.57,1296.27,1237.58,1269.53,1197.6,1262.34,1283.5,1340.0,1280.0,1622.0,1360.0,1258.79,1243.69,1547.0,1408.0,1258.51,1271.38,1574.74,1531.28,1278.0,1238.0,1438.0,1349.0,1507.96,1583.13
2011-03-21,1498.7895169907633,1386.8922299593169,1525.5269975122965,1372.6738397890213,1342.0,1345.0,1524.2,1369.8,1141.83,1197.05,1214.99,1264.35,1400.4,1385.45,1593.0,1424.0,1603.84,1430.85,1249.0,1301.0,1305.06,1293.31,1564.0,1379.4,1496.9,1359.4,1673.0,1500.0,,,1389.38,1394.52,1445.0,1384.0,1527.15,1425.26,1302.21,1244.09,1269.53,1197.6,1262.52,1283.68,1340.0,1280.0,1617.0,1363.0,1243.17,1227.11,1547.0,1409.0,1243.39,1256.11,1525.74,1543.72,1279.0,1237.0,1428.0,1346.0,1527.0,1600.7
2011-03-14,1515.1990333244196,1387.9881486725249,1546.5245383355038,1375.826797955423,1361.0,1351.0,1605.2,1419.4,1183.56,1197.05,1214.44,1261.48,1408.45,1390.78,1627.0,1418.0,1631.72,1433.28,1248.0,1302.0,1324.55,1292.37,1572.0,1386.3,1517.9,1370.2,1675.0,1493.0,,,1380.24,1370.84,1445.0,1384.0,1531.48,1422.61,1332.98,1248.16,1311.31,1197.6,1266.63,1273.71,1340.0,1280.0,1648.0,1373.0,1239.44,1214.56,1558.0,1406.0,1231.12,1249.94,1581.36,1554.21,1279.0,1237.0,1421.0,1332.0,1526.46,1596.59
2011-03-07,1484.8024259388637,1377.273204453583,1502.5694887883794,1363.235718139304,1354.0,1345.0,1515.2,1338.8,1201.96,1217.3,1214.23,1238.26,1411.33,1385.7,1511.0,1411.0,1629.3,1433.51,1242.0,1284.0,1321.77,1289.1,1572.0,1370.2,1506.7,1351.3,1660.0,1471.0,,,1369.47,1357.99,1445.0,1384.0,1524.87,1416.67,1317.09,1233.2,1282.77,1197.6,1257.61,1264.69,1340.0,1280.0,1647.0,1365.0,1239.09,1220.68,1549.0,1394.0,1203.19,1218.7,1569.49,1542.45,1279.0,1237.0,1397.0,1302.0,1524.76,1589.99
2011-02-28,1470.7268613338902,1357.5090922237564,1485.607525319542,1341.3024200489792,1330.0,1312.0,1516.0,1340.9,1178.65,1181.1,1177.43,1197.56,1382.75,1360.08,1494.0,1389.0,1605.33,1398.8,1212.0,1279.0,1308.9,1267.06,1528.0,1338.1,1491.5,1328.7,1637.0,1449.0,,,1355.7,1342.9,1445.0,1384.0,1507.97,1392.09,1295.23,1210.02,1270.0,1148.39,1234.92,1256.21,1340.0,1280.0,1633.0,1344.0,1223.44,1201.4,1514.0,1366.0,1188.73,1208.13,1575.85,1542.68,1279.0,1237.0,1395.0,1284.0,1521.17,1583.68
2011-02-21,1447.504392186354,1336.4017637096247,1455.7171675547127,1317.175572419161,1299.0,1288.0,1488.2,1306.7,1146.74,1160.24,1177.42,1188.94,1359.47,1342.87,1454.0,1360.0,1565.33,1377.54,1213.0,1279.0,1284.73,1247.6,1518.0,1330.1,1464.4,1308.9,1620.0,1438.0,,,1336.14,1335.81,1425.0,1350.0,1474.65,1358.03,1266.57,1187.49,1253.39,1148.39,1214.32,1237.04,1310.0,1210.0,1604.0,1318.0,1212.46,1176.18,1497.0,1355.0,1160.62,1185.28,1521.34,1493.95,1279.0,1237.0,1397.0,1283.0,1530.2,1590.98
2011-02-14,1446.3280207621435,1333.6124116079175,1453.7769927030843,1314.6986584968217,1296.0,1280.0,1498.8,1318.4,1132.63,1144.9,1181.05,1188.94,1375.66,1352.14,1466.0,1379.0,1542.22,1361.17,1204.0,1259.0,1271.24,1236.52,1506.0,1319.1,1457.4,1299.9,1611.0,1427.0,,,1334.69,1315.36,1425.0,1350.0,1466.05,1347.68,1263.5,1180.38,1236.16,1131.81,1202.89,1214.22,1310.0,1210.0,1588.0,1313.0,1211.01,1170.95,1488.0,1344.0,1156.19,1163.33,1522.35,1506.36,1279.0,1237.0,1395.0,1285.0,1532.44,1591.83
2011-02-07,1440.8914292556226,1324.634835424252,1445.0510128954802,1301.8794429902448,1286.0,1265.0,1494.0,1302.2,1123.43,1144.9,1188.7,1188.94,1381.01,1355.46,1442.0,1340.0,1537.31,1365.6,1202.0,1248.0,1270.75,1234.42,1496.55,1321.1,1458.3,1292.3,1609.0,1419.0,,,1345.45,1333.59,1425.0,1350.0,1465.98,1346.85,1265.71,1175.96,1236.16,1115.72,1210.26,1214.54,1310.0,1210.0,1584.0,1299.0,1235.35,1188.09,1486.0,1334.0,1153.48,1158.87,1502.56,1486.66,1279.0,1237.0,1409.0,1285.0,1531.02,1588.59
2011-01-31,1431.3273705278664,1303.7401673389454,1443.4481539688911,1283.7394779039194,1277.0,1252.0,1470.9,1291.0,1114.22,1113.61,1188.62,1188.94,1377.91,1351.73,1444.0,1306.0,1523.93,1322.71,1202.0,1239.0,1258.51,1204.89,1509.0,1310.0,1455.0,1278.7,1619.0,1419.0,,,1336.83,1317.49,1425.0,1350.0,1465.82,1345.89,1254.4,1150.32,1233.29,1098.16,1194.88,1201.99,1310.0,1210.0,1573.0,1285.0,1220.54,1170.67,1489.0,1308.0,1151.21,1146.64,1480.77,1442.43,1279.0,1237.0,1395.0,1285.0,1493.18,1547.85
2011-01-24,1444.0191109177122,1311.1989166671037,1455.2533049428882,1289.0863806497457,1293.0,1264.0,1479.2,1281.4,1144.29,1124.04,1173.69,1172.48,1384.74,1359.68,1468.0,1317.0,1536.29,1332.35,1208.0,1241.0,1271.22,1210.38,1493.53,1293.01,1464.8,1286.7,1635.0,1425.0,,,1347.53,1319.01,1338.0,1283.0,1470.51,1349.45,1257.34,1159.38,1249.47,1115.85,1220.48,1220.48,1310.0,1210.0,1595.0,1296.0,1247.06,1195.26,1503.0,1316.0,1158.03,1148.69,1488.89,1450.91,1279.0,1237.0,1391.0,1282.0,1507.19,1561.73
2011-01-17,1455.3061269481434,1317.1358704160793,1464.6824672656783,1293.5002452536987,1294.0,1282.0,1519.8,1320.3,1165.15,1142.45,1158.8,1158.62,1382.95,1347.2,1490.0,1330.0,1557.05,1354.36,1221.0,1244.0,1285.6,1217.31,1522.12,1302.84,1466.8,1284.5,1620.0,1409.0,,,1333.33,1297.41,1338.0,1283.0,1465.6,1340.35,1265.78,1161.37,1249.47,1129.63,1222.4,1215.27,1310.0,1210.0,1609.69,1300.98,1253.13,1201.42,1502.0,1313.0,1165.76,1147.76,1506.28,1468.15,1279.0,1237.0,1376.0,1261.0,1529.39,1582.65
2011-01-10,1442.5070259933682,1296.7727908804352,1448.260557074305,1269.180811375341,1294.0,1250.0,1492.4,1262.2,1111.77,1085.39,1154.13,1153.09,1357.03,1323.35,1477.0,1309.0,1557.17,1330.31,1170.0,1188.0,1265.11,1193.97,1519.94,1284.17,1443.2,1260.8,1605.0,1398.0,,,1295.05,1260.26,1317.0,1261.0,1444.69,1318.27,1265.05,1163.73,1219.83,1077.14,1220.38,1198.97,1310.0,1210.0,1593.45,1280.06,1249.84,1198.47,1486.0,1293.0,1169.04,1151.46,1488.71,1446.11,1263.0,1233.0,1372.0,1247.0,1531.59,1582.06
2011-01-03,1420.1393677022409,1280.335277295616,1438.969266780292,1261.5521668518875,1278.0,1225.0,1482.5,1246.8,1123.43,1103.18,1129.72,1128.29,1341.44,1306.76,1469.0,1312.0,1522.86,1313.55,1194.0,1213.0,1256.78,1187.03,1493.03,1267.85,1433.1,1247.4,1593.0,1391.0,,,1304.87,1270.6,1317.0,1261.0,1437.5,1312.12,1259.95,1141.32,1235.83,1088.59,1190.48,1176.39,1310.0,1210.0,1584.54,1269.48,1215.83,1163.27,1480.0,1277.0,1168.41,1150.28,1485.96,1443.44,1263.0,1233.0,1320.0,1203.0,1449.56,1499.02
2010-12-20,1407.1639508395006,1263.0380056423817,1426.9503096805502,1244.3036225593223,1241.0,1184.0,1460.7,1239.9,1089.07,1066.37,1128.75,1127.53,1307.74,1270.77,1470.0,1313.0,1504.72,1298.0,1185.43,1201.41,1235.29,1166.12,1476.07,1223.62,1412.2,1219.3,1575.0,1368.0,,,1310.78,1264.73,1317.0,1261.0,1417.72,1292.5,1246.44,1120.51,1231.77,1056.0,1131.94,1131.94,1270.0,1150.0,1565.0,1299.0,1199.77,1149.23,1444.0,1227.0,1142.49,1119.94,1466.73,1386.6,1262.0,1216.0,1305.0,1188.0,1445.39,1495.18
2010-12-13,1402.3156569900925,1256.0072487026778,1423.3083407013487,1238.6041442249973,1263.0,1198.0,1463.8,1220.5,1089.07,1066.37,1098.08,1098.07,1312.78,1275.67,1457.0,1290.0,1513.18,1294.52,1169.2,1185.31,1241.99,1164.93,1483.64,1186.61,1409.6,1220.3,1573.0,1364.0,,,1279.61,1233.7,1317.0,1261.0,1419.32,1295.23,1239.67,1109.32,1231.77,1056.0,1141.65,1141.65,1270.0,1150.0,1564.0,1299.0,1180.89,1128.1,1441.0,1224.0,1142.22,1112.2,1451.94,1362.28,1238.0,1193.0,1288.0,1170.0,1442.16,1490.67
2010-12-06,1388.5776194789712,1238.152107961278,1411.8661617884634,1221.3012938803283,1245.0,1179.0,1432.9,1203.4,1089.07,1066.37,1087.36,1087.44,1274.01,1245.26,1447.0,1273.0,1516.27,1285.47,1136.6,1158.85,1230.21,1147.41,1490.87,1217.06,1394.7,1202.3,1544.0,1341.0,,,1241.89,1203.92,1317.0,1261.0,1412.07,1285.61,1222.85,1094.04,1199.11,1056.0,1131.3,1131.3,1270.0,1150.0,1555.0,1225.0,1153.77,1102.02,1421.0,1208.0,1118.48,1094.0,1457.5,1356.53,1238.0,1193.0,1271.0,1149.0,1422.83,1470.94
2010-11-29,1363.3156641164728,1217.654835637882,1384.9791643908309,1200.661847379105,1215.0,1152.0,1403.2,1205.6,1034.46,1023.42,1090.78,1089.75,1276.6,1249.98,1416.0,1248.0,1475.66,1256.99,1122.8,1142.74,1207.9,1129.23,1460.1,1196.37,1365.4,1180.3,1520.0,1326.0,,,1222.38,1183.59,1317.0,1261.0,1384.92,1260.41,1180.1,1055.79,1174.33,1005.14,1103.44,1110.48,1220.0,1120.0,1529.0,1211.0,1123.63,1073.23,1392.0,1188.0,1104.04,1084.86,1396.89,1313.38,1229.0,1192.0,1262.0,1145.0,1412.42,1459.72
2010-11-22,1349.2164822814666,1208.4844821035847,1368.8111102639366,1190.0827621176363,1201.0,1142.0,1386.4,1172.7,1034.46,1023.42,1094.8,1094.48,1286.61,1260.28,1389.0,1232.0,1440.43,1228.52,1123.18,1147.34,1190.57,1116.8,1431.0,1174.0,1361.7,1180.6,1522.0,1328.0,,,1262.9,1215.22,1311.0,1250.0,1377.11,1248.88,1163.37,1041.52,1174.33,1022.08,1103.91,1110.95,1220.0,1120.0,1499.0,1183.0,1153.28,1100.41,1385.0,1191.0,1088.78,1079.75,1361.67,1295.62,1229.0,1192.0,1271.0,1146.0,1391.85,1435.78
2010-11-15,1352.4527545652422,1211.554579846685,1372.4440988825704,1194.2588050489633,1204.0,1141.0,1398.3,1178.8,1034.46,1023.42,1079.39,1078.74,1274.29,1242.09,1399.0,1236.0,1458.26,1254.34,1117.43,1140.82,1196.82,1133.27,1439.2,1171.6,1354.8,1177.3,1507.0,1313.0,,,1222.57,1179.58,1311.0,1250.0,1381.46,1255.91,1156.07,1035.39,1156.77,1022.08,1097.01,1104.06,1220.0,1120.0,1507.0,1194.0,1145.55,1092.37,1379.0,1183.0,1079.13,1070.56,1374.75,1297.9,1214.0,1172.0,1262.0,1134.0,1401.07,1444.82
2010-11-08,1342.6191391875477,1200.102736855306,1365.22743603192,1183.6769315375493,1190.0,1125.0,1398.3,1178.8,1020.35,1000.1,1076.03,1075.45,1276.79,1241.99,1403.0,1246.0,1430.2,1231.64,1105.67,1127.4,1171.72,1103.32,1416.15,1146.88,1355.7,1174.2,1502.0,1308.0,,,1232.6,1184.99,1311.0,1250.0,1363.98,1233.93,1167.52,1022.99,1139.97,1000.42,1089.81,1086.99,1220.0,1120.0,1487.0,1169.0,1151.99,1097.39,1367.0,1167.0,1080.77,1072.19,1353.56,1276.09,1214.0,1172.0,1268.0,1138.0,1375.58,1416.39
2010-10-25,1334.8165879464402,1191.471508122573,1366.4837832908388,1179.3591272050924,1192.0,1120.0,1420.5,1176.2,1020.35,992.74,1077.89,1077.68,1287.92,1249.2,1409.0,1240.0,1415.95,1212.14,1105.93,1118.07,1173.46,1095.55,1407.24,1134.6,1359.1,1177.0,1509.0,1310.0,,,1250.24,1187.02,1316.0,1244.0,1351.57,1223.7,1161.97,1084.38,1159.82,1010.24,1089.5,1083.86,1190.0,1080.0,1489.0,1169.0,1149.66,1098.53,1368.0,1165.0,1085.71,1077.09,1367.54,1289.27,1228.0,1180.0,1256.0,1126.0,1319.13,1357.62
2010-10-18,1331.8320507830406,1187.839409312667,1357.6739695384497,1172.7607481373352,1198.0,1126.0,1405.2,1188.0,1029.55,985.38,1077.68,1077.13,1284.44,1252.04,1378.0,1206.0,1429.43,1220.25,1106.18,1118.58,1175.63,1096.1,1447.1,1154.0,1354.4,1169.2,1503.0,1309.0,,,1220.9,1184.26,1316.0,1244.0,1358.83,1229.15,1179.26,1033.86,1159.82,1010.24,1085.73,1084.32,1190.0,1080.0,1489.0,1169.0,1143.37,1091.37,1367.0,1166.0,1088.17,1080.46,1359.95,1277.04,1211.0,1175.0,1253.0,1124.0,1340.85,1378.79
2010-10-11,1326.847464983583,1186.6856058061298,1352.1244506210367,1172.414297561267,1193.0,1124.0,1391.9,1185.9,1015.44,985.38,1058.6,1055.42,1272.92,1241.55,1379.0,1213.0,1422.69,1218.87,1104.9,1104.78,1172.85,1103.01,1444.24,1154.0,1336.5,1161.2,1485.0,1304.0,,,1231.97,1194.81,1316.0,1244.0,1354.47,1223.72,1179.11,1028.94,1146.64,1010.24,1087.45,1084.63,1190.0,1080.0,1474.0,1169.0,1138.49,1087.49,1359.0,1161.0,1085.83,1081.37,1362.24,1289.97,1211.0,1175.0,1252.0,1124.0,1335.27,1369.47
2010-10-04,1317.2106996406483,1177.7115072290849,1337.467804834211,1160.476507148678,1177.0,1111.0,1378.9,1159.9,1003.78,966.97,1067.45,1062.43,1282.32,1248.19,1358.0,1210.0,1405.94,1219.46,1105.67,1105.42,1152.76,1090.73,1427.25,1154.0,1314.7,1139.5,1482.0,1301.0,,,1250.87,1202.97,1316.0,1244.0,1344.06,1211.67,1164.85,1010.54,1129.24,988.14,1075.86,1075.86,1190.0,1080.0,1471.0,1161.0,1136.44,1083.25,1350.0,1156.0,1083.51,1079.07,1345.27,1283.58,1211.0,1175.0,1257.0,1125.0,1340.26,1374.42
2010-09-27,1317.2122408042733,1175.8593655226748,1332.772774076912,1155.9171602872632,1186.0,1115.0,1379.4,1163.8,1003.78,966.97,1077.74,1075.25,1287.18,1248.88,1333.0,1178.0,1395.92,1208.01,1104.52,1103.75,1155.14,1089.5,1416.66,1141.72,1323.8,1145.4,1499.0,1306.0,,,1252.7,1194.87,1324.0,1251.0,1347.96,1215.9,1173.07,1018.98,1129.24,988.14,1089.35,1072.44,1200.0,1060.0,1473.0,1155.0,1143.88,1090.97,1364.0,1161.0,1091.92,1087.44,1339.0,1271.4,1211.0,1175.0,1259.0,1124.0,1356.94,1388.83
2010-09-20,1335.9841141099064,1185.8530492036266,1356.0048920800953,1167.2863138233092,1200.0,1121.0,1415.6,1179.4,1032.01,990.29,1075.83,1073.48,1281.7,1243.57,1371.0,1198.0,1417.94,1221.9,1104.39,1103.63,1179.38,1099.43,1431.32,1127.15,1340.5,1154.3,1502.0,1305.0,,,1232.33,1175.29,1324.0,1251.0,1364.74,1227.79,1178.88,1026.47,1153.58,1010.78,1090.11,1073.19,1200.0,1060.0,1499.0,1169.0,1144.8,1086.8,1373.0,1166.0,1093.72,1080.64,1354.33,1281.32,1202.0,1166.0,1246.0,1122.0,1372.6,1404.26
2010-09-13,1339.1593865719522,1181.7280791180601,1357.6863280530429,1161.9245627215541,1199.0,1122.0,1388.0,1152.6,1038.76,990.29,1058.73,1057.08,1275.41,1235.73,1389.0,1200.0,1446.3,1234.12,1104.65,1104.01,1169.46,1092.78,1449.99,1136.73,1327.3,1143.6,1489.0,1295.0,,,1203.48,1146.91,1324.0,1251.0,1359.13,1222.45,1187.63,1027.88,1153.58,1010.78,1076.47,1062.36,1200.0,1060.0,1497.0,1167.0,1140.59,1081.43,1370.0,1163.0,1081.25,1064.59,1391.55,1296.82,1202.0,1166.0,1250.0,1125.0,1379.42,1409.7
2010-09-06,1327.300284423754,1173.9119337207417,1347.0903093385589,1155.2220019574752,1190.0,1114.0,1383.8,1167.2,1038.76,990.29,1058.73,1057.08,1271.14,1235.96,1374.0,1192.0,1424.95,1208.72,1092.38,1092.25,1163.25,1088.41,1458.06,1140.43,1317.3,1138.0,1482.0,1291.0,,,1188.47,1142.68,1324.0,1251.0,1349.91,1208.93,1177.1,1016.02,1137.05,987.72,1075.71,1061.61,1200.0,1060.0,1477.0,1149.0,1145.09,1078.48,1361.0,1156.0,1054.63,1053.49,1347.12,1264.34,1196.0,1169.0,1250.0,1125.0,1367.03,1396.81
2010-08-30,1330.8048069534254,1174.2352316261913,1344.3784299735964,1151.2318912336332,1182.0,1111.0,1399.0,1176.0,1029.55,974.95,1058.7,1057.01,1270.32,1234.44,1372.0,1186.0,1418.06,1213.94,1090.84,1090.72,1156.54,1085.78,1431.32,1122.44,1312.6,1129.4,1486.0,1286.0,,,1180.43,1140.77,1324.0,1251.0,1350.36,1207.52,1169.68,1011.43,1137.05,987.72,1069.56,1055.45,1220.0,1060.0,1469.0,1143.0,1128.98,1062.65,1361.0,1160.0,1058.91,1063.59,1334.8,1268.75,1196.0,1169.0,1250.0,1123.0,1408.24,1437.49
2010-08-23,1340.8183566983064,1178.6421782109867,1356.7176244878497,1155.8961783645373,1185.0,1112.0,1397.0,1173.0,1029.55,974.95,1070.61,1063.23,1278.57,1240.56,1395.0,1207.0,1426.96,1206.81,1107.11,1107.08,1152.15,1075.21,1431.32,1116.38,1323.7,1136.9,1497.0,1274.0,,,1206.64,1160.06,1334.0,1252.0,1359.69,1210.96,1180.59,1021.27,1137.05,987.72,1083.98,1064.22,1220.0,1060.0,1479.0,1149.0,1133.97,1065.56,1369.0,1165.0,1061.57,1066.26,1323.19,1257.19,1216.0,1176.0,1262.0,1131.0,1415.63,1443.26
2010-08-16,1338.8957280333204,1178.7279953751054,1352.6155725787723,1154.7938250431955,1194.0,1115.0,1409.0,1170.0,1029.55,990.29,1083.49,1072.44,1281.17,1241.62,1364.0,1173.0,1436.28,1214.8,1106.15,1108.36,1167.26,1091.8,1446.54,1163.99,1336.5,1145.0,1505.0,1248.0,,,1219.47,1169.55,1334.0,1252.0,1365.94,1212.66,1191.09,1031.53,1151.84,987.72,1091.04,1064.22,1220.0,1060.0,1485.0,1155.0,1139.27,1070.9,1382.0,1171.0,1062.84,1072.87,1319.74,1243.9,1216.0,1176.0,1269.0,1135.0,1416.84,1446.68
2010-08-09,1347.2002256823287,1186.0366583764674,1366.094964633399,1165.2824902211132,1198.0,1117.0,1415.0,1190.0,1029.55,990.29,1066.6,1052.96,1290.78,1249.88,1399.0,1203.0,1450.83,1228.04,1091.1,1084.71,1175.8,1100.64,1472.78,1182.83,1336.2,1150.5,1504.0,1247.0,,,1223.27,1162.09,1334.0,1252.0,1366.78,1214.2,1185.98,1027.28,1151.84,1001.67,1093.24,1065.03,1220.0,1060.0,1489.0,1157.0,1149.6,1079.77,1376.0,1170.0,1060.13,1063.99,1349.8,1267.83,1216.0,1164.0,1268.0,1132.0,1401.08,1432.37
2010-08-02,1342.7935562482708,1173.8280977438455,1356.7389089607175,1148.4801585132354,1191.0,1103.0,1408.0,1164.0,1011.15,969.42,1066.6,1052.96,1303.69,1262.36,1384.0,1188.0,1442.82,1203.91,1096.08,1089.5,1167.76,1079.66,1465.71,1160.46,1307.4,1121.0,1516.0,1263.0,,,1213.11,1152.57,1333.0,1249.0,1362.8,1210.47,1183.5,1025.72,1151.84,975.58,1100.92,1075.51,1220.0,1060.0,1489.0,1145.0,1155.43,1084.48,1367.0,1160.0,1044.62,1056.22,1359.41,1262.16,1216.0,1164.0,1268.0,1132.0,1410.52,1441.02
2010-07-26,1341.7444772576207,1172.4905304010667,1359.9768001098703,1149.887913916319,1196.0,1108.0,1383.0,1147.0,1011.15,969.42,1072.39,1055.96,1287.24,1246.37,1397.0,1196.0,1451.84,1215.68,1097.11,1091.48,1165.49,1076.85,1465.71,1160.46,1327.3,1131.4,1499.0,1265.0,,,1188.53,1129.36,1333.0,1249.0,1355.44,1201.61,1184.71,1027.28,1151.84,989.22,1100.45,1075.06,1220.0,1060.0,1485.0,1143.0,1147.62,1077.74,1368.0,1160.0,1063.01,1052.93,1346.17,1250.24,1217.0,1162.0,1270.0,1132.0,1397.83,1426.73
2010-07-19,1335.1374234424459,1171.5736043107365,1358.3537337445007,1153.3699199190455,1202.0,1110.0,1449.0,1203.0,1011.15,969.42,1087.11,1064.89,1276.69,1235.79,1382.0,1188.0,1431.66,1200.87,1097.75,1091.99,1165.3,1076.08,1446.54,1151.71,1328.8,1136.6,1504.0,1293.0,,,1187.66,1131.34,1333.0,1249.0,1365.56,1207.36,1192.82,1039.9,1151.84,989.22,1100.45,1075.06,1220.0,1060.0,1487.0,1149.0,1126.85,1060.98,1368.0,1161.0,1074.53,1048.82,1324.07,1239.09,1217.0,1162.0,1271.0,1129.0,1377.45,1405.63
2010-07-12,1345.4505960260153,1178.754486111715,1362.209595644494,1155.6100244728261,1188.0,1103.0,1449.0,1203.0,1029.55,990.29,1090.15,1069.02,1286.95,1245.65,1386.0,1194.0,1439.26,1208.55,1097.75,1091.87,1166.76,1076.97,1457.47,1163.99,1332.7,1135.1,1509.0,1310.0,,,1230.94,1172.92,1333.0,1249.0,1372.37,1212.09,1201.47,1054.17,1151.84,970.31,1100.61,1075.21,1220.0,1060.0,1489.0,1149.0,1150.36,1082.9,1382.0,1167.0,1086.04,1055.49,1345.18,1264.81,1223.0,1187.0,1275.0,1133.0,1403.72,1432.29
2010-07-05,1350.6251482731075,1187.2847169272927,1367.2424051346827,1165.399720843541,1205.0,1118.0,1421.0,1196.0,1029.55,990.29,1097.22,1085.05,1278.2,1238.49,1383.0,1184.0,1438.68,1203.82,1121.52,1121.01,1179.13,1094.34,1446.54,1151.71,1356.9,1161.8,1518.0,1320.0,,,1209.55,1160.67,1333.0,1249.0,1377.65,1219.59,1204.18,1055.08,1178.72,1006.94,1099.68,1074.3,1220.0,1060.0,1497.0,1161.0,1133.81,1067.9,1401.0,1182.0,1104.5,1080.46,1325.07,1235.48,1223.0,1187.0,1280.0,1136.0,1424.88,1455.43
2010-06-28,1366.5713227960753,1205.4528105393058,1386.5259975137178,1186.9601329993698,1211.0,1132.0,1428.0,1203.0,1047.96,1011.15,1095.34,1083.73,1270.3,1230.84,1432.0,1242.0,1457.49,1239.87,1124.08,1104.52,1167.7,1094.8,1430.69,1148.21,1366.2,1178.5,1500.0,1304.0,,,1214.35,1165.94,1333.0,1249.0,1395.7,1247.92,1210.43,1058.86,1178.72,1029.17,1100.45,1075.06,1220.0,1040.0,1515.0,1181.0,1139.59,1074.0,1396.0,1181.0,1040.93,1017.04,1367.38,1287.87,1213.0,1170.0,1278.0,1134.0,1437.52,1468.05
2010-06-21,1363.379110638175,1202.4483219194694,1384.5585583627046,1184.4812983410548,1217.0,1132.0,1453.0,1205.0,1047.96,1011.15,1082.45,1068.26,1264.91,1222.79,1425.0,1232.0,1479.8,1259.37,1124.08,1101.39,1175.99,1099.61,1444.59,1159.06,1362.7,1170.6,1495.0,1294.0,,,1237.33,1177.2,1333.0,1249.0,1391.59,1251.71,1211.5,1054.66,1178.72,1009.85,1101.23,1075.82,1220.0,1040.0,1519.0,1187.0,1158.0,1083.46,1392.0,1174.0,1067.74,1036.25,1373.22,1293.37,1213.0,1170.0,1265.0,1120.0,1412.32,1443.33
2010-06-14,1359.7609409568513,1194.5036674057087,1380.245484858307,1176.2833387548108,1210.0,1125.0,1442.0,1187.0,1034.46,998.26,1014.29,955.39,1272.07,1228.18,1431.0,1233.0,1477.65,1250.42,1123.44,1100.88,1165.92,1088.22,1473.69,1179.91,1350.6,1159.8,1489.0,1287.0,,,1225.77,1161.82,1340.0,1254.0,1376.18,1239.59,1199.65,1039.19,1167.31,1000.11,1095.25,1074.05,1220.0,1040.0,1509.0,1175.0,1135.88,1062.3,1383.0,1170.0,1059.24,1023.03,1366.15,1281.49,1192.0,1143.0,1266.0,1120.0,1418.7,1446.88
2010-06-07,1355.959883725952,1187.1494167417575,1375.3703460894665,1168.4421464398204,1202.0,1116.0,1449.0,1195.0,1017.9,979.85,1014.29,957.35,1245.73,1197.31,1425.0,1226.0,1469.54,1232.91,1117.05,1100.88,1164.47,1078.14,1430.3,1129.96,1346.2,1152.7,1485.0,1284.0,,,1183.61,1121.19,1340.0,1254.0,1372.18,1229.93,1188.64,1022.3,1167.31,1000.11,1094.17,1065.93,1220.0,1040.0,1511.0,1169.0,1120.16,1048.36,1372.0,1157.0,1047.77,1005.62,1349.94,1262.84,1192.0,1143.0,1272.0,1119.0,1433.48,1460.07
2010-05-31,1347.3787515076067,1177.8618593597455,1368.4827961711176,1158.4604294235307,1203.0,1116.0,1411.0,1134.0,1017.9,979.85,1014.0,966.47,1266.85,1216.94,1420.0,1226.0,1455.74,1224.54,1142.36,1119.41,1152.88,1066.01,1426.43,1127.6,1346.8,1144.6,1493.0,1288.0,,,1227.25,1162.11,1320.0,1230.0,1359.33,1216.1,1181.14,1009.24,1143.32,974.92,1093.09,1064.88,1220.0,1040.0,1495.0,1157.0,1144.62,1070.33,1374.0,1154.0,1060.6,1017.81,1342.62,1255.33,1215.0,1166.0,1273.0,1120.0,1396.87,1422.95
2010-05-24,1340.3444621733327,1175.6283703257848,1360.5043576571225,1157.0531630070655,1205.0,1117.0,1463.0,1187.0,1038.76,995.81,1014.55,977.16,1263.6,1213.53,1373.0,1172.0,1425.67,1191.87,1142.36,1119.73,1159.03,1070.58,1412.85,1113.89,1368.4,1163.4,1520.0,1306.0,,,1236.97,1172.09,1320.0,1230.0,1372.59,1227.12,1199.5,1018.59,1194.91,1002.38,1099.8,1071.53,1220.0,1040.0,1487.0,1147.0,1145.32,1071.69,1395.0,1168.0,1063.84,1020.57,1313.8,1228.05,1215.0,1166.0,1279.0,1128.0,1393.18,1416.39
2010-05-17,1366.2650289272433,1198.4622300991816,1386.9965964421792,1181.066037034688,1223.0,1133.0,1463.0,1187.0,1038.76,995.81,1038.55,977.16,1272.26,1221.17,1417.0,1224.0,1482.43,1251.26,1142.1,1119.6,1181.7,1095.08,1463.81,1166.37,1373.0,1172.8,1524.0,1307.0,,,1238.07,1171.02,1320.0,1230.0,1394.59,1251.03,1213.92,1033.15,1194.91,1002.38,1119.59,1088.49,1220.0,1040.0,1525.0,1181.0,1165.57,1088.94,1403.0,1173.0,1067.69,1022.85,1366.17,1273.49,1215.0,1161.0,1279.0,1127.0,1418.1,1435.98
2010-05-10,1367.0194547859826,1198.645366591908,1392.6939722642703,1185.0374444675715,1232.0,1138.0,1472.0,1193.0,1038.76,1003.17,1038.55,977.16,1273.37,1221.54,1427.0,1227.0,1471.4,1246.99,1141.46,1119.41,1189.34,1102.88,1448.0,1154.6,1378.7,1182.8,1528.0,1306.0,,,1250.71,1177.99,1320.0,1230.0,1399.64,1245.73,1214.88,1042.72,1202.48,1035.37,1119.59,1088.49,1220.0,1040.0,1523.0,1181.0,1150.45,1063.8,1406.0,1173.0,1072.66,1021.14,1364.84,1270.89,1215.0,1161.0,1279.0,1127.0,1403.97,1421.41
2010-05-03,1372.685831766999,1201.9496662124582,1398.7188171571186,1187.2760369562222,1235.0,1139.0,1472.0,1193.0,1053.48,1012.99,1039.65,977.9,1264.22,1207.47,1456.0,1257.0,1487.4,1254.95,1144.66,1122.29,1189.76,1100.02,1448.0,1160.15,1376.4,1171.2,1450.0,1256.0,,,1259.0,1170.32,1320.0,1230.0,1404.64,1247.62,1203.38,1034.64,1202.48,1021.59,1120.07,1081.88,1220.0,1040.0,1531.0,1181.0,1183.86,1096.27,1404.0,1171.0,1080.48,1025.67,1386.13,1301.84,1211.0,1151.0,1258.0,1104.0,1396.13,1413.39
2010-04-26,1368.3142845124125,1188.8477629428874,1390.2742078025385,1170.2487480288316,1218.0,1124.0,1412.0,1149.0,1046.73,1002.56,1039.27,978.57,1263.7,1205.43,1437.0,1235.0,1478.1,1237.57,1144.91,1123.25,1175.68,1081.44,1448.0,1144.0,1373.0,1160.0,1446.0,1246.0,,,1281.5,1190.88,1320.0,1230.0,1389.67,1230.4,1193.74,1021.87,1182.04,1000.93,1109.23,1080.97,1200.0,1030.0,1589.0,1167.0,1178.97,1087.71,1398.0,1168.0,1078.8,1019.96,1392.14,1297.03,1211.0,1151.0,1260.0,1105.0,1402.91,1418.24
2010-04-19,1355.7195010261235,1181.0614189310133,1382.6643176867274,1166.8843166845534,1225.0,1129.0,1459.0,1171.0,1046.73,1002.56,1027.67,956.17,1274.57,1217.03,1430.0,1227.0,1473.93,1241.48,1144.66,1124.4,1177.75,1077.91,1430.78,1146.73,1370.0,1157.8,1450.0,1245.0,,,1271.54,1182.22,1278.0,1184.0,1392.12,1223.21,1188.61,1014.76,1182.04,1017.7,1122.88,1094.63,1200.0,1030.0,1518.0,1168.0,1176.76,1069.66,1404.0,1170.0,1068.42,1010.15,1352.86,1269.33,1204.0,1125.0,1257.0,1103.0,1369.17,1382.66
2010-04-12,1352.9170420919143,1177.5806990124372,1381.2435812045426,1164.64394184121,1224.0,1126.0,1477.0,1164.0,1046.73,1002.56,1024.78,949.81,1266.4,1193.6,1420.0,1210.5,1473.87,1234.72,1132.0,1098.64,1185.12,1087.01,1432.29,1148.58,1383.9,1162.1,1442.0,1230.0,,,1271.87,1182.24,1278.0,1184.0,1392.62,1219.94,1184.63,1011.36,1198.92,1017.7,1111.11,1082.8,1200.0,1030.0,1518.0,1167.0,1172.12,1063.24,1402.0,1166.0,1073.89,1015.99,1356.45,1263.08,1204.0,1125.0,1245.0,1091.0,1359.12,1372.39
2010-03-29,1339.8156741130426,1152.3946656656383,1379.872962439128,1143.6061793750557,1207.0,1106.0,1413.0,1116.0,1018.51,958.38,1010.42,935.56,1239.03,1164.42,1450.25,1226.0,1466.02,1205.34,1123.18,1098.32,1169.07,1053.13,1423.04,1116.29,1357.5,1124.8,1431.0,1215.0,,,1242.06,1144.96,1278.0,1184.0,1377.49,1201.89,1170.89,997.53,1166.29,968.56,1080.51,1048.02,1140.0,980.0,1507.0,1135.0,1151.2,1044.3,1382.0,1132.0,1074.19,1016.67,1342.06,1218.29,1194.0,1111.0,1226.0,1065.0,1304.0,1314.29
2010-03-22,1322.1435553178367,1139.5754184730315,1356.5455239182897,1129.037649300969,1196.0,1097.0,1400.0,1097.0,1018.51,958.38,997.41,926.69,1241.98,1168.55,1388.0,1175.0,1455.57,1201.55,1123.31,1099.47,1158.55,1044.5,1423.04,1116.29,1360.8,1123.3,1428.0,1211.0,,,1245.57,1148.73,1278.0,1184.0,1376.49,1200.84,1162.87,985.91,1166.29,968.56,1094.63,1038.14,1140.0,980.0,1497.0,1129.0,1138.85,1032.87,1376.0,1125.0,1068.07,1010.88,1334.22,1213.3,1173.0,1091.0,1231.0,1049.0,1296.9,1304.59
2010-03-15,1320.5978649081283,1137.1246029364231,1363.2792069180373,1130.2280251098111,1181.0,1080.0,1417.0,1112.0,1018.51,958.38,992.24,909.51,1232.99,1163.95,1431.0,1210.0,1458.06,1193.32,1097.87,1086.18,1156.18,1036.77,1367.0,1078.84,1353.3,1119.1,1394.0,1184.0,,,1250.76,1154.89,1250.0,1161.0,1363.15,1189.53,1158.05,977.32,1166.29,968.56,1050.03,1007.63,1140.0,980.0,1505.0,1127.0,1132.73,1035.43,1368.0,1120.0,1054.31,997.31,1325.88,1205.44,1173.0,1091.0,1226.0,1030.0,1268.07,1276.33
2010-03-08,1294.9745093686945,1118.2432206049255,1329.1804057366533,1107.4602863252112,1143.0,1038.0,1345.0,1040.0,995.81,942.43,987.58,908.87,1213.5,1155.17,1363.0,1158.0,1425.69,1170.38,1085.73,1079.15,1135.66,1023.7,1362.96,1060.0,1338.3,1111.3,1369.0,1171.0,,,1223.43,1138.06,1250.0,1161.0,1352.43,1181.81,1146.18,974.61,1152.44,950.87,1051.67,1023.43,1140.0,980.0,1489.0,1111.0,1126.65,1028.41,1348.0,1109.0,1041.56,985.33,1330.66,1209.79,1154.0,1085.0,1210.0,1014.0,1260.11,1270.88
2010-03-01,1273.4735804184766,1108.293345252432,1306.69731734804,1100.4228536966998,1128.0,1032.0,1366.0,1070.0,984.15,935.06,961.52,888.27,1187.14,1130.76,1338.0,1138.0,1412.12,1160.87,1096.08,1092.76,1119.41,1010.07,1343.62,1051.76,1334.4,1111.6,1272.0,1125.0,,,1205.11,1121.52,1250.0,1161.0,1333.18,1180.87,1132.6,960.6,1132.51,950.87,1036.38,1008.18,1140.0,980.0,1467.0,1109.0,1109.39,1013.71,1336.0,1098.0,1016.78,938.94,1308.77,1199.19,1154.0,1085.0,1192.0,1002.0,1239.85,1250.77
2010-02-22,1262.5804168033285,1092.5698123401812,1286.5744080568147,1077.4251408585453,1109.0,1009.0,1347.0,1040.0,960.83,908.68,960.72,887.33,1179.53,1123.73,1311.25,1100.25,1414.64,1163.42,1074.99,1069.24,1107.94,1005.35,1349.0,1060.0,1303.3,1080.1,1252.0,1103.0,,,1181.75,1098.15,1244.0,1155.0,1311.1,1155.08,1140.06,961.2,1117.7,921.98,1050.33,1022.13,1150.0,980.0,1463.0,1109.0,1087.83,993.44,1319.0,1083.0,996.85,951.78,1302.89,1193.8,1157.0,1073.0,1173.0,1003.0,1268.22,1281.78
2010-02-15,1255.672330370513,1080.9122599000182,1275.329249877337,1061.0264174273605,1090.0,996.0,1297.0,995.0,951.63,898.25,960.72,887.33,1171.22,1115.8,1299.0,1086.0,1385.06,1133.84,1075.38,1069.56,1098.85,987.93,1368.93,1079.98,1296.6,1066.9,1243.0,1096.0,,,1175.45,1092.47,1244.0,1155.0,1306.98,1135.23,1126.71,948.57,1100.98,905.67,1051.52,1009.17,1150.0,980.0,1419.0,1075.0,1075.98,983.87,1313.0,1072.0,1012.15,954.56,1252.97,1143.67,1157.0,1073.0,1176.0,1012.0,1289.68,1310.27
2010-02-08,1255.7975639274543,1084.7733931836217,1282.0764068860626,1069.602433021031,1111.0,1015.0,1283.0,980.0,955.93,908.68,960.72,887.33,1166.08,1110.36,1327.0,1115.0,1379.6,1131.08,1074.99,1069.43,1105.32,994.45,1368.93,1079.98,1304.0,1072.8,1110.0,1037.0,,,1153.76,1083.37,1244.0,1155.0,1320.82,1142.94,1135.85,962.11,1111.04,916.41,1051.07,1008.75,1150.0,980.0,1435.0,1065.0,1059.45,967.35,1311.0,1069.0,1006.77,949.48,1229.14,1125.81,1152.0,1082.0,1177.0,1026.0,1277.82,1298.82
2010-02-01,1255.6017186633158,1084.0299983093007,1279.045979907474,1066.6327542171296,1092.0,1001.0,1305.0,980.0,946.72,898.86,960.72,887.33,1175.87,1122.27,1331.0,1122.0,1375.35,1114.78,1074.99,1069.24,1095.21,987.09,1360.85,1065.68,1293.6,1064.7,1109.0,1038.0,,,1164.6,1094.17,1244.0,1155.0,1312.6,1136.04,1136.94,962.87,1111.04,916.41,1034.29,991.96,1150.0,980.0,1429.0,1063.0,1077.04,988.39,1310.0,1071.0,1019.26,961.26,1236.48,1127.03,1152.0,1082.0,1178.0,1092.0,1279.14,1300.21
2010-01-25,1257.2421304691331,1090.4816776821876,1284.2612248121386,1076.8110335695364,1113.0,1017.0,1293.0,993.0,946.72,898.86,960.83,887.33,1184.35,1129.83,1339.0,1133.0,1394.22,1132.3,1074.99,1069.43,1100.19,995.53,1368.93,1079.98,1297.1,1073.1,1109.0,1039.0,,,1165.5,1091.34,1244.0,1155.0,1313.83,1147.15,1130.57,956.14,1111.04,916.41,1039.11,996.75,1110.0,970.0,1437.0,1074.0,1066.53,979.25,1326.0,1082.0,1011.29,953.75,1215.77,1108.99,1158.0,1096.0,1173.0,1138.0,1275.12,1296.15
2010-01-18,1262.4167737800026,1100.28462081574,1290.0553279248231,1087.735865357756,1137.0,1042.0,1325.0,1013.0,963.29,916.66,960.83,887.33,1197.73,1142.8,1346.0,1147.0,1389.45,1130.1,1074.99,1071.67,1104.29,1001.34,1367.19,1052.02,1307.2,1087.1,1114.0,1044.0,,,1188.02,1118.4,1244.0,1155.0,1315.94,1157.52,1135.66,959.7,1111.04,916.41,1051.52,1009.17,1110.0,970.0,1437.0,1085.0,1085.34,998.33,1331.0,1091.0,1014.54,956.81,1233.03,1134.31,1158.0,1096.0,1176.0,1140.0,1268.93,1289.24
2010-01-11,1263.794587260769,1097.844177427269,1304.5663624844033,1091.9876006180566,1142.0,1050.0,1334.0,1034.0,951.63,903.77,922.02,867.64,1158.71,1107.9,1397.0,1161.0,1407.05,1157.09,1056.59,1047.96,1108.53,1009.03,1380.65,1068.33,1303.4,1088.7,1100.0,1021.0,,,1193.15,1122.94,1190.0,1090.0,1310.76,1152.97,1119.47,944.0,1111.04,942.11,1036.23,1000.99,1110.0,970.0,1450.0,1099.0,1052.41,965.18,1320.0,1081.0,1000.46,942.32,1244.18,1151.04,1116.0,1054.0,1176.0,1140.0,1231.75,1252.56
2010-01-04,1231.0437585141078,1072.2797563047204,1261.1777039313617,1063.2035906121466,1098.0,1010.0,1273.0,985.0,935.06,885.98,922.83,867.69,1126.35,1070.46,1314.0,1113.0,1374.72,1134.18,1025.91,1005.33,1089.81,987.56,1358.11,1057.4,1252.89,1059.8,1076.0,995.0,,,1165.93,1096.88,1190.0,1090.0,1293.97,1135.46,1061.54,876.89,1083.81,895.77,1008.04,979.84,1110.0,970.0,1437.0,1088.0,1041.68,945.89,1302.0,1062.0,977.45,920.64,1235.16,1141.96,1116.0,1054.0,1175.0,1138.0,1226.61,1246.08
2009-12-21,1202.6299245490688,1045.797836771691,1235.9455411325732,1040.5598947119684,1094.0,1007.0,1256.0,968.0,907.45,857.14,941.25,867.69,1079.97,1024.13,1289.0,1099.0,1319.63,1089.83,1023.48,1005.2,1052.87,955.8,1321.53,1037.0,1248.1,1037.6,1064.0,967.0,,,1074.63,1025.42,1190.0,1090.0,1263.98,1113.34,1051.74,873.61,1052.1,867.74,983.03,940.59,1190.0,970.0,1378.0,1033.0,1005.61,884.03,1277.0,1042.0,918.37,878.03,1156.34,1076.56,1115.0,1053.0,1178.0,1142.0,1205.05,1223.66
2009-12-14,1204.6189322000375,1044.0223806103402,1237.3029100524027,1038.0976447297678,1098.0,1011.0,1274.0,988.0,921.57,872.48,941.3,867.69,1106.28,1049.08,1280.0,1078.0,1314.23,1076.38,1023.74,1005.84,1060.58,957.61,1317.83,1026.4,1257.2,1041.3,1074.0,972.0,,,1093.0,1030.73,1181.0,1081.0,1270.31,1108.88,1070.4,888.51,1052.1,887.16,997.74,941.13,1190.0,970.0,1382.0,1033.0,1023.55,901.33,1288.0,1050.0,910.67,870.67,1148.48,1065.0,1125.0,1056.0,1181.0,1138.0,1204.72,1216.61
2009-12-07,1217.614592005822,1051.8391607532428,1254.3347078030129,1046.6605319972466,1120.0,1028.0,1286.0,973.0,905.0,849.17,941.3,867.69,1110.78,1051.79,1314.0,1104.0,1342.45,1096.54,1024.89,1007.12,1069.55,965.16,1337.0,1037.0,1261.6,1042.3,1074.0,973.0,,,1104.29,1041.23,1181.0,1081.0,1281.07,1118.06,1092.26,902.37,1085.85,887.16,1010.6,968.2,1190.0,970.0,1397.0,1039.0,1037.5,917.4,1289.0,1047.0,915.8,875.57,1173.47,1079.52,1125.0,1056.0,1193.0,1132.0,1200.34,1213.99
2009-11-30,1211.4149537732999,1045.6497185238336,1248.045569959966,1040.7680358369341,1110.0,1014.0,1290.0,971.0,909.91,854.69,941.3,867.69,1098.83,1039.56,1297.0,1082.0,1339.62,1089.7,1025.53,1007.89,1065.98,961.61,1337.0,1037.0,1257.2,1040.7,1079.0,977.0,,,1089.88,1026.1,1181.0,1081.0,1281.29,1117.5,1101.85,912.82,1085.85,887.16,1022.86,980.53,1190.0,970.0,1395.0,1037.0,1027.48,908.76,1294.0,1052.0,906.2,866.39,1175.71,1074.3,1125.0,1061.0,1185.0,1133.0,1193.48,1206.58
2009-11-23,1221.4552445210777,1054.5238981666766,1256.7964068914664,1048.5340627015323,1120.0,1028.0,1256.0,941.0,924.02,870.03,939.16,866.93,1105.79,1047.01,1317.0,1105.0,1349.19,1100.58,1011.08,984.88,1072.72,968.67,1344.9,1046.25,1266.4,1048.5,1076.0,979.0,,,1116.65,1059.54,1163.0,1058.0,1288.77,1124.63,1093.56,907.39,1085.85,895.76,1022.42,980.12,1180.0,960.0,1398.0,1039.0,1039.34,921.4,1289.0,1048.0,903.72,864.02,1193.38,1093.36,1125.0,1061.0,1185.0,1133.0,1207.14,1219.78
2009-11-16,1220.2434673442176,1055.3820189230537,1252.5975819300072,1048.1340668188013,1111.0,1024.0,1283.0,971.0,924.02,870.03,923.56,855.39,1124.15,1063.78,1310.0,1104.0,1335.88,1087.25,1008.65,983.15,1070.73,967.04,1298.0,985.1,1264.8,1050.5,1084.0,986.0,,,1128.44,1071.34,1163.0,1058.0,1282.61,1116.63,1087.51,898.04,1085.85,895.76,1016.52,967.1,1180.0,960.0,1398.0,1047.0,1054.2,935.55,1294.0,1053.0,900.21,860.67,1190.86,1089.82,1135.0,1068.0,1184.0,1133.0,1212.31,1225.29
2009-11-09,1223.5000670253864,1060.9481112414883,1260.3451652988965,1056.8849781086183,1117.0,1028.0,1271.0,978.0,924.02,870.03,923.84,855.39,1123.58,1062.63,1320.0,1119.0,1349.23,1108.68,1000.73,974.52,1079.15,976.44,1315.83,1004.78,1272.1,1055.5,1087.0,987.0,,,1106.13,1049.51,1163.0,1058.0,1293.08,1129.46,1090.19,901.25,1085.85,895.76,1008.89,980.67,1180.0,960.0,1405.0,1047.0,1029.16,913.47,1297.0,1055.0,900.52,860.97,1191.2,1099.95,1135.0,1068.0,1169.0,1132.0,1209.65,1223.66
2009-11-02,1221.6605572306771,1058.592686058699,1264.8863670978249,1058.4717056890256,1106.0,1019.0,1259.0,964.0,937.52,898.86,920.91,852.96,1075.88,1020.41,1337.0,1127.0,1358.43,1117.92,1013.38,986.16,1080.9,977.68,1327.1,1012.18,1264.7,1055.1,1082.0,987.0,,,1080.37,1032.92,1184.0,1066.0,1294.88,1134.57,1089.9,901.59,1041.08,895.76,1008.32,980.12,1180.0,960.0,1407.0,1049.0,1000.4,885.98,1289.0,1053.0,898.75,859.27,1208.44,1111.26,1099.0,1036.0,1167.0,1130.0,1189.32,1201.26
2009-10-26,1206.094634306484,1049.2570368966233,1249.147357113042,1050.5449382122208,1101.0,1017.0,1259.0,964.0,925.86,888.43,901.16,833.92,1079.24,1025.72,1307.0,1107.0,1340.79,1107.02,1002.9,966.02,1069.02,969.84,1314.65,1010.33,1257.0,1052.4,1068.0,981.0,,,1098.14,1047.06,1184.0,1066.0,1286.54,1126.57,1076.95,888.14,1041.08,895.76,979.98,937.68,1180.0,960.0,1398.0,1049.0,1002.99,885.62,1277.0,1046.0,874.53,832.56,1212.75,1126.47,1099.0,1036.0,1150.0,1119.0,1161.15,1172.26
2009-10-19,1191.9144668087258,1036.552761538415,1234.024168818951,1038.4413408739204,1072.0,991.0,1225.0,945.0,903.16,854.69,900.87,874.76,1063.8,1010.24,1302.0,1121.0,1325.95,1096.23,1005.46,966.02,1055.33,957.85,1312.78,998.0,1229.2,1026.9,1042.0,973.0,,,1082.17,1024.6,1184.0,1066.0,1264.46,1106.49,1065.09,874.27,1041.08,878.18,967.51,925.14,1180.0,960.0,1379.0,1039.0,1002.86,868.11,1257.0,1015.0,873.37,831.45,1181.98,1090.62,1079.0,1015.0,1149.0,1109.0,1149.34,1162.42
2009-10-12,1171.098361352372,1014.340228326126,1213.674221587665,1016.0282637812788,1048.0,962.0,1239.0,948.0,891.5,841.8,893.25,825.56,1063.51,996.75,1265.0,1077.0,1292.28,1065.26,985.26,943.66,1037.92,935.28,1289.57,978.32,1218.2,1011.2,1039.0,979.0,,,1070.14,1013.17,1184.0,1066.0,1251.18,1086.55,1049.65,848.09,1041.08,861.12,979.84,923.45,1180.0,960.0,1355.0,1009.0,996.24,857.31,1249.0,1010.0,863.28,816.61,1149.76,1067.22,1079.0,1015.0,1152.0,1109.0,1121.97,1132.41
2009-10-05,1183.0885553438566,1018.9261709115874,1224.437158438325,1018.277642636032,1046.0,961.0,1254.0,960.0,891.5,841.8,905.28,845.6,1086.52,1015.67,1312.0,1111.0,1294.95,1067.93,985.39,942.89,1027.84,925.48,1291.92,998.0,1210.0,1002.0,1040.0,981.0,,,1079.66,1022.5,1184.0,1066.0,1236.39,1079.16,1046.29,843.03,1023.8,861.12,981.08,924.62,1180.0,960.0,1347.0,999.0,1011.03,864.63,1252.0,1009.0,867.73,820.83,1149.18,1067.65,1100.0,1026.0,1165.0,1109.0,1143.46,1154.16
2009-09-28,1176.1520428735369,1012.0795607279172,1213.9619971422721,1009.5692673731229,1067.0,971.0,1208.83,920.95,891.5,833.83,916.07,856.04,1106.17,1032.31,1269.5,1069.5,1271.1,1041.33,986.03,941.61,1032.45,927.69,1270.56,998.0,1229.0,1008.2,1056.0,990.0,,,1099.14,1028.46,1184.0,1066.0,1241.0,1075.68,1047.51,845.07,1044.03,861.83,998.73,934.98,1200.0,970.0,1335.0,987.0,1020.98,867.28,1261.0,1010.0,880.64,833.04,1128.11,1050.88,1100.0,1026.0,1174.0,1109.0,1142.76,1153.1
2009-09-21,1197.629909143344,1024.9129711992794,1233.237142308694,1020.5524611258545,1077.0,977.0,1265.25,950.75,884.14,815.42,930.42,871.35,1123.06,1047.01,1288.25,1088.25,1307.57,1065.67,986.03,941.74,1052.23,936.17,1338.66,1021.0,1229.4,1008.2,1064.0,996.0,,,1087.91,1018.16,1184.0,1066.0,1267.19,1091.4,1052.35,851.49,1063.05,861.83,1014.49,944.87,1200.0,970.0,1368.0,1005.0,1041.36,884.35,1267.0,1014.0,913.82,848.21,1181.58,1087.88,1117.0,1043.0,1180.0,1110.0,1168.72,1177.94
2009-09-14,1209.6626574902712,1027.8621031390915,1241.793567078518,1019.8493149045454,1091.0,992.0,1295.0,976.0,903.16,836.28,931.95,872.61,1123.08,1044.86,1307.0,1069.0,1304.51,1064.03,1010.44,964.94,1054.73,937.63,1317.97,989.38,1241.4,1014.9,1075.0,1002.0,,,1080.52,1013.65,1171.0,1051.0,1270.04,1092.99,1060.47,859.49,1063.05,861.83,1025.2,961.13,1200.0,970.0,1361.0,1000.0,1038.3,879.88,1280.0,1021.0,911.9,846.43,1163.44,1066.0,1117.0,1043.0,1174.0,1108.0,1210.83,1218.29
2009-09-07,1222.8691302444713,1043.006312432467,1252.9079389563099,1035.168101935472,1096.0,1001.0,1318.0,984.0,933.22,870.03,938.23,875.59,1130.41,1049.63,1322.0,1107.0,1319.27,1062.67,1011.98,965.9,1066.2,949.21,1328.74,986.35,1255.0,1029.5,1089.0,1013.0,,,1103.59,1037.28,1171.0,1051.0,1272.05,1094.85,1093.3,890.8,1063.05,863.83,1025.64,954.42,1200.0,970.0,1372.0,1009.0,1068.61,905.6,1300.0,1045.0,918.45,852.51,1190.72,1082.83,1142.0,1061.0,1183.0,1110.0,1223.24,1228.39
2009-08-31,1221.2901967110945,1048.042931316907,1257.478392352266,1044.3177474366942,1109.0,1009.0,1321.0,1008.0,935.06,867.57,951.29,876.52,1141.43,1057.53,1308.0,1097.0,1322.03,1082.88,1025.27,975.93,1077.37,962.59,1333.28,1006.03,1264.6,1038.6,1102.0,1017.0,,,1119.89,1044.18,1171.0,1051.0,1292.07,1116.85,1081.84,883.25,1084.33,896.51,1031.15,960.03,1200.0,970.0,1393.0,1025.0,1063.84,915.94,1311.0,1054.0,923.34,857.05,1197.76,1090.12,1142.0,1061.0,1185.0,1111.0,1192.6,1197.04
2009-08-24,1234.3607213123817,1054.196870016595,1271.0970611890586,1049.5252763928602,1116.0,1014.0,1336.0,1011.0,949.18,878.0,966.53,891.09,1144.85,1057.19,1332.5,1109.5,1347.56,1101.69,1011.85,961.74,1091.77,969.23,1358.84,985.18,1273.0,1042.0,1108.0,1016.0,,,1135.79,1045.34,1171.0,1051.0,1296.28,1118.92,1083.98,886.67,1084.33,896.51,1034.98,963.6,1200.0,950.0,1405.0,1035.0,1065.34,914.09,1319.0,1056.0,923.73,857.41,1221.23,1122.26,1146.0,1050.0,1183.0,1111.0,1205.93,1210.67
2009-08-17,1239.7010907739377,1055.8153666283574,1282.0152855997146,1054.9103182849478,1123.0,1019.0,1363.0,1023.0,949.18,878.0,966.53,891.09,1137.44,1048.9,1351.0,1121.0,1355.55,1092.23,1013.13,963.15,1098.8,970.04,1388.41,1045.11,1277.8,1046.4,1111.0,1014.0,,,1111.64,1022.7,1181.0,1054.0,1303.9,1123.63,1090.63,891.82,1109.89,896.51,1028.57,942.86,1200.0,950.0,1410.0,1031.0,1055.98,887.33,1317.0,1054.0,923.19,856.91,1199.46,1092.53,1146.0,1050.0,1181.0,1098.0,1204.72,1210.45
2009-08-10,1234.9087086127147,1049.9079145344404,1270.9972454200415,1044.7611709132977,1113.0,1015.0,1316.0,973.0,955.93,880.46,931.57,861.41,1112.86,1032.91,1319.0,1094.0,1353.93,1093.35,1025.4,962.06,1099.03,970.2,1391.1,1047.97,1277.4,1037.0,1099.0,1005.0,,,1112.54,1018.4,1181.0,1054.0,1307.44,1127.23,1078.18,891.24,1078.0,881.21,1020.55,934.91,1200.0,950.0,1425.0,1037.0,1080.58,904.16,1334.0,1034.0,926.48,859.96,1227.86,1120.15,1099.0,1012.0,1166.0,1102.0,1206.87,1216.03
2009-08-03,1225.0768297478717,1039.4222737061748,1258.63242258976,1032.1951792732752,1084.0,986.0,1320.0,977.0,935.06,865.12,922.12,856.48,1111.23,1039.19,1337.0,1118.0,1340.51,1063.82,965.83,927.55,1072.63,945.35,1379.33,1024.42,1238.9,1009.6,1073.0,993.0,,,1113.8,1033.19,1181.0,1054.0,1280.03,1104.0,1057.95,912.94,1078.0,863.69,1003.84,918.41,1200.0,950.0,1393.0,1014.0,1087.91,909.51,1272.0,1022.0,892.22,844.63,1217.68,1091.44,1099.0,1012.0,1167.0,1103.0,1205.31,1215.3
2009-07-27,1203.2687058778179,1023.8913695570322,1236.3991211909836,1017.187580793562,1077.0,981.0,1301.0,965.0,903.16,828.31,901.28,837.07,1107.54,1033.0,1288.75,1072.75,1329.77,1054.41,965.83,925.63,1047.11,930.11,1370.92,1014.0,1230.9,1003.1,1050.0,977.0,,,1088.98,1016.69,1181.0,1054.0,1279.4,1102.77,1041.3,924.03,1051.39,863.69,989.46,904.04,1210.0,960.0,1386.0,1015.0,1077.8,901.8,1256.0,1000.0,891.27,843.73,1181.78,1067.78,1100.0,1050.0,1166.0,1107.0,1180.79,1189.25
2009-07-20,1185.0478377513177,1001.6634389684458,1214.8846416939546,990.7707836878733,1063.0,965.0,1218.5,922.6,879.84,802.54,914.15,837.07,1105.0,1029.72,1265.0,1038.0,1291.93,1027.37,965.83,924.16,1034.88,905.58,1343.0,996.0,1222.2,985.0,1048.0,977.0,,,1069.09,997.9,1147.0,1031.0,1251.29,1064.92,1029.68,906.43,1034.07,825.71,1006.57,906.62,1210.0,960.0,1345.0,981.0,1055.84,885.3,1257.0,1003.0,872.85,837.46,1112.49,1012.52,1100.0,1050.0,1167.0,1112.0,1188.45,1197.48
2009-07-13,1187.3311850128805,1009.1837767468674,1220.9075507703476,1001.3574231546881,1079.0,982.0,1218.5,922.6,914.2,833.83,939.24,864.0,1108.46,1035.31,1265.25,1045.25,1280.04,1007.37,965.83,924.29,1048.8,919.76,1347.43,1008.48,1226.1,995.1,1065.0,998.0,,,1071.14,1008.17,1147.0,1031.0,1259.53,1074.66,1031.74,907.9,1075.8,869.47,1050.0,950.0,1210.0,960.0,1347.0,985.0,1039.07,873.01,1277.0,1024.0,875.99,840.48,1098.46,989.88,1107.0,1050.0,1172.0,1125.0,1184.43,1198.94
2009-07-06,1210.270014800771,1032.9398791051524,1245.6247294595767,1026.1391407778399,1109.0,1010.0,1285.0,957.0,954.09,865.12,939.56,841.69,1125.03,1049.28,1304.5,1083.5,1304.04,1042.16,978.81,924.29,1066.51,944.27,1347.43,1008.48,1251.5,1020.8,1077.0,1008.0,,,1114.96,1049.81,1147.0,1031.0,1279.43,1096.17,1048.08,922.86,1075.8,869.47,1054.67,954.23,1210.0,960.0,1359.0,997.0,1048.78,883.06,1291.0,1031.0,879.21,843.57,1129.98,1029.26,1107.0,1050.0,1171.0,1134.0,1202.59,1220.48
2009-06-29,1220.159627182965,1041.5053039535505,1257.9701559967698,1036.2628970462738,1102.0,1006.0,1347.0,980.0,954.09,865.12,939.6,841.69,1130.86,1054.61,1321.5,1101.5,1328.18,1073.02,967.62,913.3,1083.86,953.81,1347.43,1008.48,1264.7,1028.0,1044.0,1008.0,,,1056.69,986.37,1147.0,1031.0,1291.46,1101.62,1061.72,933.87,1075.8,884.72,1049.66,949.76,1060.0,950.0,1391.0,1021.0,1024.91,863.43,1319.0,1039.0,878.13,842.53,1154.08,1062.05,1106.0,1059.0,1170.0,1132.0,1217.26,1237.88
2009-06-22,1234.4810186361633,1046.460180417243,1278.935216587932,1043.6702447675152,1136.0,1016.0,1347.0,980.0,967.58,878.0,939.64,841.69,1117.99,1047.31,1359.0,1112.0,1370.16,1084.04,981.49,908.18,1100.82,961.35,1373.67,1015.21,1291.2,1037.9,1043.0,1002.0,,,1044.9,964.79,1089.0,1004.0,1316.06,1118.09,1095.68,946.88,1105.37,868.14,1055.24,954.81,1060.0,950.0,1393.0,1018.0,1000.22,838.16,1310.0,1027.0,876.71,841.17,1168.03,1059.71,1106.0,1059.0,1147.0,1111.0,1220.2,1245.23
2009-06-15,1224.4609439099672,1033.199377425854,1270.008759231788,1030.7892183549927,1121.0,1008.0,1299.0,960.0,944.88,867.57,937.99,839.93,1071.35,1003.84,1352.0,1085.0,1375.14,1075.67,941.04,888.5,1075.33,951.54,1367.27,1027.26,1272.6,1025.8,1021.0,981.0,,,1022.28,939.83,1089.0,1004.0,1305.07,1109.55,1087.35,935.7,1102.81,868.14,1038.38,938.88,1060.0,950.0,1441.0,1035.0,968.4,810.21,1294.0,1014.0,876.78,841.23,1203.56,1065.12,1081.0,1014.0,1127.0,1092.0,1203.72,1233.49
2009-06-08,1195.2536209156094,1009.4348423025965,1244.6349579605899,1007.6738923126313,1103.0,976.0,1322.0,970.0,933.22,854.69,915.44,815.01,1032.33,967.11,1321.0,1069.0,1345.6,1050.16,941.04,909.59,1025.18,904.49,1351.79,1010.95,1253.1,1004.3,1003.0,959.0,,,977.5,899.82,1089.0,1004.0,1283.37,1090.13,1073.31,920.53,1073.85,841.44,998.58,913.6,1060.0,950.0,1411.0,1017.0,959.11,802.41,1280.0,994.0,833.73,847.94,1178.79,1041.08,1081.0,1014.0,1109.0,1075.0,1155.01,1191.62
2009-06-01,1183.7985054796206,989.544472321159,1230.3027302706114,981.8857224202201,1052.0,937.0,1296.0,938.0,912.36,815.42,891.3,814.75,1042.3,969.08,1310.25,1050.25,1329.63,1043.56,922.37,850.47,1004.12,872.46,1320.17,980.0,1235.3,974.5,995.0,934.0,,,973.01,901.57,1089.0,1004.0,1275.81,1064.7,1041.09,891.21,1073.85,818.33,980.54,895.95,1060.0,950.0,1389.0,992.0,959.88,801.21,1273.87,985.16,841.48,855.82,1183.41,1051.29,1047.0,1012.0,1100.0,1068.0,1144.99,1193.0
2009-05-25,1172.9457544913405,983.9669680510344,1219.5906368246142,977.3281586701984,1043.0,940.0,1296.0,938.0,914.2,812.97,888.3,815.01,1031.07,976.99,1295.25,1035.25,1325.49,1023.33,922.5,849.39,1005.95,874.88,1301.0,954.27,1232.6,974.0,978.0,936.0,,,972.27,906.55,1089.0,1004.0,1263.06,1060.03,1034.12,890.38,1074.04,818.33,959.8,882.23,1060.0,950.0,1377.0,969.0,951.06,804.49,1252.26,984.59,843.92,858.31,1197.48,1025.59,1047.0,1012.0,1082.0,1069.0,1123.47,1176.26
2009-05-18,1151.696105347181,985.9652091579321,1198.501135770085,982.9830266549226,1045.0,958.0,1238.0,954.0,893.34,831.37,861.75,814.75,1013.15,971.36,1275.5,1045.5,1306.83,1027.47,884.67,846.32,983.36,877.03,1264.49,958.25,1208.4,978.9,955.0,936.0,,,942.55,894.96,1089.0,1004.0,1234.04,1066.09,1025.87,888.31,1047.1,830.14,952.62,882.1,1060.0,950.0,1377.0,969.0,919.65,785.14,1227.44,977.33,843.42,819.46,1163.61,1022.17,1010.0,990.0,1080.0,1066.0,1105.33,1171.29
2009-05-11,1137.3821259075487,981.4479859302138,1187.5622117682874,978.7980140897783,1028.0,951.0,1238.0,944.0,865.73,812.97,861.75,814.75,983.11,956.63,1271.0,1050.0,1280.71,1028.33,884.67,846.32,969.86,868.22,1265.33,958.25,1189.2,965.3,934.0,931.0,,,965.07,916.43,1051.0,951.0,1229.38,1071.09,1004.1,874.84,1012.9,830.14,951.78,895.38,1060.0,950.0,1355.0,980.0,909.4,798.72,1208.74,973.64,822.14,817.33,1153.94,1039.87,1010.0,990.0,1058.0,1057.0,1074.86,1147.33
2009-05-04,1108.1317974465117,975.6625901810287,1149.4675682211202,972.4585528690899,1010.0,935.0,1204.0,913.0,854.08,812.97,862.1,815.1,990.65,964.86,1207.75,1068.0,1251.29,1004.26,864.6,840.89,950.91,859.68,1215.38,926.97,1168.5,957.8,932.0,934.0,,,929.23,896.77,1051.0,951.0,1183.32,1051.86,977.77,868.63,992.96,805.5,938.38,881.98,1060.0,950.0,1322.0,955.0,900.84,794.19,1206.29,978.35,815.92,811.15,1100.64,997.52,1008.0,989.0,1052.0,1057.0,1074.46,1155.42
2009-04-27,1109.0225117091254,971.922637525486,1161.4935420462007,971.6838313145795,1018.0,953.0,1215.0,927.0,854.08,812.97,853.35,810.09,991.85,965.5,1235.5,1034.75,1239.13,1002.85,864.6,840.89,956.17,867.28,1215.88,930.67,1177.4,970.4,933.0,936.0,,,905.66,880.04,1051.0,951.0,1197.58,1055.19,975.56,867.56,1005.54,817.54,931.2,881.86,1060.0,950.0,1303.0,945.0,846.81,764.84,1200.56,980.63,809.79,805.06,1085.08,1001.18,1008.0,989.0,1050.0,1056.0,1056.16,1141.59
2009-04-20,1106.4855326086795,974.2899689838329,1154.1113238551861,970.6924912532836,996.0,949.0,1215.0,942.0,839.96,812.97,841.76,804.38,963.17,944.0,1219.5,1019.5,1257.82,1030.96,864.6,840.89,953.42,869.08,1231.87,958.4,1174.4,974.1,919.0,932.0,,,881.76,863.08,1033.0,957.0,1196.31,1051.82,970.62,862.11,994.82,821.24,917.23,867.88,1060.0,950.0,1311.0,966.0,891.04,807.17,1194.4,972.31,807.5,802.78,1073.93,992.98,996.0,987.0,1045.0,1049.0,1063.66,1154.52
2009-04-06,1097.8476521184136,972.6163297999716,1147.7383921827122,970.7709510267975,968.0,924.0,1205.0,959.0,839.96,812.97,839.99,796.33,983.66,964.61,1229.75,1055.75,1241.86,1029.74,833.66,807.97,942.21,860.59,1219.09,956.72,1159.9,968.6,915.0,930.0,,,902.96,884.06,1033.0,957.0,1175.87,1032.3,955.42,851.91,994.82,802.96,922.17,879.86,1060.0,950.0,1295.0,965.0,889.05,808.15,1182.27,959.65,823.34,818.53,1074.49,1000.0,970.0,956.0,1041.0,1050.0,1035.33,1128.41
2009-03-30,1077.3938799860885,958.6293281124605,1139.5823896200936,965.767745830649,956.0,926.0,1182.0,930.0,839.96,812.97,816.6,790.34,923.08,905.93,1207.0,1034.0,1237.78,1029.7,833.54,807.97,939.29,856.83,1218.75,957.56,1161.1,970.6,902.0,918.0,,,841.39,823.02,1033.0,957.0,1186.42,1041.53,944.91,833.45,994.82,827.12,880.78,852.59,1040.0,940.0,1291.0,965.0,824.59,746.51,1164.46,937.64,809.7,804.96,1052.32,988.49,970.0,956.0,1025.0,1050.0,983.16,1076.04
2009-03-23,1055.9257566172912,939.2119218355504,1112.5789556797574,941.8932555105474,948.0,897.0,1172.0,922.0,812.35,781.68,814.5,772.32,947.58,929.49,1167.25,995.25,1211.98,998.58,833.54,807.97,911.46,837.18,1196.38,931.32,1133.0,937.2,882.0,906.0,,,844.6,825.66,1001.0,967.0,1164.48,1026.5,941.07,837.52,962.99,782.91,907.94,879.74,1040.0,940.0,1281.0,960.0,836.49,761.0,1158.47,931.51,777.83,775.5,1023.84,960.64,960.0,947.0,1007.0,1049.0,970.09,1070.75
2009-03-16,1055.4973710062013,936.6674637582877,1108.8185792150314,934.1572438393105,953.0,903.0,1186.5,923.6,803.15,771.24,797.76,772.6,966.52,943.07,1167.0,977.0,1169.48,966.97,813.6,850.66,906.8,831.46,1129.14,938.35,1129.8,932.9,883.0,908.0,,,876.26,850.31,1001.0,967.0,1165.0,1018.83,940.43,840.23,942.32,782.92,898.23,898.23,1040.0,940.0,1262.0,928.0,860.82,792.69,1156.24,931.74,765.28,800.28,1013.93,950.22,960.0,947.0,1008.0,1050.0,979.4,1084.36
2009-03-09,1053.5930544958662,938.7473953273376,1109.6648968519012,939.7539097462984,945.0,908.0,1183.3,924.2,803.15,771.24,797.76,773.54,921.92,906.95,1167.0,984.0,1203.88,975.72,813.98,854.5,918.14,840.28,1114.01,944.23,1137.9,941.4,880.0,912.0,,,824.58,810.21,1001.0,967.0,1160.68,1018.14,951.36,854.78,969.18,782.92,897.78,898.49,1040.0,940.0,1270.0,937.0,812.9,748.84,1149.55,934.33,763.54,798.45,989.15,919.98,960.0,947.0,1008.0,1053.0,989.18,1097.52
2009-03-02,1051.394077126571,945.7916685075536,1101.4567891921092,944.0986243954248,945.0,922.0,1147.3,906.9,803.15,771.24,798.38,788.35,904.46,888.34,1157.0,997.0,1210.54,993.13,814.11,855.27,895.35,845.2,1134.52,969.63,1126.5,940.5,872.0,915.0,,,821.24,819.3,1001.0,967.0,1156.23,1020.86,949.81,877.22,945.83,779.76,923.89,881.61,1040.0,940.0,1267.0,940.0,806.74,755.16,1155.11,942.83,762.29,797.16,988.29,936.46,960.0,947.0,1008.0,1055.0,1010.67,1126.65
2009-02-23,1054.7517995035594,955.522688391612,1100.241214226781,950.8886647881833,943.0,925.0,1160.71,930.2,803.15,771.24,802.35,807.71,905.66,885.17,1152.0,996.0,1165.04,970.42,814.23,855.9,900.89,846.64,1124.27,949.28,1138.5,950.8,895.0,938.0,,,861.94,867.08,1001.0,967.0,1143.29,1033.24,948.99,881.26,945.83,795.23,878.36,919.38,1060.0,990.0,1255.0,941.0,833.21,779.58,1170.37,963.14,770.63,824.34,982.49,946.56,965.0,947.0,1008.0,1077.0,1028.84,1148.23
2009-02-16,1061.0568057967075,971.8179589199424,1115.5967075868791,975.7651385864123,975.0,958.0,1166.2,933.7,821.56,802.54,802.35,809.15,854.37,857.15,1184.5,1034.5,1222.41,1003.69,814.23,855.78,921.9,867.33,1203.85,964.68,1145.2,977.6,891.0,943.0,,,831.47,850.18,979.0,979.0,1134.66,1061.17,943.05,891.66,984.41,817.28,825.1,881.56,1060.0,990.0,1283.0,957.0,805.1,756.01,1145.18,970.27,764.56,817.85,1019.87,974.09,965.0,947.0,990.0,1077.0,1007.5,1127.55
2009-02-09,1065.316757436585,984.4228571581772,1113.6393318039995,984.3094217142893,961.0,956.0,1166.12,937.53,812.35,812.97,799.54,809.26,870.18,899.03,1177.0,1047.0,1192.97,997.05,793.91,856.54,913.55,873.69,1170.21,967.87,1137.4,982.4,881.0,947.0,,,876.31,894.16,979.0,979.0,1142.07,1065.93,925.52,903.38,953.21,817.28,861.31,918.21,1060.0,990.0,1329.0,1025.0,813.43,786.22,1141.46,971.49,758.65,831.68,1067.31,1019.4,941.0,948.0,979.0,1077.0,1024.99,1151.7
2009-02-02,1046.3285844299965,976.7918302852074,1103.0603029467754,982.1722487102099,941.0,947.0,1130.62,911.67,789.04,797.63,769.18,800.66,859.41,888.99,1162.0,1042.0,1184.66,1011.59,795.06,857.06,901.72,873.72,1170.38,987.38,1126.5,984.6,869.0,949.0,,,819.31,848.32,979.0,979.0,1144.18,1062.59,924.5,911.23,953.21,817.28,816.52,888.08,1060.0,990.0,1313.0,1023.0,803.9,784.76,1117.25,979.1,700.53,793.32,1052.78,1024.68,941.0,948.0,979.0,1077.0,975.93,1105.01
2009-01-26,1031.6333344760865,972.0271966808413,1095.5884402965328,981.4505277360404,956.0,964.0,1127.1,894.35,789.04,812.97,769.18,800.66,858.87,907.04,1157.0,1042.0,1148.45,984.77,763.87,857.37,890.63,873.44,1141.62,963.67,1119.2,987.7,864.0,953.0,,,845.24,885.85,979.0,979.0,1136.43,1061.0,916.09,916.22,936.91,817.28,773.44,845.17,1060.0,990.0,1295.0,1007.0,799.22,789.55,1109.2,979.28,710.3,804.38,1013.21,1003.77,906.0,943.0,980.0,1078.0,930.47,1057.85
2009-01-19,1033.546761350816,983.3769409980227,1095.3998816338149,992.7995965714061,936.0,957.0,1093.58,908.73,775.54,825.85,751.17,774.54,864.15,919.55,1167.0,1067.0,1160.93,1013.3,763.36,859.23,881.29,881.53,1182.35,1022.94,1110.8,995.6,852.0,956.0,,,825.99,874.17,979.0,979.0,1132.41,1070.11,916.02,932.75,936.91,817.28,774.7,846.48,1060.0,990.0,1301.0,1031.0,777.25,772.19,1091.87,962.54,701.51,810.69,1004.91,1004.91,906.0,943.0,979.0,1078.0,952.74,1088.19
2009-01-12,1024.912469415308,987.5729039912677,1082.0750508880456,995.2546502153389,939.0,963.0,1099.92,922.63,775.54,825.85,742.8,767.4,841.66,905.08,1153.5,1083.0,1128.45,1014.4,765.28,857.5,867.71,877.81,1161.66,1031.01,1104.3,1001.7,830.0,952.0,,,816.09,866.38,1047.0,1054.0,1112.87,1052.18,916.63,939.06,910.22,852.88,762.26,833.1,1060.0,990.0,1276.0,1034.0,814.99,810.54,1053.64,939.83,666.35,790.27,970.22,1007.39,827.0,914.0,981.0,1085.0,960.46,1097.77
2009-01-05,983.7015852155007,949.0536245260103,1034.6727215379951,952.8840457721908,876.0,902.0,1065.62,896.16,740.57,794.56,763.39,813.54,845.85,906.28,1077.0,1017.0,1072.66,958.54,717.98,827.34,825.15,836.37,1117.93,985.27,1043.4,946.0,809.0,949.0,,,853.9,906.94,1047.0,1054.0,1082.64,1022.49,867.28,897.79,860.94,788.76,756.72,828.15,1060.0,990.0,1248.0,1017.0,804.64,801.5,1073.85,952.76,735.98,834.77,927.39,975.02,827.0,914.0,990.0,1127.0,912.83,1042.65
2008-12-15,1021.377157893329,997.5512865958295,1064.443944068947,994.6860535915545,909.0,950.0,1155.0,965.0,773.09,844.26,776.46,883.57,912.72,999.92,1091.0,1026.0,1101.98,985.21,827.02,938.93,860.94,889.2,1159.88,993.96,1083.5,996.8,839.0,997.0,,,874.67,961.22,1156.0,1175.0,1114.59,1080.19,758.4,848.42,911.46,844.27,803.72,881.98,1238.0,1230.0,1247.0,1019.0,889.38,891.14,1129.24,1033.79,746.19,868.02,924.07,979.29,827.0,914.0,1001.49,1157.16,990.28,1125.65
2008-12-08,1056.3237348078587,1043.4445511205386,1092.7613199540647,1034.9165560344368,942.0,1000.0,1169.09,1011.81,798.85,901.32,797.52,883.89,948.93,1046.17,1141.0,1094.0,1120.85,1024.2,827.27,938.61,889.1,920.51,1176.03,1027.93,1110.03,1033.5,864.0,1025.0,,,915.96,1016.0,1156.0,1175.0,1127.81,1113.02,778.26,872.78,965.88,880.01,814.18,913.58,1238.0,1230.0,1252.0,1047.0,939.16,941.99,1146.54,1070.54,804.23,920.22,973.6,1031.2,827.0,914.0,1048.72,1187.08,1042.15,1212.17
2008-12-01,1075.7237479092018,1073.5133809642155,1102.5375867178268,1061.5147891731967,976.0,1046.0,1178.4,1023.1,805.6,924.63,808.57,914.14,964.98,1063.64,1135.0,1109.0,1159.78,1060.45,846.57,964.55,901.8,949.27,1205.97,1058.88,1120.3,1063.9,867.0,1040.0,,,942.57,1055.55,1156.0,1175.0,1146.96,1141.85,802.69,901.65,936.88,908.99,832.63,959.53,1238.0,1230.0,1289.0,1097.0,972.04,976.98,1165.3,1092.63,816.75,934.55,1017.49,1075.41,877.0,976.0,1067.37,1210.18,1086.92,1266.26
2008-11-24,1087.2063772418692,1091.8212330840804,1117.5812606346447,1083.6357902234463,999.0,1072.0,1179.2,1045.3,847.33,943.04,851.67,933.51,1014.89,1095.85,1162.0,1141.75,1114.67,1056.99,910.49,1010.19,908.74,968.7,1177.21,1060.39,1141.8,1095.9,905.0,1073.0,,,968.0,1071.8,1156.0,1175.0,1154.11,1148.63,801.06,899.44,967.36,948.88,839.68,966.58,1238.0,1230.0,1269.0,1098.0,992.35,991.31,1203.27,1122.36,820.4,938.73,993.99,1080.51,877.0,976.0,1099.47,1232.14,1089.44,1265.45
2008-11-17,1125.2801181709399,1124.3254693551592,1156.4061885595895,1118.5984645046121,1047.0,1116.0,1198.98,1052.82,866.35,951.02,868.77,952.77,1037.17,1106.83,1181.0,1168.0,1180.28,1101.06,898.34,1009.8,944.14,997.69,1348.23,1169.31,1174.8,1130.4,934.0,1101.0,,,964.1,1073.37,1258.0,1318.0,1199.76,1192.67,839.61,931.18,992.51,971.9,867.76,966.45,1238.0,1230.0,1327.0,1142.0,1038.17,1031.27,1230.49,1141.96,869.11,961.29,1072.65,1142.56,936.0,997.0,1123.16,1244.61,1117.97,1281.78
2008-11-10,1158.1113698481518,1152.5523594802212,1182.2848355917067,1141.81827629494,1083.0,1138.0,1236.91,1082.08,893.96,968.81,898.49,966.83,1067.42,1130.57,1215.0,1215.0,1176.39,1122.68,910.49,1010.32,966.76,1009.77,1352.09,1197.73,1201.93,1150.08,969.0,1112.0,,,1001.25,1100.57,1258.0,1318.0,1222.51,1209.92,895.22,956.33,1010.0,999.0,895.12,981.11,1238.0,1230.0,1338.0,1177.0,1124.01,1101.78,1254.52,1148.15,882.0,975.54,1076.72,1176.98,936.0,997.0,1146.56,1254.2,1174.42,1332.98
2008-11-03,1193.0696565414587,1165.5695205735997,1212.724838441549,1147.8073781048445,1083.0,1129.0,1236.91,1082.08,893.96,968.81,906.01,971.88,1157.58,1205.02,1254.5,1224.75,1207.64,1128.38,913.55,1011.59,990.54,1016.6,1412.98,1229.18,1230.53,1151.3,997.0,1129.0,,,1056.08,1141.6,1258.0,1318.0,1255.69,1217.37,939.36,992.03,1010.0,999.0,924.99,981.39,1238.0,1230.0,1361.0,1177.0,1151.07,1128.31,1274.33,1159.54,919.45,1008.95,1120.68,1201.88,984.0,1044.0,1170.43,1264.05,1222.24,1378.68
2008-10-27,1206.216600676879,1178.8583611549477,1233.0141149001981,1168.4890923759026,1105.0,1136.0,1275.5,1105.4,914.82,987.22,966.77,1025.88,1198.68,1240.07,1282.0,1252.0,1253.27,1162.03,930.3,1029.3,1022.71,1053.6,1412.98,1229.18,1242.48,1165.03,1006.0,1141.0,,,1017.75,1095.31,1258.0,1318.0,1266.53,1232.3,963.46,1016.02,1054.46,998.51,955.87,1026.36,1197.0,1206.0,1387.0,1184.0,1087.26,1061.73,1313.14,1187.44,1000.81,1068.43,1123.22,1172.74,984.0,1044.0,1190.4,1279.1,1223.14,1376.8
2008-10-20,1241.577339801976,1207.2630353925972,1248.2033228651467,1184.5756411936975,1121.0,1147.0,1314.7,1156.1,914.82,987.22,970.17,1039.43,1183.42,1224.29,1267.0,1242.0,1231.59,1137.67,966.47,1055.82,1057.63,1070.49,1402.29,1247.41,1276.86,1187.22,1056.0,1182.0,,,1065.78,1129.05,1258.0,1318.0,1292.85,1252.68,990.26,1036.84,1104.89,1051.32,981.53,1049.22,1197.0,1206.0,1403.0,1190.0,1187.44,1157.24,1353.94,1216.06,1012.45,1080.86,1143.26,1193.67,1086.0,1145.0,1241.19,1323.03,1330.37,1481.37
2008-10-13,1299.7058459104228,1254.327610134711,1314.0985519348546,1235.8462495998795,1171.0,1197.0,1365.55,1207.24,982.31,1057.16,1014.94,1071.09,1233.72,1268.73,1352.0,1287.0,1336.45,1213.0,1007.25,1094.81,1111.32,1126.98,1482.69,1303.75,1342.44,1249.64,1122.0,1237.0,,,1161.33,1212.61,1276.0,1362.0,1351.51,1297.76,1026.57,1064.3,1163.83,1100.5,1034.97,1077.27,1197.0,1206.0,1466.0,1229.0,1208.12,1178.6,1394.5,1268.18,1009.86,1075.95,1234.89,1255.57,1086.0,1145.0,1289.2,1382.13,1362.87,1507.8
2008-10-06,1345.4472939770228,1295.6035990462544,1359.957628420883,1275.8394124009458,1182.0,1208.0,1349.4,1205.26,1024.03,1093.36,1039.86,1098.97,1238.22,1279.96,1415.75,1335.0,1391.46,1289.58,1046.36,1158.59,1140.35,1155.49,1525.91,1363.29,1382.1,1295.4,1153.0,1254.0,,,1200.38,1241.43,1276.0,1362.0,1403.83,1359.63,1064.29,1099.86,1191.04,1138.55,1059.9,1097.96,1197.0,1206.0,1531.0,1305.0,1257.11,1225.47,1397.91,1266.35,968.81,1032.21,1304.53,1335.24,1114.0,1136.0,1310.39,1409.45,1416.3,1567.49
2008-09-29,1350.746178087135,1297.5357639969666,1369.9736602539153,1277.9095218854782,1219.0,1241.0,1420.59,1210.28,1037.53,1088.45,1039.86,1099.83,1252.06,1302.78,1418.5,1331.25,1408.79,1297.53,1075.51,1157.5,1144.02,1150.78,1536.51,1371.37,1388.08,1297.1,1165.0,1256.0,,,1238.76,1272.45,1276.0,1362.0,1413.39,1362.77,1084.62,1113.88,1212.05,1138.55,1071.13,1099.35,1197.0,1206.0,1569.0,1331.0,1286.94,1255.91,1404.21,1267.45,1032.15,1099.7,1333.9,1364.82,1114.0,1136.0,1313.05,1412.44,1380.19,1528.42
2008-09-22,1361.8547057847709,1300.0657194666671,1376.625005977391,1275.1049889879962,1220.0,1243.0,1422.12,1203.99,1054.1,1088.45,1090.24,1109.12,1296.07,1352.36,1421.0,1327.0,1371.44,1266.87,1083.05,1156.99,1161.66,1162.56,1499.0,1331.0,1391.29,1281.83,1158.0,1250.0,,,1284.87,1303.19,1329.0,1429.0,1405.47,1353.28,1089.83,1118.67,1239.0,1101.0,1072.03,1100.28,1197.0,1206.0,1615.0,1321.0,1330.91,1297.91,1453.89,1294.04,1069.4,1130.04,1325.5,1335.99,1141.0,1173.0,1325.16,1417.33,1399.12,1548.1
2008-09-15,1385.3153734435562,1318.714340459426,1401.541971761572,1295.7700900852735,1260.0,1269.0,1478.35,1219.98,1107.48,1118.52,1093.96,1130.95,1282.89,1347.35,1436.75,1336.75,1493.84,1320.85,1112.32,1184.99,1183.19,1185.08,1526.03,1338.11,1426.66,1306.81,1193.0,1284.0,,,1258.41,1297.68,1329.0,1429.0,1444.53,1375.74,1093.94,1132.72,1244.0,1147.0,1084.3,1112.69,1197.0,1206.0,1631.0,1364.0,1303.37,1284.26,1455.02,1304.9,1071.97,1132.75,1417.52,1396.58,1141.0,1173.0,1326.63,1430.49,1417.12,1563.61
2008-09-08,1380.5054677695637,1324.8859573810366,1407.1583514953847,1310.0526214966826,1268.0,1285.0,1473.73,1239.9,1079.25,1125.88,1093.96,1155.35,1255.71,1323.2,1454.75,1354.5,1456.39,1322.28,1112.7,1185.88,1185.88,1192.59,1493.74,1335.59,1425.51,1324.46,1200.0,1296.0,,,1257.75,1296.92,1329.0,1429.0,1445.69,1396.53,1089.19,1128.97,1244.0,1147.0,1086.8,1128.0,1197.0,1206.0,1629.0,1364.0,1261.52,1246.83,1467.2,1317.8,1080.54,1141.81,1399.71,1399.71,1132.0,1174.0,1326.05,1435.85,1389.96,1534.76
2008-09-01,1389.2777326162725,1337.8111646761208,1416.3109028510712,1321.3435795227695,1304.0,1328.0,1449.67,1219.52,1098.27,1152.27,1094.24,1156.92,1255.25,1325.65,1469.75,1369.75,1481.85,1346.4,1113.34,1211.32,1194.46,1200.56,1516.28,1354.76,1436.45,1336.1,1195.0,1295.0,,,1263.44,1315.9,1329.0,1429.0,1454.13,1415.97,1097.24,1149.73,1269.0,1175.0,1089.24,1128.32,1197.0,1206.0,1629.0,1364.0,1319.46,1308.08,1456.23,1310.2,1109.28,1186.07,1410.03,1420.6,1132.0,1174.0,1313.63,1423.57,1382.34,1526.35
2008-08-25,1394.8111506314794,1342.6622294100914,1416.3138248822456,1322.26310448783,1278.0,1308.0,1468.33,1255.58,1070.05,1125.88,1094.8,1159.12,1280.02,1353.04,1485.5,1386.0,1490.72,1366.04,1112.45,1223.91,1189.29,1194.86,1522.33,1371.58,1420.98,1324.87,1185.0,1288.0,,,1281.69,1335.1,1329.0,1429.0,1450.35,1418.25,1087.0,1142.33,1240.0,1149.0,1086.0,1152.81,1197.0,1206.0,1619.0,1367.0,1346.35,1338.48,1451.82,1308.01,1108.11,1184.83,1394.5,1383.81,1129.0,1197.0,1334.65,1436.25,1406.26,1553.3
2008-08-18,1386.6602163507603,1342.2744494516405,1399.7999517933167,1319.1282691005238,1271.0,1298.0,1474.27,1247.27,1070.05,1125.88,1106.86,1198.18,1280.15,1359.54,1435.25,1352.75,1461.38,1324.63,1139.54,1265.0,1192.11,1204.66,1546.58,1351.01,1416.8,1321.98,1192.0,1298.0,,,1269.19,1330.5,1329.0,1429.0,1448.54,1418.55,1081.78,1142.43,1240.0,1149.0,1086.31,1151.71,1197.0,1206.0,1599.0,1413.0,1345.7,1339.42,1454.15,1327.35,1104.35,1194.96,1395.03,1384.33,1129.0,1197.0,1346.85,1444.04,1423.87,1574.64
2008-08-11,1403.7052735566654,1368.3309044877735,1413.0588421086522,1343.4067726788335,1285.0,1323.0,1483.8,1275.75,1070.05,1152.27,1118.02,1205.38,1316.17,1402.85,1467.0,1417.0,1458.5,1324.45,1139.54,1265.0,1196.86,1217.09,1554.99,1361.94,1418.3,1338.43,1200.0,1317.0,,,1282.41,1356.26,1330.0,1430.0,1453.2,1427.88,1097.8,1190.59,1240.0,1149.0,1095.26,1176.89,1197.0,1206.0,1597.0,1413.0,1390.39,1388.55,1468.8,1363.54,1099.76,1194.91,1387.57,1387.57,1161.0,1264.0,1355.39,1456.01,1457.46,1614.48
2008-08-04,1406.7333364665335,1393.343653868663,1412.6409660092993,1368.6034181828443,1284.0,1354.0,1488.17,1317.03,1081.71,1193.37,1128.88,1227.14,1335.04,1424.48,1447.0,1407.0,1463.71,1369.88,1139.54,1265.0,1212.44,1262.83,1539.68,1383.98,1419.41,1372.58,1210.0,1336.0,,,1298.88,1390.45,1330.0,1430.0,1467.45,1462.36,1122.69,1217.72,1263.0,1194.0,1100.55,1199.83,1197.0,1206.0,1609.0,1413.0,1432.88,1431.33,1477.41,1389.05,1137.53,1243.02,1400.17,1421.32,1161.0,1264.0,1355.41,1463.72,1453.42,1619.32
2008-07-28,1422.8003703891666,1415.2136829056064,1428.3088333462974,1389.8378240547156,1279.0,1380.0,1523.53,1356.07,1095.82,1209.33,1158.29,1258.61,1368.98,1465.67,1444.5,1414.0,1456.77,1395.12,1139.54,1265.0,1234.05,1288.8,1682.98,1402.81,1442.74,1400.53,1245.0,1366.0,,,1345.33,1433.58,1298.0,1399.0,1489.64,1484.71,1137.14,1229.77,1263.0,1249.0,1128.96,1235.6,1197.0,1206.0,1611.0,1413.0,1451.35,1450.41,1510.33,1416.75,1145.11,1241.01,1389.92,1442.81,1212.0,1311.0,1366.34,1470.55,1475.22,1649.34
2008-07-21,1451.452086961483,1447.7941466596506,1458.8046097999006,1425.4196266066792,1317.0,1397.0,1561.57,1392.17,1155.95,1263.93,1163.75,1270.18,1420.63,1522.07,1482.0,1464.5,1501.06,1443.43,1178.15,1302.78,1264.16,1318.52,1538.1,1362.77,1478.3,1437.91,1269.0,1384.0,,,1375.79,1464.8,1298.0,1399.0,1524.12,1518.98,1162.96,1256.02,1292.0,1299.0,1136.23,1264.22,1197.0,1206.0,1687.0,1495.0,1454.43,1452.56,1522.67,1425.68,1172.49,1268.32,1411.06,1474.52,1212.0,1311.0,1368.45,1473.06,1502.66,1672.39
2008-07-14,1466.6908586490172,1456.1882912130698,1480.677550804392,1436.650214770104,1313.0,1423.0,1561.57,1392.17,1155.95,1263.93,1163.75,1270.18,1404.12,1505.02,1539.25,1498.25,1529.35,1473.05,1180.58,1304.44,1276.94,1329.02,1538.1,1362.77,1486.18,1440.04,1271.0,1386.0,,,1395.19,1458.17,1298.0,1399.0,1532.35,1528.42,1160.18,1256.68,1322.0,1274.0,1136.88,1250.71,1197.0,1206.0,1687.0,1495.0,1445.3,1445.92,1524.51,1428.15,1165.18,1260.56,1461.86,1525.23,1217.0,1295.0,1370.06,1473.68,1497.66,1666.11
2008-07-07,1473.9252451207685,1454.2765671992984,1494.0720190417649,1436.257029267811,1329.0,1433.0,1574.67,1390.47,1162.7,1263.93,1163.75,1269.9,1391.59,1492.02,1560.25,1516.0,1543.47,1487.15,1179.3,1295.23,1270.74,1323.42,1538.1,1362.77,1490.17,1436.64,1270.0,1378.0,,,1355.26,1442.33,1298.0,1399.0,1528.3,1524.07,1174.23,1266.77,1322.0,1274.0,1117.35,1223.9,1197.0,1206.0,1789.0,1470.0,1414.98,1416.79,1517.2,1418.93,1150.84,1251.04,1481.95,1545.74,1217.0,1295.0,1371.2,1474.99,1497.88,1664.61
2008-06-30,1462.0692682092354,1444.2193658494248,1479.9816909827794,1427.7617364708976,1347.0,1431.0,1566.97,1379.43,1149.2,1243.07,1163.75,1262.37,1373.71,1473.74,1544.5,1500.25,1537.97,1449.47,1175.34,1290.38,1260.61,1305.17,1538.1,1362.77,1490.93,1432.72,1267.0,1378.0,,,1340.67,1427.02,1298.0,1399.0,1524.97,1520.52,1149.09,1246.49,1322.0,1258.0,1118.21,1222.51,1197.0,1206.0,1681.0,1470.0,1395.58,1400.05,1518.25,1428.26,1120.42,1211.04,1461.41,1493.09,1206.0,1294.0,1363.95,1462.61,1500.09,1666.53
2008-06-23,1452.0264356119435,1435.1647397395936,1466.82074051202,1417.3959199624542,1321.0,1384.0,1535.93,1347.27,1158.4,1258.41,1157.07,1249.67,1362.4,1461.26,1511.0,1472.0,1531.18,1445.37,1176.17,1287.05,1255.59,1299.06,1538.1,1362.77,1497.13,1445.13,1267.0,1383.0,,,1318.17,1403.13,1237.0,1307.0,1525.03,1520.65,1151.84,1250.48,1322.0,1258.0,1130.25,1237.01,1197.0,1206.0,1685.0,1436.0,1386.14,1395.06,1507.7,1420.5,1102.76,1195.34,1473.42,1505.36,1206.0,1294.0,1357.07,1455.83,1496.3,1660.67
2008-06-16,1448.7367841306473,1438.9401229252871,1466.4264882159268,1424.1987265547098,1345.0,1404.0,1540.3,1379.8,1158.4,1258.41,1149.96,1233.07,1358.47,1457.44,1515.5,1487.5,1532.56,1466.86,1159.1,1283.47,1251.6,1296.73,1538.1,1362.77,1493.52,1452.52,1256.0,1383.0,,,1256.94,1339.2,1237.0,1307.0,1524.64,1520.34,1155.25,1259.63,1322.0,1280.0,1111.03,1217.25,1090.0,1103.0,1681.0,1455.0,1354.85,1377.28,1495.82,1408.35,1105.71,1198.54,1470.18,1523.68,1187.0,1298.0,1346.44,1444.98,1494.9,1659.62
2008-06-09,1432.4388518469311,1422.4709228719767,1452.9394180318184,1408.6678713282136,1341.0,1386.0,1533.87,1370.37,1135.09,1232.64,1134.7,1218.36,1335.38,1432.81,1505.25,1483.75,1490.64,1411.55,1159.1,1283.6,1237.12,1289.0,1495.12,1276.85,1471.28,1420.37,1249.0,1388.0,,,1257.28,1339.36,1237.0,1307.0,1502.78,1497.85,1130.55,1232.51,1310.0,1240.0,1104.15,1209.45,1090.0,1103.0,1683.0,1451.0,1361.08,1387.67,1489.89,1412.7,1097.98,1217.56,1437.74,1464.48,1187.0,1298.0,1345.01,1443.54,1465.48,1626.3
2008-06-02,1431.2447231944723,1432.5635058721418,1445.8924607058534,1417.0461579474625,1319.0,1397.0,1541.63,1389.13,1119.13,1247.98,1109.06,1183.41,1312.22,1409.08,1497.0,1487.0,1528.4,1468.06,1138.27,1280.79,1233.52,1300.49,1524.55,1314.86,1475.53,1454.15,1239.0,1388.0,,,1288.54,1372.56,1206.0,1248.0,1496.4,1490.21,1132.27,1244.8,1296.0,1275.0,1082.99,1218.45,1090.0,1103.0,1658.0,1426.0,1355.6,1385.52,1488.93,1413.15,1114.3,1235.66,1462.26,1521.23,1157.0,1259.0,1339.1,1446.63,1476.17,1638.97
2008-05-26,1417.9347215982907,1423.5990226459596,1438.9241595680926,1413.1117002608923,1311.0,1382.0,1530.93,1361.43,1119.13,1247.98,1099.18,1174.76,1296.18,1380.39,1487.0,1477.0,1505.32,1483.87,1132.0,1257.53,1228.46,1308.54,1502.52,1316.55,1465.9,1437.99,1228.0,1365.0,,,1269.37,1351.54,1206.0,1248.0,1497.1,1493.51,1121.86,1232.92,1282.0,1267.0,1081.85,1215.66,1090.0,1103.0,1656.0,1479.0,1331.24,1351.52,1473.85,1392.77,1102.59,1222.67,1444.79,1541.54,1157.0,1259.0,1302.3,1407.53,1444.95,1601.39
2008-05-19,1403.744513164613,1397.6282468547852,1426.2647444609495,1387.4900544997568,1321.0,1367.0,1506.83,1330.33,1105.02,1237.55,1074.55,1147.25,1285.48,1346.26,1490.25,1468.75,1486.36,1459.55,1106.05,1231.45,1205.04,1269.98,1480.32,1311.16,1445.37,1410.45,1221.0,1341.0,,,1254.64,1328.63,1206.0,1248.0,1473.16,1467.06,1111.24,1208.57,1265.0,1267.0,1073.01,1169.65,1090.0,1103.0,1626.0,1435.0,1333.53,1348.6,1461.3,1358.38,1103.91,1200.5,1447.11,1511.71,1114.0,1188.0,1275.81,1371.13,1416.24,1560.96
2008-05-12,1378.3531784476634,1351.3052925911759,1397.6983764014672,1338.0795935889137,1290.0,1308.0,1475.53,1267.03,1081.71,1175.58,1061.82,1130.13,1261.6,1312.3,1442.0,1404.0,1467.61,1404.62,1087.01,1189.91,1186.43,1218.57,1474.77,1270.46,1415.52,1347.98,1176.0,1276.0,,,1213.28,1273.94,1206.0,1248.0,1459.08,1445.65,1098.74,1171.19,1265.0,1210.0,1067.38,1165.59,1090.0,1103.0,1619.0,1401.0,1290.67,1281.83,1436.36,1327.09,1086.63,1181.71,1414.84,1479.44,1114.0,1188.0,1250.79,1338.06,1407.65,1540.03
2008-05-05,1364.4666515239205,1326.6729189288324,1386.3188561766156,1314.1260260340812,1275.0,1288.0,1475.53,1267.03,1060.84,1144.29,1059.12,1124.67,1246.09,1296.47,1441.5,1361.0,1400.35,1340.05,1065.92,1171.12,1173.93,1198.55,1424.82,1214.29,1408.11,1334.37,1171.0,1264.0,,,1193.79,1250.57,1206.0,1248.0,1431.6,1411.36,1073.53,1146.0,1248.0,1196.0,1044.38,1123.12,1090.0,1103.0,1600.0,1390.0,1269.5,1253.52,1434.93,1313.06,1041.27,1127.92,1362.79,1405.57,1083.0,1160.0,1233.73,1309.8,1404.71,1532.96
2008-04-28,1355.2419314232436,1312.9784879404876,1374.4408259125416,1298.0384577586608,1255.0,1270.0,1468.6,1249.13,1042.44,1128.95,1043.52,1099.69,1224.08,1267.64,1441.5,1360.0,1435.21,1360.17,1066.43,1171.37,1166.28,1190.54,1417.42,1233.63,1401.66,1316.19,1141.0,1240.0,,,1189.11,1245.71,1206.0,1248.0,1395.85,1377.11,1081.79,1146.58,1230.0,1153.0,1046.56,1132.52,1090.0,1097.0,1596.0,1351.0,1261.58,1247.01,1415.74,1289.79,1044.77,1131.72,1373.06,1426.52,1083.0,1160.0,1222.99,1293.19,1395.43,1517.76
2008-04-21,1336.3462484413367,1292.8062905400554,1358.5363014678508,1279.2628266931245,1241.0,1248.0,1429.83,1214.43,1021.58,1116.07,1039.33,1098.78,1226.3,1274.04,1423.5,1337.25,1401.81,1320.06,1066.56,1171.88,1143.99,1169.22,1442.48,1201.0,1382.93,1302.46,1131.0,1227.0,,,1176.62,1233.13,1206.0,1248.0,1380.72,1366.36,1063.42,1121.73,1206.0,1138.0,1038.59,1118.2,1090.0,1097.0,1577.0,1319.0,1258.96,1244.33,1401.02,1276.27,1062.58,1151.01,1352.81,1368.8,1069.0,1112.0,1207.15,1287.26,1355.95,1474.42
2008-04-14,1327.0248661622823,1279.0514410242063,1349.3625912551934,1264.541246705523,1237.0,1248.0,1422.47,1201.33,1019.74,1098.89,1029.41,1083.08,1234.12,1259.74,1410.75,1333.0,1390.4,1324.7,1049.68,1139.29,1130.61,1149.82,1414.56,1253.64,1380.4,1287.11,1123.0,1183.0,,,1177.02,1235.44,1189.0,1207.0,1380.4,1346.01,1052.86,1100.92,1206.0,1124.0,1038.89,1096.28,1090.0,1097.0,1557.0,1298.0,1253.92,1239.56,1398.76,1249.19,1043.68,1130.54,1322.56,1365.09,1069.0,1112.0,1212.59,1285.06,1347.52,1458.89
2008-04-07,1319.1266888518146,1256.5346960953473,1334.7166782985441,1238.6951568145505,1217.0,1224.0,1419.43,1186.0,1010.53,1067.59,1029.41,1085.46,1226.83,1250.73,1383.0,1294.5,1411.68,1284.32,1049.68,1149.13,1123.59,1126.5,1431.55,1171.57,1370.96,1257.5,1117.0,1179.0,,,1169.2,1233.64,1189.0,1207.0,1364.2,1326.47,1022.85,1083.76,1193.0,1085.0,1038.59,1110.31,1090.0,1097.0,1554.0,1269.0,1243.35,1229.46,1389.51,1245.78,1024.23,1073.14,1338.5,1317.15,1055.0,1138.0,1209.55,1281.06,1358.54,1462.85
2008-03-31,1313.5072744393385,1255.601798566545,1333.9708061311633,1242.4753447320388,1223.0,1233.0,1403.33,1177.0,1017.28,1085.39,1028.76,1075.27,1212.12,1237.5,1389.5,1308.5,1386.65,1278.03,1049.81,1163.7,1125.74,1128.33,1408.0,1170.73,1365.56,1258.66,1115.0,1182.0,,,1145.06,1207.54,1189.0,1207.0,1363.13,1326.94,1036.36,1096.59,1193.0,1106.0,1039.1,1108.56,1090.15,1020.27,1540.0,1269.0,1218.63,1200.74,1382.01,1255.69,1011.59,1059.89,1323.83,1334.47,1055.0,1138.0,1202.04,1272.76,1345.83,1442.4
2008-03-17,1326.42092760262,1272.7928608054215,1352.5853840315062,1265.2951866165774,1245.0,1250.0,1436.0,1217.0,1008.08,1101.34,1028.76,1067.86,1229.76,1254.87,1431.5,1341.75,1383.49,1323.16,1049.68,1165.75,1130.42,1149.63,1408.0,1265.75,1368.95,1279.85,1118.0,1169.0,,,1155.79,1207.78,1166.0,1174.0,1385.52,1349.0,1029.34,1093.87,1188.0,1133.0,1038.59,1110.31,1090.15,1020.27,1533.0,1299.0,1219.13,1175.99,1393.98,1249.74,1004.32,1052.27,1302.65,1381.82,1058.0,1113.0,1206.11,1273.91,1354.39,1439.25
2008-03-10,1330.116351752137,1259.0147069845543,1347.718725548667,1245.6241723475034,1236.0,1205.0,1440.8,1192.83,1001.33,1057.16,1026.48,1059.36,1230.06,1241.72,1418.0,1327.75,1373.1,1299.35,1037.16,1116.79,1120.52,1135.86,1398.08,1249.94,1367.67,1256.0,1118.0,1146.0,,,1142.69,1171.61,1166.0,1174.0,1388.75,1325.07,1011.13,1069.4,1188.0,1108.0,1039.18,1082.24,1090.15,1020.27,1533.0,1285.0,1216.5,1156.17,1401.63,1231.33,1015.38,1063.86,1313.91,1372.47,1067.0,1090.0,1210.94,1268.79,1393.26,1475.72
2008-03-03,1326.4915504054834,1239.2158509564542,1347.2022589925016,1226.6970325380003,1222.0,1189.0,1427.63,1154.53,1014.83,1046.73,1015.4,1022.1,1234.36,1246.29,1411.5,1310.5,1387.83,1250.92,1037.16,1116.79,1127.39,1107.62,1408.0,1210.08,1374.67,1239.87,1120.0,1141.0,,,1138.68,1167.66,1166.0,1174.0,1388.46,1313.45,1024.42,1057.58,1188.0,1083.0,1038.74,1081.78,1090.15,1020.27,1537.0,1259.0,1221.47,1159.38,1401.94,1223.14,984.68,1014.04,1317.6,1312.26,1067.0,1090.0,1202.58,1258.45,1373.87,1447.83
2008-02-25,1328.4397582614051,1235.5750609475097,1345.85181963108,1221.4133382855948,1237.0,1202.0,1456.87,1157.57,1014.83,1046.73,1015.71,996.36,1240.76,1257.64,1404.25,1302.0,1405.62,1251.37,1037.16,1116.79,1128.54,1103.87,1422.13,1217.15,1379.47,1236.77,1110.0,1123.0,,,1138.02,1159.37,1166.0,1174.0,1385.05,1309.05,1026.84,1049.9,1208.0,1083.0,1020.67,1047.95,1090.15,1020.27,1550.0,1245.0,1199.1,1130.1,1381.39,1201.48,1009.3,1039.39,1335.42,1319.32,1022.0,1030.0,1184.37,1243.03,1388.46,1462.25
2008-02-18,1315.5966485988458,1215.926397185697,1331.6442855148448,1200.319665461367,1226.0,1192.0,1429.63,1127.7,1008.08,1033.85,992.69,982.82,1205.95,1220.46,1387.25,1280.5,1389.58,1236.67,1003.41,1083.11,1112.52,1083.12,1464.23,1266.77,1355.51,1212.91,1089.0,1100.0,,,1117.09,1138.84,1195.0,1199.0,1367.02,1278.86,1014.33,1034.76,1171.0,1048.0,1011.77,1037.6,1090.15,1020.27,1549.0,1235.0,1173.94,1105.46,1356.87,1174.27,993.96,1022.79,1343.0,1310.74,1022.0,1030.0,1181.19,1239.48,1382.05,1452.6
2008-02-11,1292.4553039990008,1189.3302262458587,1300.5255177073648,1168.5483525590632,1169.0,1143.0,1392.9,1096.07,966.36,989.67,993.48,982.82,1191.19,1208.58,1333.25,1223.25,1345.62,1185.97,979.64,1059.4,1099.38,1063.21,1427.4,1226.58,1322.89,1176.41,1077.0,1089.0,,,1099.7,1113.8,1195.0,1199.0,1352.35,1258.79,1000.59,1021.36,1143.0,1016.0,1000.29,1021.81,1090.15,1020.27,1518.0,1206.0,1167.47,1097.74,1356.91,1170.41,977.01,1007.12,1294.03,1262.18,1027.0,1024.0,1168.39,1226.09,1389.31,1458.89
2008-02-04,1299.424020821179,1190.655979041648,1309.9220563667334,1169.3718657871698,1180.0,1160.0,1375.7,1083.17,968.81,987.22,1004.99,982.0,1193.55,1213.93,1370.5,1249.75,1344.5,1174.09,981.68,1061.44,1093.12,1051.3,1426.22,1218.0,1326.36,1175.13,1081.0,1092.0,,,1132.13,1147.12,1195.0,1199.0,1352.92,1258.77,1007.5,1027.62,1154.0,1016.0,998.57,1020.06,1090.15,1020.27,1483.0,1167.0,1180.69,1117.98,1359.66,1171.46,982.2,1012.46,1295.43,1252.92,1027.0,1024.0,1166.69,1223.75,1386.65,1452.78
2008-01-28,1294.9686213747366,1185.3724073853527,1301.8172513715251,1162.5284487158713,1178.0,1151.0,1404.1,1082.5,968.81,979.24,1004.68,981.7,1194.48,1215.53,1340.5,1222.25,1339.13,1170.06,999.83,1071.8,1094.56,1049.54,1420.0,1218.0,1321.23,1169.29,1086.0,1098.0,,,1124.35,1139.29,1195.0,1199.0,1351.75,1254.85,1013.35,1033.43,1154.0,1016.0,1002.15,1019.35,1090.15,1020.27,1494.0,1175.0,1171.95,1110.9,1370.95,1179.42,948.08,977.29,1274.91,1232.73,1059.0,1055.0,1153.13,1210.21,1402.76,1468.47
2008-01-21,1298.4495845627707,1192.4021737154574,1307.8561578127385,1171.4285484357526,1183.0,1156.0,1414.57,1095.27,980.47,987.22,1024.27,1006.92,1183.97,1199.67,1349.5,1236.5,1335.25,1174.21,1011.59,1111.42,1098.33,1052.45,1354.56,1161.4,1338.44,1187.32,1100.0,1116.0,,,1134.99,1153.68,1195.0,1199.0,1355.99,1260.5,1019.7,1039.32,1154.0,1016.0,1029.94,1039.97,1090.15,1020.27,1494.0,1173.0,1170.08,1110.84,1392.29,1197.25,955.82,985.27,1260.13,1228.47,1059.0,1055.0,1148.16,1203.83,1402.27,1467.74
2008-01-14,1309.9732377152848,1206.1863638219322,1328.883631928846,1190.9379586775458,1204.0,1182.0,1375.73,1079.8,989.88,994.48,1023.0,1020.7,1211.33,1226.02,1384.25,1261.75,1367.31,1188.67,1011.59,1111.42,1112.51,1068.2,1378.78,1171.83,1369.98,1214.76,1111.0,1129.0,,,1157.68,1176.83,1187.0,1181.0,1371.94,1287.22,1026.6,1047.64,1185.0,1042.0,1040.06,1050.07,1090.15,1020.27,1504.0,1177.0,1200.1,1139.8,1397.83,1204.77,958.43,988.05,1291.67,1238.47,1055.0,1072.0,1173.39,1229.05,1366.09,1431.18
2008-01-07,1320.6305417273836,1219.6201528663237,1339.5148672616162,1204.7437739900618,1201.0,1180.0,1423.33,1111.37,1003.17,1028.22,994.83,1012.31,1182.33,1213.77,1403.75,1287.25,1404.06,1230.91,1006.93,1105.99,1114.73,1082.89,1409.05,1203.11,1370.07,1222.6,1097.0,1118.0,,,1128.73,1148.51,1187.0,1181.0,1377.18,1295.83,1010.81,1037.09,1185.0,1042.0,1019.47,1046.68,1090.15,1020.27,1545.0,1211.0,1185.58,1134.26,1387.66,1204.62,990.13,1015.16,1318.02,1275.3,1055.0,1072.0,1159.29,1212.07,1385.2,1451.18
2007-12-17,1282.491730657942,1183.8519634989314,1303.672525993996,1185.077419021836,1209.0,1179.0,1390.67,1082.13,,,996.13,1006.88,1172.91,1210.3,1356.5,1275.0,1361.51,1206.06,929.53,1012.62,1095.87,1064.5,1353.21,1125.44,1322.39,1195.99,1058.0,1089.0,,,1133.28,1153.76,1187.0,1181.0,1358.66,1281.36,945.97,971.48,1146.0,1007.0,968.99,1017.8,1090.15,1020.27,1484.0,1174.0,1203.84,1153.25,1365.0,1200.21,,,1262.25,1198.82,1048.0,1086.0,1151.9,1206.05,1437.57,1507.03
2007-12-10,1274.7800721847343,1187.5924690433735,1293.229735549614,1190.4393809954554,1208.0,1180.0,1381.04,1090.38,,,1014.09,1036.3,1195.17,1235.44,1317.0,1284.5,1337.68,1186.22,929.53,1012.62,1095.71,1070.03,1335.72,1110.14,1318.8,1201.34,1065.0,1065.0,,,1152.59,1177.8,1187.0,1181.0,1361.99,1290.03,923.49,962.62,1146.0,1007.0,972.92,1024.5,1090.15,1020.27,1484.0,1174.0,1230.52,1178.77,1375.02,1206.83,,,1246.52,1172.2,1048.0,1086.0,1168.59,1224.14,1426.92,1493.72
2007-12-03,1289.9898923999724,1203.8024253744813,1312.145780835776,1208.4126420714824,1227.0,1196.0,1445.13,1213.53,,,1013.95,1033.93,1186.3,1227.19,1359.75,1288.5,1346.46,1235.15,929.53,1012.62,1109.89,1081.72,1342.28,1150.0,1337.64,1227.2,1083.0,1104.0,,,1157.04,1170.93,1187.0,1181.0,1363.44,1291.56,939.65,977.31,1165.0,1051.0,980.45,1037.53,1090.15,1020.27,1480.0,1201.0,1225.12,1172.88,1378.46,1202.19,,,1251.93,1219.94,1059.0,1080.0,1161.25,1216.66,1443.4,1508.26
2007-11-26,1296.0875123731837,1203.182044388958,1328.5265356788827,1213.2246857587857,1236.0,1204.0,1441.43,1209.6,,,1007.39,1019.38,1164.21,1191.03,1409.0,1316.5,1360.09,1251.44,917.52,987.05,1105.1,1072.14,1356.41,1164.8,1343.77,1227.75,1082.0,1098.0,,,1128.44,1130.51,1187.0,1181.0,1363.88,1289.21,940.64,969.5,1165.0,1074.0,985.83,1040.21,1078.5,1008.62,1511.0,1237.0,1202.39,1139.55,1378.13,1193.9,,,1285.39,1274.63,1059.0,1080.0,1148.29,1197.64,1422.52,1479.97
2007-11-19,1295.76758115966,1191.1780899784762,1327.8852005266317,1199.3731226014952,1239.0,1185.0,1441.73,1203.4,,,1007.39,1019.38,1167.76,1192.48,1422.5,1327.75,1351.15,1237.1,918.41,956.12,1092.16,1051.8,1297.83,1079.19,1344.41,1210.75,1083.0,1094.0,,,1141.6,1129.42,1187.0,1181.0,1360.44,1264.19,947.63,962.23,1165.0,1040.0,980.98,1022.45,1078.5,1008.62,1509.0,1227.0,1209.07,1140.96,1367.12,1179.84,,,1286.24,1243.15,1035.0,1031.0,1152.56,1193.56,1420.23,1473.64
2007-11-12,1301.6119815520333,1188.5266110231385,1333.1328532575658,1196.5363108287893,1244.0,1195.0,1431.17,1174.23,,,989.63,978.12,1160.93,1158.6,1448.0,1335.25,1387.45,1253.27,918.41,956.12,1091.54,1048.23,1325.24,1087.6,1344.96,1207.97,1074.0,1079.0,,,1129.88,1112.67,1133.0,1103.0,1356.42,1259.41,958.98,973.14,1187.0,1068.0,970.96,1017.94,1078.5,1008.62,1525.0,1237.0,1202.9,1121.66,1347.52,1154.03,,,1302.38,1248.74,1035.0,1031.0,1157.67,1198.15,1430.08,1478.78
2007-11-05,1278.4833046418532,1150.8068955700542,1300.2918078554796,1152.3012394639995,1214.0,1141.0,1394.47,1104.67,,,989.63,978.12,1118.78,1110.32,1378.5,1235.75,1379.07,1223.45,902.94,940.78,1083.68,1030.33,1318.18,1067.76,1315.28,1166.12,1047.0,1043.0,,,1120.35,1097.72,1133.0,1103.0,1331.65,1229.38,935.94,935.42,1165.0,1007.0,920.73,949.2,1078.5,1008.62,1526.0,1238.0,1182.85,1090.65,1329.55,1131.9,,,1311.3,1235.69,1000.0,994.0,1146.26,1172.06,1427.25,1467.4
2007-10-29,1261.4697912489012,1132.906233742167,1283.436411944469,1134.471561283005,1175.0,1104.0,1378.37,1100.97,,,955.92,943.99,1120.83,1111.77,1362.0,1222.5,1333.4,1172.43,872.01,896.17,1075.45,1021.14,1280.0,1027.39,1294.54,1145.29,1032.0,1029.0,,,1115.3,1081.85,1133.0,1103.0,1319.09,1213.84,927.33,926.05,1141.0,986.0,917.12,937.05,1064.52,989.98,1493.0,1161.0,1192.13,1098.05,1322.08,1122.45,,,1271.76,1190.17,1000.0,994.0,1137.99,1161.55,1405.87,1440.65
2007-10-22,1255.6582837022752,1123.070532345965,1279.6963029669323,1125.9891692753965,1171.0,1096.0,1383.07,1110.93,,,955.92,943.99,1107.55,1076.13,1369.25,1215.0,1333.35,1164.33,874.31,899.11,1065.0,1008.41,1280.0,1021.0,1286.75,1134.9,1021.0,1019.0,,,1103.67,1070.36,1133.0,1103.0,1313.46,1207.57,884.68,883.8,1141.0,986.0,913.89,925.29,1064.52,989.98,1474.0,1145.0,1159.46,1065.66,1314.94,1114.5,,,1257.8,1181.83,988.0,984.0,1124.89,1137.15,1402.23,1432.18
2007-10-15,1243.9434330903941,1107.3261214015695,1265.5244869702155,1108.3236639022302,1152.0,1076.0,1359.17,1071.83,,,955.92,943.99,1095.81,1059.8,1332.75,1182.5,1309.87,1146.14,848.11,897.83,1055.71,995.37,1314.0,1017.0,1269.74,1114.95,1015.0,1014.0,,,1124.82,1084.04,1149.0,1101.0,1311.83,1203.36,872.02,871.71,1120.0,953.0,913.1,917.37,1064.52,989.98,1460.0,1127.0,1150.36,1047.01,1321.19,1113.19,,,1241.71,1159.22,988.0,984.0,1134.85,1142.75,1394.53,1423.08
2007-10-08,1246.5035236896063,1106.1477147528324,1266.829727075648,1106.3952934789063,1154.0,1081.0,1364.53,1072.83,,,958.64,943.99,1097.66,1060.41,1340.0,1172.5,1296.35,1129.94,866.64,897.19,1055.32,994.67,1296.17,1006.74,1268.06,1114.57,1022.0,1017.0,,,1132.88,1085.07,1159.0,1103.0,1311.48,1203.36,870.91,870.7,1105.0,953.0,929.21,924.95,1064.52,989.98,1449.0,1123.0,1142.67,1037.77,1325.47,1115.06,,,1242.57,1149.84,1000.0,997.0,1131.68,1139.26,1405.25,1433.63
2007-10-01,1250.2510106247225,1112.1972652278941,1279.729352145136,1117.2558524966387,1183.0,1103.0,1368.13,1088.3,,,969.21,943.48,1097.5,1061.08,1367.75,1201.25,1299.82,1145.56,891.44,897.19,1066.87,1004.32,1301.55,1017.0,1277.11,1120.38,1027.0,1020.0,,,1125.94,1078.85,1159.0,1103.0,1314.09,1203.16,904.36,898.01,1131.0,971.0,930.4,926.14,1064.52,989.98,1463.0,1132.0,1140.32,1029.71,1327.51,1111.4,,,1238.85,1157.28,1000.0,997.0,1123.6,1135.31,1382.28,1412.69
2007-09-24,1249.067210110705,1110.5455001323137,1282.4961022659718,1118.4078869867171,1180.0,1103.0,1354.53,1080.23,,,960.2,931.84,1096.56,1049.91,1371.3,1214.3,1306.65,1145.66,891.44,897.19,1066.53,1003.1,1329.21,1044.34,1284.02,1122.43,1026.0,1013.0,,,1132.38,1085.13,1159.0,1103.0,1313.24,1197.45,914.64,904.2,1144.0,971.0,911.41,908.57,1080.83,971.35,1470.0,1134.0,1146.12,1025.4,1330.8,1101.23,,,1251.43,1164.3,1004.0,972.0,1117.12,1116.39,1361.92,1390.39
2007-09-17,1245.43379877398,1099.955307184727,1277.7676224331428,1107.2046291785919,1178.0,1088.0,1341.6,1073.7,,,953.77,921.64,1101.41,1050.36,1361.25,1189.75,1312.91,1143.76,891.57,878.79,1064.1,995.72,1334.93,1039.96,1276.55,1113.44,1023.0,1000.0,,,1101.9,1043.51,1175.0,1105.0,1307.5,1188.59,920.68,899.19,1118.0,958.0,907.54,897.56,1080.83,971.35,1476.0,1134.0,1136.08,1006.03,1328.88,1090.63,,,1248.32,1140.61,1004.0,972.0,1125.4,1122.97,1363.29,1389.1
2007-09-10,1250.145646315627,1089.7760578931197,1278.1917545728531,1091.5430620307834,1163.0,1067.0,1355.77,1048.13,,,953.77,921.64,1100.14,1047.75,1357.5,1161.75,1326.71,1133.34,892.08,879.3,1063.21,984.0,1340.15,1032.56,1287.1,1101.91,1021.0,992.0,,,1094.49,1036.87,1175.0,1105.0,1308.83,1173.52,926.02,894.52,1146.0,958.0,911.95,891.91,1080.83,971.35,1471.0,1120.0,1123.76,989.16,1319.33,1083.78,,,1231.26,1129.9,1035.0,982.0,1130.33,1114.41,1392.81,1417.86
2007-09-03,1242.676967229531,1078.9441982648232,1263.1351062245596,1077.7665703447394,1139.0,1040.0,1313.3,1014.4,,,953.77,921.64,1098.81,1031.44,1326.5,1141.75,1321.07,1112.98,872.91,856.42,1055.69,973.12,1338.97,996.91,1272.97,1089.82,1011.0,987.0,,,1102.4,1044.67,1175.0,1105.0,1297.97,1167.74,910.81,880.42,1129.0,939.0,912.48,892.42,1080.83,971.35,1477.0,1101.0,1122.28,979.87,1320.41,1084.25,,,1240.67,1107.44,1035.0,982.0,1124.71,1107.15,1402.94,1426.17
2007-08-27,1238.0719215934057,1075.6086278309563,1257.9041888151082,1075.036601310774,1146.0,1045.0,1311.37,1017.7,,,954.86,921.64,1097.38,1028.01,1324.5,1134.5,1293.95,1097.78,872.91,856.42,1052.4,969.56,1314.75,1007.0,1266.27,1090.06,1015.0,988.0,,,1089.95,1029.09,1175.0,1105.0,1293.62,1164.43,899.56,871.18,1121.0,922.0,911.17,891.15,1078.5,989.98,1446.0,1087.0,1127.14,975.57,1325.42,1088.08,,,1225.99,1097.95,1037.0,988.0,1125.27,1107.75,1401.84,1421.98
2007-08-20,1242.3953826003979,1078.8884333954784,1263.674937295662,1079.2106403443006,1150.0,1050.0,1320.13,1026.13,,,964.36,921.64,1105.92,1034.59,1330.25,1140.25,1296.83,1101.97,873.93,858.08,1056.44,973.53,1313.93,1000.24,1272.99,1092.0,1017.0,987.0,,,1078.83,1017.63,1175.0,1105.0,1301.15,1171.43,898.3,871.66,1107.0,922.0,925.9,892.93,1078.5,989.98,1458.0,1089.0,1126.98,970.89,1331.36,1092.92,,,1231.56,1113.66,1037.0,988.0,1128.98,1110.05,1403.83,1422.8
2007-08-13,1247.8479777177404,1080.2855852804867,1266.7476565219183,1079.4580193480456,1150.0,1049.0,1316.43,1026.4,,,973.62,921.64,1094.92,1023.92,1337.5,1150.8,1281.79,1091.0,874.06,859.23,1054.54,963.01,1306.69,994.85,1270.61,1091.09,1025.0,999.0,,,1132.88,1045.45,1175.0,1105.0,1302.4,1174.41,893.2,869.89,1120.0,922.0,943.96,891.2,1078.5,989.98,1469.0,1087.0,1151.64,991.92,1335.65,1092.66,,,1212.11,1094.02,1056.0,995.0,1146.49,1118.6,1416.45,1426.77
2007-08-06,1257.3998960034485,1087.5323055008898,1279.1634786585435,1088.1086282779029,1162.0,1054.0,1333.3,1039.18,,,973.62,921.64,1096.23,1024.16,1344.0,1150.75,1304.65,1116.55,873.67,858.21,1067.58,981.37,1322.84,1011.0,1282.15,1100.06,1033.0,999.0,,,1128.76,1048.52,1175.0,1105.0,1332.93,1182.24,919.46,893.76,1134.0,944.0,958.67,895.52,1078.5,989.98,1461.0,1099.0,1153.72,995.62,1344.92,1088.56,,,1251.74,1121.57,1056.0,995.0,1147.81,1119.53,1413.61,1422.04
2007-07-30,1262.7066011953598,1083.2801481622782,1283.8411260003325,1082.066146856233,1164.0,1057.0,1319.15,1016.86,,,978.04,920.83,1100.05,1026.69,1340.5,1139.0,1309.0,1118.16,924.29,858.72,1071.4,978.45,1326.2,1011.0,1287.63,1096.03,1040.0,989.0,,,1123.46,1043.16,1175.0,1105.0,1348.53,1172.5,924.54,878.65,1134.0,944.0,958.94,897.22,1078.5,976.01,1463.0,1107.0,1152.35,980.16,1363.08,1089.57,,,1255.1,1124.59,1091.0,993.0,1148.17,1113.38,1424.5,1432.93
2007-07-23,1276.1743179367636,1086.1003331270592,1299.3923045328816,1083.5906774945097,1166.0,1059.0,1345.6,1036.32,,,1001.88,915.99,1092.44,1019.47,1364.25,1145.25,1311.69,1107.41,936.69,858.46,1082.99,982.16,1329.57,1011.0,1307.68,1097.4,1056.0,988.0,,,1173.73,1072.01,1175.0,1095.0,1356.7,1164.32,952.0,879.0,1155.0,944.0,955.52,895.27,1078.5,976.01,1485.0,1105.0,1169.11,996.79,1368.89,1088.68,,,1256.33,1109.36,1091.0,993.0,1165.43,1126.99,1432.99,1441.88
2007-07-16,1286.2665438078413,1088.3580846830257,1313.7548518126728,1088.25067582346,1173.0,1057.0,1359.52,1036.58,,,1002.43,915.99,1091.65,1017.87,1392.25,1170.75,1353.26,1112.71,935.16,855.78,1093.38,980.37,1359.0,1011.0,1325.67,1099.46,1058.0,983.0,,,1174.36,1072.84,1175.0,1095.0,1358.88,1164.4,962.89,879.98,1180.0,944.0,956.41,889.02,1078.5,976.01,1503.0,1108.0,1177.29,989.52,1367.41,1084.32,,,1304.88,1119.09,1092.0,989.0,1161.53,1128.56,1422.06,1430.57
2007-07-09,1277.3486893927252,1078.6742109450474,1301.0341161209412,1075.7111301102505,1162.0,1052.0,1347.6,1022.92,,,1006.42,916.14,1071.98,998.95,1359.25,1136.25,1346.7,1102.09,929.91,849.26,1090.94,973.41,1359.0,1003.1,1312.93,1087.95,1055.0,980.0,,,1173.7,1072.22,1175.0,1095.0,1352.35,1158.59,954.49,871.63,1162.0,944.0,956.0,881.47,1078.5,976.01,1506.0,1103.0,1179.31,991.15,1368.84,1084.22,,,1291.49,1116.96,1092.0,989.0,1150.2,1135.43,1422.39,1430.99
2007-07-02,1276.0779216165613,1079.2692773293088,1298.5247099038324,1076.1136110738332,1173.0,1054.0,1369.0,1040.62,,,1011.1,903.91,1068.97,995.79,1349.0,1128.5,1350.62,1107.38,929.91,845.04,1098.5,977.23,1345.76,996.0,1315.73,1089.91,1058.0,980.0,,,1174.65,1073.03,1154.0,1087.0,1351.09,1157.81,954.39,872.87,1162.0,944.0,957.51,882.86,1062.19,915.44,1500.2,1107.8,1182.83,994.65,1367.02,1083.27,,,1277.86,1115.97,1088.0,981.0,1143.59,1112.33,1426.16,1433.98
2007-06-25,1286.0988530666964,1082.9622208477413,1310.9860109956257,1079.547653159123,1135.0,992.0,1360.7,1032.14,,,1011.27,898.03,1063.13,994.29,1395.25,1170.75,1361.08,1113.86,930.04,845.81,1098.19,976.04,1346.94,990.62,1315.31,1085.99,1058.0,977.0,,,1169.51,1067.5,1154.0,1087.0,1350.93,1156.35,940.96,872.09,1181.0,944.0,959.49,884.8,1062.19,915.44,1517.0,1108.0,1166.13,980.84,1365.63,1078.63,,,1318.52,1167.09,1088.0,981.0,1134.47,1105.58,1433.44,1442.06
2007-06-18,1280.1592484432322,1075.9740041753723,1306.213834198753,1074.5770765082677,1135.0,990.0,1332.48,1013.65,,,1011.45,898.18,1066.96,994.16,1390.8,1167.3,1360.83,1106.93,929.15,840.18,1092.67,970.5,1354.0,996.0,1311.12,1082.33,1050.0,969.0,,,1149.79,1037.69,1154.0,1087.0,1346.14,1151.9,931.81,866.59,1162.0,924.0,952.18,880.37,1062.19,915.44,1507.0,1105.0,1162.56,962.62,1371.55,1069.89,,,1286.77,1106.58,1105.0,975.0,1132.24,1095.07,1427.76,1435.94
2007-06-11,1275.070579548323,1065.6822642858024,1302.3078494621561,1062.4628589401802,1128.0,979.0,1325.9,985.6,,,1011.62,898.34,1074.68,1001.13,1377.5,1126.8,1351.12,1098.62,930.04,826.12,1086.91,964.13,1342.04,999.2,1314.75,1081.12,1059.0,969.0,,,1132.39,1022.48,1154.0,1087.0,1346.21,1150.77,944.88,872.24,1162.0,924.0,953.34,881.55,1062.19,915.44,1502.0,1082.0,1155.75,955.91,1381.74,1065.8,,,1257.4,1096.75,1105.0,975.0,1116.64,1082.48,1424.14,1432.78
2007-06-04,1282.6543236032912,1067.8493095834879,1311.99448937719,1064.5208608938244,1129.0,979.0,1328.0,1003.0,,,1012.14,898.8,1080.39,1007.8,1409.5,1157.0,1350.5,1079.33,930.04,826.12,1091.43,954.64,1333.46,977.0,1321.41,1075.19,1067.0,970.0,,,1148.57,1039.42,1154.0,1087.0,1343.85,1147.78,948.11,867.99,1177.0,924.0,960.93,883.37,1062.19,915.44,1501.0,1079.0,1169.74,969.52,1380.43,1060.81,,,1269.8,1087.48,1103.0,962.0,1118.72,1093.16,1423.6,1433.61
2007-05-28,1283.0373378611012,1064.8022057364894,1313.6304610205536,1061.9932075701774,1120.0,985.0,1334.5,1000.58,,,996.74,891.14,1080.0,1004.62,1405.75,1139.5,1366.11,1092.35,933.11,827.91,1096.86,963.99,1347.76,990.79,1326.57,1075.31,1067.0,968.0,,,1136.9,1023.74,1154.0,1087.0,1342.73,1139.33,957.52,867.44,1194.0,924.0,949.44,883.37,992.31,906.13,1519.0,1081.0,1149.79,951.21,1374.03,1055.89,,,1308.24,1101.79,1103.0,962.0,1113.82,1084.44,1417.21,1429.42
2007-05-21,1272.4347164952435,1060.9276837508578,1302.3920536075682,1058.3469627704326,1114.0,989.0,1334.5,1000.58,,,990.41,886.99,1067.68,1002.52,1394.0,1145.25,1376.55,1081.39,930.94,827.02,1092.33,959.15,1321.34,1002.98,1317.21,1065.57,1054.0,963.0,,,1119.8,1026.79,1109.0,1072.0,1326.55,1131.89,957.3,868.98,1175.0,909.0,949.44,883.37,992.31,906.13,1525.0,1075.0,1144.71,962.46,1372.36,1056.22,,,1306.04,1089.09,1097.0,961.0,1112.72,1091.03,1401.97,1416.37
2007-05-14,1262.6190973391163,1057.8635497543837,1291.5696525620913,1054.9002717875198,1112.0,990.0,1320.48,995.25,,,959.1,887.28,1062.5,998.34,1380.8,1141.5,1350.1,1065.59,931.19,827.78,1081.19,954.75,1305.02,992.55,1310.14,1061.97,1052.0,963.0,,,1128.09,1034.15,1109.0,1072.0,1312.83,1129.0,954.22,870.64,1159.0,909.0,962.23,883.24,992.31,906.13,1511.0,1069.0,1150.13,969.77,1363.82,1056.94,,,1293.43,1087.6,1097.0,961.0,1125.42,1096.53,1389.22,1409.62
2007-05-07,1257.3837919701791,1058.0000069899872,1285.6472561447313,1054.200401568077,1116.0,996.0,1312.38,990.04,,,959.54,888.19,1062.8,1002.2,1366.75,1137.0,1355.41,1073.59,908.18,827.14,1075.46,950.81,1308.39,993.05,1316.37,1066.79,1042.0,962.0,,,1116.24,1038.19,1109.0,1072.0,1309.43,1129.3,950.94,869.63,1186.0,909.0,937.41,882.86,992.31,906.13,1505.0,1068.0,1137.84,978.8,1345.05,1054.81,,,1302.71,1095.41,1061.0,959.0,1126.01,1097.36,1383.94,1408.74
2007-04-30,1248.6099061097907,1058.4915345258569,1278.206266111906,1056.2606753169832,1103.0,990.0,1316.87,994.23,,,959.66,888.21,1035.49,987.7,1372.0,1153.3,1336.82,1072.41,885.18,826.51,1063.5,946.91,1304.35,1018.45,1299.14,1065.12,1022.0,957.0,,,1113.09,1034.42,1109.0,1072.0,1293.63,1128.71,936.58,870.56,1165.0,896.0,920.03,879.91,992.31,906.13,1505.0,1069.0,1129.6,975.67,1333.64,1060.9,,,1304.59,1096.99,1061.0,959.0,1119.07,1085.07,1368.88,1402.0
2007-04-23,1233.728281835811,1055.8102050640173,1257.8943788917545,1052.1073492797068,1080.0,987.0,1316.87,994.23,,,943.79,865.24,1038.46,990.44,1340.75,1138.25,1312.38,1060.1,880.57,826.51,1046.04,945.43,1284.0,987.0,1278.45,1065.16,1015.0,957.0,,,1121.45,1049.73,1109.0,1072.0,1279.61,1128.12,917.91,867.08,1132.0,896.0,920.75,876.57,992.31,906.13,1475.0,1065.0,1129.95,975.98,1323.33,1055.36,,,1254.63,1091.55,1046.0,954.0,1123.28,1089.94,1370.7,1406.93
2007-04-16,1221.9875390291086,1052.0259006999997,1246.828132729419,1048.753284806223,1075.0,983.0,1308.63,1002.73,,,944.6,865.98,1033.04,991.2,1309.25,1110.0,1309.28,1079.88,874.31,820.5,1046.34,951.05,1319.84,1024.5,1279.21,1067.54,1007.0,951.0,,,1108.42,1050.0,1054.0,1036.0,1276.21,1127.27,907.61,861.14,1132.0,903.0,897.45,859.05,992.31,906.13,1471.0,1074.0,1110.01,967.0,1312.49,1048.71,,,1261.93,1104.73,1046.0,954.0,1117.42,1102.46,1351.76,1393.81
2007-04-02,1206.3823609371434,1044.4150453874922,1234.0357862196113,1042.1303136960264,1060.0,971.0,1285.9,987.23,,,916.7,853.6,1003.9,975.73,1316.5,1132.25,1292.57,1071.1,851.3,812.32,1024.12,935.89,1308.91,1018.11,1255.14,1053.23,979.0,932.0,,,1075.75,1017.32,1054.0,1036.0,1256.4,1113.86,885.69,848.42,1108.0,903.0,861.34,844.39,992.31,906.13,1457.0,1075.0,1059.05,932.7,1289.46,1031.51,,,1242.66,1125.23,1007.0,923.0,1091.84,1087.84,1338.13,1388.9
2007-03-26,1184.8090684739873,1025.910271183574,1208.3007792738972,1021.450820620882,1035.0,957.0,1264.7,963.7,,,917.48,854.33,995.06,974.87,1279.25,1092.0,1256.43,1038.97,850.92,812.19,1001.7,916.58,1278.13,993.72,1228.92,1032.95,962.0,925.0,,,1076.56,1017.63,1016.0,1012.0,1240.43,1108.45,857.74,830.94,1083.0,883.0,842.73,831.45,992.31,906.13,1427.0,1044.0,1058.63,931.5,1289.1,1032.31,,,1218.27,1089.35,1015.0,929.0,1080.02,1073.84,1320.62,1373.72
2007-03-19,1180.122431441354,1024.592379744625,1207.5965915348477,1021.8068216248023,1042.0,963.0,1279.07,965.13,,,918.59,855.36,1000.97,979.12,1280.75,1090.0,1235.21,1032.48,850.79,844.53,1001.39,917.6,1245.7,987.93,1233.54,1036.02,968.0,928.0,,,1080.08,1020.44,1016.0,1012.0,1240.75,1108.92,867.86,841.49,1083.0,883.0,861.17,852.71,992.31,906.13,1409.0,1036.0,1048.93,932.87,1276.4,1026.78,,,1209.69,1080.55,1015.0,929.0,1105.48,1104.41,1301.64,1355.37
2007-03-12,1179.9095374952078,1029.0849257919842,1210.836292914274,1028.934498772198,1040.0,964.0,1267.2,985.4,,,882.88,842.16,974.68,961.4,1283.75,1100.75,1263.14,1049.71,847.21,846.19,1009.11,923.04,1267.06,999.54,1238.54,1049.69,964.0,926.0,,,1055.62,1004.68,1016.0,1012.0,1241.27,1108.92,867.5,850.49,1083.0,883.0,854.76,853.35,992.31,906.13,1431.0,1044.0,1027.86,926.31,1260.92,1021.14,,,1220.27,1091.14,967.0,907.0,1055.16,1066.79,1296.98,1351.03
2007-03-05,1172.8634930936296,1024.4133469138749,1207.2342216083648,1025.0780241160212,1033.0,958.0,1233.6,973.17,,,861.34,829.88,949.06,946.57,1298.5,1115.5,1270.11,1052.6,835.07,859.87,998.25,915.03,1272.44,1001.39,1223.92,1037.75,944.0,920.0,,,1012.69,978.5,1016.0,1012.0,1231.49,1099.76,861.34,851.12,1083.0,883.0,835.34,857.99,992.31,906.13,1431.0,1049.0,993.09,915.86,1242.93,1013.79,,,1226.05,1097.44,967.0,907.0,1026.87,1043.49,1286.21,1342.6
2007-02-26,1149.5488505017515,1012.8642596098397,1172.8299917932793,1009.4257809092576,1006.0,943.0,1184.8,944.5,,,850.86,824.35,932.12,933.46,1237.0,1078.5,1242.34,1031.7,797.75,826.51,969.17,906.39,1235.95,990.62,1186.52,1021.18,914.0,909.0,,,996.19,977.06,1016.0,1012.0,1221.66,1097.83,828.96,835.35,1029.0,869.0,814.68,844.43,992.31,906.13,1399.0,1037.0,974.01,909.02,1227.42,1008.8,,,1189.46,1081.72,954.0,909.0,1013.05,1036.23,1298.34,1357.34
2007-02-19,1138.6771641603639,1007.7872803210312,1163.4223807366297,1005.3331356408444,1007.0,945.0,1194.0,937.5,,,851.16,824.64,941.87,943.68,1237.75,1080.25,1199.13,1010.01,797.75,826.51,956.55,898.85,1202.69,980.03,1180.57,1021.57,907.0,906.0,,,1001.38,982.17,1033.0,1029.0,1201.46,1082.07,814.37,829.9,1029.0,869.0,814.53,844.33,992.31,906.13,1366.0,1037.0,975.67,911.0,1220.89,1006.59,,,1151.2,1064.65,954.0,909.0,1020.44,1044.0,1282.76,1341.27
2007-02-12,1139.9454271907634,1008.9866709270311,1162.8826769767766,1005.116065610314,1000.0,936.0,1219.57,952.93,,,845.35,818.81,932.82,933.77,1235.5,1075.75,1207.45,1027.68,796.34,823.57,956.66,899.09,1206.06,991.47,1182.42,1024.7,907.0,906.0,,,990.46,970.97,1033.0,1029.0,1200.79,1081.68,805.56,826.65,1029.0,869.0,815.51,851.4,992.31,906.13,1365.0,1035.0,957.45,899.28,1213.59,997.54,,,1168.59,1102.69,925.0,887.0,1007.26,1030.63,1293.81,1353.7
2007-02-05,1133.6390149663334,1002.4665850701948,1154.5834827698682,996.79991518939,992.0,929.0,1194.1,929.83,,,841.86,814.94,942.89,944.03,1226.75,1070.5,1202.06,1019.6,782.28,809.25,947.2,889.15,1205.05,988.27,1168.61,1012.87,893.0,897.0,,,971.39,952.1,1033.0,1029.0,1198.59,1079.34,790.14,813.8,1011.0,869.0,801.15,828.43,992.31,906.13,1355.0,1021.0,954.23,908.08,1206.34,990.1,,,1156.17,1090.35,925.0,887.0,991.93,1007.79,1294.99,1355.62
2007-01-29,1126.2143385677302,996.4531544731636,1145.9200578912746,989.9617045900316,981.0,925.0,1165.7,915.47,,,842.44,815.5,948.4,948.86,1213.5,1059.25,1185.78,1010.06,782.28,809.25,941.6,884.58,1190.75,978.35,1154.37,1002.75,883.0,894.0,,,965.87,945.96,1033.0,1029.0,1198.22,1079.72,776.46,804.3,994.0,845.0,811.2,829.86,992.31,906.13,1344.0,1007.0,925.94,895.9,1212.53,995.35,,,1139.71,1073.57,940.0,892.0,980.72,996.68,1297.44,1358.64
2007-01-22,1128.4656777710306,998.6770288000433,1143.1002493076853,988.6484776350324,980.0,926.0,1191.2,918.37,,,844.52,816.94,969.29,970.44,1205.25,1053.5,1153.79,984.75,776.14,804.14,940.27,884.65,1163.0,958.0,1149.55,999.85,892.0,902.0,,,987.68,966.51,1033.0,1029.0,1198.79,1079.86,782.21,809.31,994.0,833.0,827.12,847.19,992.31,906.13,1337.0,1010.0,948.32,919.73,1225.27,1005.57,,,1111.25,1045.49,940.0,892.0,1005.92,1020.42,1317.54,1381.29
2007-01-15,1136.6610367024286,1005.7219730693321,1151.350140696504,995.7510708589581,989.0,935.0,1200.78,927.1,,,860.84,831.36,980.12,982.21,1204.5,1046.5,1172.84,987.65,782.15,810.66,949.8,890.78,1169.43,959.63,1168.81,1010.76,912.0,916.0,,,1006.02,977.02,1034.0,1032.0,1207.69,1098.03,796.49,813.15,1009.0,847.0,844.32,864.39,992.31,906.13,1342.0,1007.0,945.39,919.8,1239.08,1018.52,,,1138.4,1061.34,974.0,924.0,1014.82,1031.88,1322.73,1390.44
2007-01-08,1148.178606368871,1020.3694358353885,1173.5210744061276,1014.6904577901885,1011.0,958.0,1232.1,946.27,,,872.3,853.77,993.09,996.78,1254.5,1095.0,1196.88,992.93,810.02,840.44,959.96,900.98,1186.59,960.13,1186.8,1025.34,922.0,925.0,,,1018.38,992.93,1034.0,1032.0,1218.68,1114.29,820.14,830.6,1030.0,847.0,843.84,863.9,992.31,906.13,1355.0,1015.0,935.52,925.43,1221.5,1002.8,,,1152.19,1063.9,974.0,924.0,1042.14,1065.03,1302.34,1383.32
2006-12-18,1170.2402192812292,1053.8065611225534,1162.0521408163954,1017.8380688768511,1015.0,967.0,1247.4,982.75,,,872.17,860.73,999.82,1004.51,1203.99,1072.0,1231.6,1057.19,810.66,842.87,965.44,909.25,1239.27,1005.4,1164.04,1027.15,913.0,924.0,,,1020.96,1025.78,1030.0,1028.0,1219.22,1113.87,827.15,844.41,1023.0,876.0,802.98,837.4,992.31,906.13,1354.0,1036.0,938.95,955.01,1213.16,1005.48,,,1174.98,1097.68,969.29,943.0,1031.89,1074.6,1306.43,1389.13
2006-12-11,1166.9390675446925,1054.153995021598,1162.4279135967324,1020.606980745104,1017.0,967.0,1239.17,978.0,,,867.08,854.77,994.77,999.32,1207.25,1078.5,1212.59,1039.56,811.17,842.23,964.18,911.54,1228.0,997.33,1167.49,1033.36,913.0,925.0,,,1008.13,1013.81,1030.0,1028.0,1219.22,1113.87,827.12,849.48,1023.0,876.0,798.11,836.8,992.31,906.13,1350.0,1036.0,942.74,959.53,1209.94,1005.8,,,1163.55,1097.31,969.21,942.92,1025.27,1066.2,1293.16,1374.73
2006-12-04,1161.7748429114508,1052.5580057989803,1159.0114473285867,1019.7398791980944,1007.0,960.0,1223.47,972.0,,,867.23,854.91,993.93,996.68,1202.25,1079.5,1238.99,1059.31,790.97,842.74,958.59,909.04,1239.44,1016.0,1160.56,1029.95,908.0,920.0,,,1006.34,1011.68,1030.0,1028.0,1219.22,1113.87,827.61,849.81,1005.0,876.0,786.76,836.92,992.31,906.13,1353.0,1049.0,950.5,968.32,1206.07,1005.84,,,1169.05,1111.48,966.75,937.12,1017.78,1054.54,1273.86,1358.81
2006-11-27,1153.3713926545404,1047.3073587458468,1150.4054985338519,1014.7809120683128,1010.0,962.0,1214.43,992.0,,,867.23,854.91,996.33,999.07,1178.8,1055.8,1207.26,1046.29,791.1,843.51,957.31,906.3,1228.0,1003.39,1157.99,1030.43,909.0,920.0,,,999.34,1004.37,1030.0,1028.0,1218.89,1113.87,823.63,845.33,1005.0,876.0,789.74,837.04,992.31,906.13,1336.0,1034.0,956.61,975.71,1205.65,1005.57,,,1167.84,1110.34,966.79,937.16,1016.15,1052.75,1261.17,1345.29
2006-11-20,1158.0053063945256,1050.3343429827412,1156.7127540588626,1017.4373984719386,1012.0,962.0,1192.27,974.0,,,869.07,857.45,999.29,999.54,1203.25,1073.25,1220.2,1059.29,791.23,844.15,956.38,906.91,1238.42,987.11,1157.9,1031.15,910.0,923.0,,,1003.51,1013.11,1030.0,1028.0,1218.78,1113.76,824.39,843.43,1005.0,876.0,787.97,832.38,992.31,906.13,1334.0,1033.0,969.99,989.42,1205.31,1005.14,,,1151.69,1105.45,964.7,930.9,1020.71,1059.03,1262.62,1347.07
2006-11-13,1158.1408238943432,1049.8478962234562,1155.084596876375,1015.7997364806571,1017.0,965.0,1148.0,945.0,,,867.44,857.85,1001.78,1001.39,1197.25,1066.0,1220.23,1062.0,793.91,844.91,955.78,908.86,1240.27,993.0,1154.88,1030.9,906.0,921.0,,,996.84,1006.12,1059.0,1049.0,1219.93,1116.14,824.06,845.76,1005.0,861.0,790.23,833.33,992.31,906.13,1339.0,1032.0,973.89,991.91,1206.48,1006.29,,,1150.26,1115.07,964.86,931.06,1009.17,1047.04,1268.93,1352.93
2006-11-06,1153.9008861111524,1049.2837891075894,1147.3441491865203,1014.0331211803323,1020.0,969.0,1193.13,984.53,,,867.44,857.85,1013.03,1010.92,1172.75,1052.75,1170.74,1037.98,791.35,845.42,950.56,905.88,1220.09,968.44,1152.75,1028.0,909.0,926.0,,,1007.34,1024.38,1059.0,1049.0,1220.03,1116.81,814.61,836.41,988.0,861.0,790.0,834.53,992.31,906.13,1325.0,1033.0,983.2,997.57,1215.38,1014.76,,,1132.67,1097.69,958.56,948.13,1015.53,1053.76,1277.08,1360.43
2006-10-30,1159.2944688754906,1055.5253586931979,1153.9439511163243,1021.6101932767551,1020.0,969.0,1211.4,993.57,,,869.74,862.05,1001.9,998.52,1186.25,1064.75,1197.97,1062.47,771.16,826.63,960.48,917.82,1239.93,987.79,1153.32,1035.79,903.0,927.0,,,993.81,1010.6,1059.0,1049.0,1219.79,1117.02,820.94,843.18,1008.0,891.0,788.57,840.28,1078.5,985.32,1340.0,1040.0,974.58,985.12,1214.47,1005.76,,,1146.92,1117.59,958.6,948.17,1010.27,1049.02,1281.46,1364.75
2006-10-23,1161.4987148020837,1060.2756286163474,1158.0183380149504,1028.078378116713,1031.0,981.0,1212.23,996.13,,,870.19,862.49,1007.63,1003.67,1199.25,1075.0,1178.96,1058.25,769.75,820.88,960.53,921.25,1229.0,981.06,1158.89,1045.82,903.0,929.0,,,1002.42,1020.27,1059.0,1049.0,1219.79,1116.96,827.89,851.81,1008.0,891.0,797.41,840.52,1078.5,985.32,1337.0,1064.0,988.25,991.09,1215.7,1007.16,,,1136.4,1112.5,958.22,938.19,1010.87,1042.59,1278.5,1360.21
2006-10-16,1166.9341982626163,1062.0606740942033,1165.5990596412337,1030.539767782534,1031.0,978.0,1185.73,983.13,,,874.56,865.3,1018.06,1009.37,1216.0,1094.25,1170.95,1058.28,770.52,821.14,966.69,921.13,1249.38,1026.93,1157.61,1037.2,904.0,928.0,,,1001.63,1012.27,1141.0,1119.0,1219.79,1116.96,830.62,849.72,1008.0,891.0,827.59,840.52,1078.5,985.32,1334.0,1049.0,997.58,991.91,1223.98,1015.19,,,1142.49,1102.46,958.38,938.35,1014.32,1037.22,1277.09,1361.56
2006-10-09,1168.1082654678137,1056.8267501083747,1165.4174765985922,1024.8377961177932,1030.0,972.0,1201.23,966.97,,,892.96,881.84,1033.2,1020.18,1210.5,1072.5,1184.19,1058.12,772.31,823.44,969.3,922.49,1252.4,1016.0,1161.71,1037.06,908.0,930.0,,,987.95,988.05,1141.0,1119.0,1220.03,1116.96,828.11,843.85,1008.0,878.0,830.34,840.4,1078.5,985.32,1331.0,1037.0,1003.11,988.06,1224.96,1016.55,,,1137.93,1098.06,974.54,962.44,1012.94,1030.45,1281.79,1357.94
2006-10-02,1173.6182040747703,1059.9968758488303,1172.5705887445406,1029.1710900473142,1030.0,955.0,1204.67,981.9,,,892.96,881.84,1047.94,1026.27,1216.0,1077.25,1197.5,1058.04,803.5,825.99,976.28,925.08,1270.23,1036.01,1167.05,1036.83,912.0,934.0,,,976.86,977.4,1141.0,1119.0,1230.16,1127.14,835.54,843.86,1008.0,878.0,833.33,849.14,1078.5,985.32,1344.0,1049.0,1010.65,981.11,1232.89,1029.6,,,1142.34,1102.69,974.62,962.52,999.38,1026.88,1282.59,1359.05
2006-09-25,1184.5074140973813,1068.4771223519626,1176.4902300756642,1035.2024666155048,1049.0,982.0,1261.0,997.67,,,897.87,886.65,1054.58,1029.17,1210.8,1079.3,1214.56,1046.99,801.84,825.1,993.3,938.02,1263.0,1016.0,1171.81,1041.65,924.0,951.0,,,992.28,991.19,1141.0,1119.0,1231.52,1128.68,842.56,851.49,1026.0,878.0,843.27,854.76,1143.72,1031.91,1339.0,1029.0,1024.33,981.51,1259.14,1056.23,,,1146.0,1090.1,1065.11,999.17,1013.2,1041.28,1314.09,1393.23
2006-09-18,1207.8683376135891,1089.7805155903347,1202.514631344874,1057.563171414251,1079.0,1005.0,1274.0,991.0,,,912.49,911.6,1076.38,1041.3,1251.3,1114.5,1222.41,1048.16,817.17,857.57,1006.58,953.37,1300.83,999.13,1188.5,1065.14,941.0,975.0,,,1029.47,1039.03,1209.0,1138.0,1251.56,1158.4,847.17,860.41,1039.0,878.0,857.76,864.94,1143.72,1031.91,1348.0,1037.0,1057.2,1001.71,1300.06,1083.42,,,1159.6,1113.92,1065.2,999.25,1035.44,1076.47,1330.42,1407.07
2006-09-11,1224.1824311647217,1104.7742094835546,1219.7957923974907,1076.1255465960824,1112.0,1025.0,1274.8,1024.1,,,965.32,942.07,1094.03,1051.44,1256.25,1106.25,1249.15,1095.01,833.28,885.82,1026.35,976.73,1323.7,1034.45,1218.57,1095.71,972.0,994.0,,,1036.71,1042.57,1209.0,1138.0,1271.34,1177.6,876.97,880.78,1052.0,937.0,899.3,883.49,1143.72,1031.91,1367.0,1075.0,1062.3,996.48,1329.97,1087.03,,,1191.13,1147.97,1065.15,999.21,1049.37,1084.23,1342.15,1398.74
2006-09-04,1253.9179729667699,1123.7727984038918,1251.2082103066177,1095.940089445126,1137.0,1045.0,1302.43,1047.3,,,1016.1,948.39,1114.12,1063.64,1304.75,1143.75,1276.04,1124.57,866.39,899.75,1061.4,991.1,1340.86,1058.0,1250.52,1112.33,1009.0,1009.0,,,1060.79,1043.0,1209.0,1138.0,1293.31,1188.55,906.04,899.94,1070.0,968.0,953.89,874.87,1143.72,1031.91,1380.0,1101.0,1079.64,1004.36,1348.13,1093.66,,,1195.57,1163.38,1065.06,999.12,1071.01,1090.31,1376.52,1421.62
2006-08-28,1276.6782855816302,1129.3873377132113,1274.182487413981,1100.2318811001371,1157.0,1045.0,1342.3,1061.93,,,1016.83,948.56,1123.03,1066.99,1320.25,1131.0,1294.82,1136.65,899.36,901.67,1078.25,997.2,1286.27,1035.76,1271.06,1118.26,1041.0,1012.0,,,1074.7,1035.29,1209.0,1138.0,1329.95,1206.81,927.31,918.13,1133.0,951.0,952.59,875.0,1153.04,1024.92,1431.0,1123.0,1101.2,1018.09,1365.26,1093.73,,,1237.22,1193.97,1088.48,997.08,1091.57,1089.26,1397.5,1431.11
2006-08-21,1297.166408235958,1133.290866484562,1298.8372429276694,1103.804832149869,1174.0,1061.0,1359.85,1035.82,,,1045.41,949.05,1129.26,1070.87,1339.3,1145.5,1308.1,1132.53,929.28,899.24,1105.66,1000.47,1301.07,1025.67,1301.71,1121.4,1081.0,1017.0,,,1086.73,1026.8,1209.0,1138.0,1362.07,1207.02,940.77,920.22,1132.0,974.0,967.09,890.93,1153.04,1024.92,1452.0,1115.0,1118.49,1031.11,1378.71,1092.81,,,1263.91,1187.9,1088.57,997.16,1115.93,1090.8,1406.33,1438.42
2006-08-14,1327.9668050635375,1143.7961142963927,1326.971216904545,1110.3793338112098,1196.0,1079.0,1384.37,1036.13,,,1045.41,949.05,1130.77,1071.91,1382.0,1157.0,1340.34,1155.37,967.75,901.28,1128.07,1009.53,1327.48,1044.0,1326.77,1126.7,1102.0,1017.0,,,1126.1,1044.42,1181.0,1124.0,1389.48,1206.69,974.2,930.56,1183.0,974.0,962.78,893.81,1153.04,1024.92,1480.0,1129.0,1133.26,1043.25,1384.3,1093.35,,,1308.62,1212.98,1088.39,997.0,1128.01,1093.01,1450.54,1474.7
2006-08-07,1336.4621610086226,1143.144224434026,1334.328287545459,1109.036546838056,1197.0,1067.0,1384.37,1036.13,,,1047.2,949.55,1125.42,1061.15,1386.0,1162.25,1379.12,1147.25,967.88,899.11,1136.59,1006.07,1370.54,1044.0,1338.2,1120.35,1102.0,1014.0,,,1141.7,1058.0,1181.0,1124.0,1388.58,1206.43,996.81,927.06,1183.0,974.0,961.21,910.92,1153.04,1024.92,1518.0,1136.0,1136.19,1044.24,1384.23,1092.78,,,1354.38,1215.02,1088.16,996.79,1125.5,1090.45,1454.77,1477.34
2006-07-31,1331.0391689420317,1136.3576221470519,1336.6639462773567,1106.1065944848547,1177.0,1044.0,1402.13,1052.37,,,1046.0,950.26,1115.89,1053.42,1395.0,1162.8,1384.38,1136.46,968.71,902.56,1137.98,1002.33,1376.25,1063.85,1332.38,1111.69,1105.0,1016.0,,,1134.18,1061.65,1181.0,1124.0,1387.16,1206.43,990.93,926.31,1183.0,946.0,955.46,910.92,1155.37,1015.61,1526.0,1132.0,1111.65,1015.88,1383.78,1092.33,,,1347.34,1192.46,1041.06,976.38,1112.94,1079.8,1429.63,1452.79
2006-07-24,1333.9479727670011,1141.0587448197894,1340.3107464969742,1111.565631140142,1174.0,1047.0,1432.4,1081.63,,,1010.94,943.22,1121.79,1059.08,1403.8,1172.5,1379.28,1121.92,969.09,903.84,1135.39,1004.76,1385.0,1044.0,1340.73,1123.53,1107.0,1021.0,,,1118.75,1054.18,1181.0,1124.0,1387.42,1207.26,994.73,929.05,1205.0,953.0,955.46,910.92,1155.37,1015.61,1518.0,1116.0,1101.11,1020.47,1376.25,1084.24,,,1359.68,1189.05,1041.1,976.42,1104.83,1079.51,1434.63,1458.41
2006-07-17,1318.6415314805024,1133.1053453595825,1327.4977213653483,1105.5786654517558,1157.0,1048.0,1413.07,1066.67,,,1010.94,943.22,1113.8,1056.49,1375.3,1148.0,1393.0,1148.99,950.11,883.77,1130.65,1003.74,1400.47,1067.21,1323.14,1117.17,1082.0,1011.0,,,1101.19,1037.87,1166.0,1126.0,1385.08,1207.26,985.25,922.97,1177.0,953.0,955.32,912.23,1155.37,1015.61,1535.0,1136.0,1067.05,992.55,1358.18,1082.57,,,1363.07,1208.25,1041.19,976.51,1099.35,1080.27,1407.35,1434.39
2006-07-10,1302.650515034691,1125.1593062901177,1311.8315285911915,1098.416397835604,1148.0,1045.0,1401.3,1051.0,,,996.24,939.77,1115.58,1058.91,1361.0,1141.8,1376.82,1132.83,919.69,893.17,1110.25,994.51,1351.67,1037.9,1314.15,1113.19,1075.0,1007.0,,,1088.82,1035.65,1166.0,1126.0,1367.11,1201.87,975.32,922.8,1177.0,964.0,951.15,912.36,1155.37,1015.61,1511.0,1116.0,1059.1,986.8,1342.81,1072.78,,,1361.81,1205.9,1041.1,976.42,1094.0,1084.4,1382.77,1416.0
2006-07-03,1292.75417949219,1121.6068051941702,1303.1119390115896,1095.9960206088488,1152.0,1044.0,1384.87,1054.03,,,975.55,927.86,1089.81,1047.61,1362.0,1150.5,1371.37,1144.82,918.22,893.61,1101.0,985.08,1352.68,1046.81,1304.2,1109.06,1038.0,984.0,,,1054.65,1005.44,1166.0,1126.0,1354.09,1197.12,971.66,918.4,1158.0,948.0,951.15,912.36,1155.37,1015.61,1494.0,1120.0,1052.35,981.81,1339.21,1064.49,,,1333.48,1200.02,1036.14,974.8,1086.15,1069.99,1374.12,1407.76
2006-06-26,1278.5667484739279,1111.9453874970259,1285.367190371395,1085.5772951150163,1135.0,1031.0,1356.6,1028.08,,,976.09,927.86,1088.58,1046.06,1338.8,1125.0,1362.62,1134.63,919.69,894.76,1085.62,981.17,1314.33,1031.0,1284.7,1097.66,1021.0,979.0,,,1046.4,989.72,1166.0,1126.0,1336.72,1197.12,936.47,891.38,1139.0,948.0,951.15,912.36,1157.7,1041.23,1493.0,1115.0,1029.24,963.18,1339.08,1064.45,,,1295.26,1167.26,1036.09,974.75,1077.15,1064.8,1376.2,1410.87
2006-06-19,1282.6929936176064,1114.9415713525204,1284.4315216933112,1085.915457731452,1145.0,1043.0,1357.8,1042.3,,,983.57,936.9,1090.3,1047.76,1330.0,1110.75,1354.85,1130.83,921.09,889.78,1093.83,987.03,1333.0,1031.0,1292.97,1102.45,1028.0,980.0,,,1063.68,1005.86,1162.0,1126.0,1336.72,1197.12,947.27,899.03,1139.0,948.0,958.2,926.59,1157.7,1041.23,1471.0,1109.0,1032.73,967.03,1338.87,1065.63,,,1286.51,1159.37,1036.14,974.8,1080.04,1067.09,1399.96,1434.04
2006-06-12,1291.7776217740538,1121.5197711581966,1294.9420348816752,1092.4728861106062,1151.0,1054.0,1385.37,1074.9,,,982.2,935.6,1095.01,1056.32,1353.0,1135.0,1349.38,1122.69,898.09,873.54,1090.14,980.58,1385.86,1083.12,1296.46,1101.64,1028.0,981.0,,,1093.54,1033.8,1167.0,1129.0,1336.72,1197.12,962.8,910.14,1159.0,948.0,958.2,926.59,1157.7,1041.23,1495.0,1124.0,1045.89,983.2,1330.75,1064.99,,,1318.42,1190.27,1036.05,974.71,1085.49,1072.87,1399.4,1432.47
2006-06-05,1281.6967268786786,1118.4442299481616,1283.0618947327712,1089.7781784384429,1140.0,1044.0,1311.07,1040.67,,,983.57,936.9,1085.19,1054.7,1336.25,1139.0,1362.19,1126.22,898.09,873.8,1083.68,975.86,1328.51,1063.28,1287.74,1101.69,1024.0,981.0,,,1090.26,1041.47,1167.0,1129.0,1336.4,1196.99,952.79,913.57,1136.0,948.0,958.33,926.72,1157.7,1041.23,1475.0,1110.0,1050.37,988.92,1333.7,1076.1,,,1326.54,1192.69,1049.82,1003.5,1089.4,1076.44,1383.45,1417.13
2006-05-29,1276.2796747514365,1111.9993718268088,1274.2622248381524,1080.2333081104744,1139.0,1036.0,1311.07,1040.67,,,983.57,936.9,1093.0,1063.33,1305.0,1091.25,1335.57,1114.31,900.52,872.71,1089.81,985.53,1374.6,1051.0,1279.8,1097.18,1016.0,981.0,,,1102.27,1052.97,1167.0,1129.0,1335.81,1196.47,937.21,902.3,1115.0,934.0,959.77,926.72,1150.71,1015.61,1465.0,1099.0,1062.13,998.65,1344.19,1076.1,,,1289.87,1179.07,1049.91,1003.59,1080.77,1071.31,1391.17,1425.13
2006-05-22,1288.7645639352154,1122.7823772179402,1288.8716601456151,1091.4010916923853,1141.0,1039.0,1358.2,1063.0,,,983.57,936.9,1092.26,1063.03,1343.0,1125.0,1327.83,1113.23,907.86,872.52,1087.21,986.65,1364.0,1051.0,1290.55,1106.62,1034.0,991.0,,,1098.72,1057.23,1167.0,1129.0,1337.34,1198.22,939.18,901.83,1115.0,947.0,956.9,933.91,1150.71,1015.61,1477.0,1107.0,1056.66,992.05,1345.55,1084.56,,,1271.48,1172.03,1050.0,1003.67,1091.07,1084.79,1412.6,1447.85
2006-05-15,1291.364815933662,1128.7528325292233,1288.573053308422,1097.8449882180248,1145.0,1044.0,1337.37,1056.03,,,983.39,936.74,1089.58,1060.45,1338.75,1132.0,1360.29,1130.89,923.91,877.7,1098.48,1001.93,1301.47,1012.38,1304.92,1117.85,1035.0,992.0,,,1083.33,1042.69,1125.0,1106.0,1344.22,1202.03,970.03,920.61,1133.0,947.0,958.33,933.91,1150.71,1015.61,1471.0,1104.0,1066.89,1000.56,1345.85,1085.74,,,1305.07,1188.94,1050.0,1003.67,1094.73,1086.09,1415.02,1449.57
2006-05-08,1296.892753131687,1135.644221647363,1296.5472074210045,1105.4467852789385,1153.0,1051.0,1342.1,1038.13,,,983.22,936.58,1097.32,1069.62,1357.5,1153.25,1340.97,1118.37,949.47,908.18,1098.03,1001.75,1323.0,1013.22,1314.72,1127.42,1041.0,999.0,,,1118.55,1075.82,1125.0,1106.0,1345.29,1212.62,970.83,923.02,1156.0,959.0,943.97,933.91,1150.71,1015.61,1469.0,1100.0,1098.26,1029.62,1349.08,1086.32,,,1305.59,1187.29,992.78,956.06,1104.66,1098.46,1409.01,1444.68
2006-05-01,1293.8057779805893,1136.3422283357704,1300.450891516199,1109.9228354059978,1142.0,1053.0,1351.17,1063.8,,,967.1,927.24,1090.92,1064.5,1374.75,1164.0,1352.4,1140.63,933.75,903.65,1094.31,1000.26,1330.74,1026.0,1314.71,1132.06,1039.0,997.0,,,1086.26,1049.15,1125.0,1106.0,1342.06,1210.84,975.27,931.34,1156.0,972.0,929.46,920.84,1150.71,1015.61,1477.0,1120.0,1073.37,1006.27,1335.76,1072.1,,,1327.31,1214.37,992.86,956.14,1095.6,1093.73,1384.78,1424.67
2006-04-24,1284.0616104913722,1129.4710669441456,1289.6052103905765,1101.6088570298762,1142.0,1053.0,1351.17,1063.8,,,934.82,900.49,1084.59,1060.52,1354.75,1142.0,1341.68,1145.99,930.87,903.71,1084.31,993.47,1323.0,1034.91,1306.38,1124.1,1016.0,978.0,,,1061.14,1031.33,1083.0,1081.0,1338.02,1208.09,965.96,924.43,1156.0,972.0,912.36,910.92,1080.83,980.67,1490.0,1133.0,1077.82,1010.44,1317.31,1058.07,,,1310.21,1208.52,992.86,956.14,1092.4,1088.09,1378.11,1423.62
2006-04-10,1241.3119828708213,1098.3935478787118,1248.232755002966,1072.8542080874822,1100.0,1024.0,1332.47,1060.37,,,934.66,900.33,1030.99,1012.65,1301.25,1113.5,1317.36,1102.94,898.73,887.6,1051.0,968.98,1282.18,1000.34,1265.57,1090.08,988.0,958.0,,,1022.47,1000.54,1083.0,1081.0,1289.98,1169.61,930.54,898.33,1117.0,936.0,840.4,837.52,1080.83,980.67,1470.0,1103.0,1000.5,955.96,1265.88,1042.58,,,1268.3,1159.4,941.45,945.21,1052.46,1062.05,1337.13,1389.45
2006-04-03,1233.8796839093845,1095.570328013681,1245.5565930672124,1071.410603041366,1094.0,1018.0,1313.37,1051.13,,,917.62,894.15,1011.96,1006.44,1304.5,1122.5,1303.89,1105.56,886.45,891.18,1037.03,962.29,1257.79,996.14,1254.62,1087.97,971.0,953.0,,,1038.12,1015.89,1083.0,1081.0,1286.65,1169.51,921.11,899.79,1096.0,923.0,834.65,818.85,1080.83,980.67,1507.0,1094.0,987.41,963.14,1258.58,1042.27,,,1261.21,1152.93,941.61,945.36,1018.14,1049.61,1315.52,1370.79
2006-03-27,1211.719344601799,1088.0379228018994,1215.0520236395237,1061.9818989568898,1070.0,999.0,1266.1,1013.4,,,917.78,894.3,1004.53,999.41,1265.75,1106.0,1267.81,1090.9,881.66,889.84,1022.07,955.72,1230.54,983.35,1237.03,1081.52,963.0,952.0,,,1015.67,1000.87,1083.0,1081.0,1261.48,1169.46,904.88,896.91,1077.0,910.0,813.22,811.78,1059.86,966.69,1411.0,1078.0,963.43,951.14,1240.68,1042.09,,,1236.77,1144.84,941.61,945.36,1019.83,1054.17,1319.72,1379.49
2006-03-20,1207.756214168266,1089.6438592528928,1216.3907295971671,1066.5269401091066,1071.0,1001.0,1225.27,990.17,,,909.89,884.01,981.11,976.04,1273.0,1128.5,1250.34,1090.86,853.03,879.1,1017.27,954.63,1326.36,1073.16,1234.98,1084.16,952.0,949.0,,,1006.98,1003.43,1083.0,1081.0,1261.81,1169.1,902.67,896.85,1077.0,910.0,821.84,847.7,1059.86,966.69,1399.0,1070.0,947.93,943.3,1225.73,1041.2,,,1247.05,1163.49,941.81,945.56,1024.39,1058.61,1300.16,1361.13
2006-03-13,1193.5578435164816,1083.4668855930654,1199.0992693646672,1060.472477611435,1061.0,993.0,1252.93,1030.3,,,894.92,866.93,970.56,965.71,1238.25,1102.25,1245.31,1085.79,852.77,879.87,1003.02,951.21,1293.23,1030.27,1208.06,1081.87,938.0,946.0,,,996.39,1005.3,1090.0,1081.0,1256.01,1167.15,873.16,897.98,1034.0,910.0,846.14,857.64,1059.86,966.69,1399.0,1070.0,930.9,925.56,1226.41,1034.1,,,1214.47,1141.96,953.0,937.97,1018.6,1049.96,1297.61,1359.89
2006-03-06,1191.6675393278315,1079.780582529963,1193.9114043910236,1053.0806970340382,1059.0,983.0,1233.8,999.7,,,895.7,867.69,978.42,969.84,1235.0,1084.25,1231.54,1109.59,839.03,867.41,998.3,944.71,1283.31,1051.46,1203.7,1074.87,924.0,936.0,,,1022.92,1021.38,1090.0,1081.0,1256.01,1167.02,870.91,889.97,1047.0,924.0,804.48,830.34,1059.86,966.69,1375.0,1087.0,955.29,948.48,1227.23,1023.39,,,1188.88,1144.45,953.2,938.17,1030.72,1050.08,1303.71,1365.82
2006-02-27,1188.8213022747962,1073.1630439142716,1186.5100857984837,1043.2079223858605,1056.0,976.0,1234.43,993.27,,,896.19,867.69,989.91,981.69,1241.5,1083.0,1207.81,1081.8,837.43,866.96,1000.82,945.8,1268.0,1028.59,1198.25,1064.06,910.0,929.0,,,1024.45,1022.54,1090.0,1081.0,1226.36,1137.98,870.41,882.17,1047.0,902.0,840.28,864.69,1059.86,966.69,1363.0,1058.0,970.01,962.58,1228.02,1022.36,,,1172.17,1123.46,953.2,938.17,1028.68,1047.73,1314.25,1375.6
2006-02-20,1187.745214388573,1070.3669124596768,1185.8859779678914,1040.4267610360694,1051.0,971.0,1249.27,1003.77,,,899.65,867.84,994.05,985.01,1250.0,1085.25,1210.0,1074.66,839.42,868.94,982.74,939.77,1202.6,995.59,1193.14,1057.44,909.0,921.0,,,1050.5,1031.35,1090.0,1081.0,1228.36,1137.2,874.89,878.53,1030.0,882.0,837.52,846.14,1108.78,976.01,1374.0,1057.0,975.18,967.74,1239.66,1030.17,,,1164.09,1114.97,953.32,938.28,1027.94,1047.51,1308.36,1369.06
2006-02-13,1199.6081950930234,1077.30500904718,1201.8807984261682,1049.4076251415586,1065.0,988.0,1265.83,1015.25,,,906.37,862.88,1000.32,991.13,1261.75,1099.5,1240.47,1070.34,870.92,871.63,1003.44,943.34,1207.64,995.59,1214.61,1063.62,935.0,925.0,,,1051.83,1032.66,1076.0,1078.0,1257.92,1157.27,876.8,880.12,1050.0,898.0,818.97,823.28,1108.78,976.01,1359.0,1045.0,970.91,962.74,1249.87,1023.93,,,1175.85,1118.02,950.31,921.92,1039.29,1050.47,1311.24,1371.57
2006-02-06,1209.563093417916,1084.5924092933844,1214.3518631592922,1057.861657168954,1069.0,992.0,1262.47,1020.37,,,916.31,868.9,1006.0,997.11,1292.0,1127.75,1245.53,1080.8,872.78,872.91,1008.0,944.43,1211.51,995.59,1225.69,1072.54,944.0,925.0,,,1067.23,1036.96,1076.0,1078.0,1258.18,1157.27,891.94,889.93,1070.0,898.0,853.33,850.45,1108.78,976.01,1379.0,1056.0,966.62,960.06,1248.51,1021.95,,,1198.21,1129.37,950.35,921.96,1060.5,1056.48,1313.25,1373.51
2006-01-30,1206.4564781135707,1079.8017503428032,1208.7420295863328,1051.1143638998722,1065.0,986.0,1284.43,1027.13,,,916.31,868.9,1004.86,994.33,1264.5,1096.5,1246.0,1077.18,871.63,872.39,1005.89,944.27,1211.18,995.59,1225.38,1069.75,945.0,924.0,,,1062.43,1032.06,1076.0,1078.0,1260.32,1157.35,900.1,898.69,1046.0,898.0,872.0,867.69,1108.78,976.01,1399.0,1056.0,967.63,962.39,1246.43,1019.44,,,1201.97,1146.7,950.43,922.04,1060.76,1056.75,1314.71,1374.01
2006-01-23,1201.1114006890682,1072.3495107233055,1203.1202663034712,1044.3050923382277,1057.0,979.0,1299.3,1018.37,,,918.12,868.9,986.86,976.41,1256.5,1087.25,1273.12,1084.16,852.13,863.0,1005.13,936.47,1227.66,1002.65,1225.89,1060.34,943.0,919.0,,,1053.85,1022.27,1076.0,1078.0,1260.08,1156.96,898.95,887.93,1066.0,898.0,862.07,854.89,1085.49,943.4,1349.0,1056.0,962.38,956.14,1231.18,994.34,,,1230.02,1139.31,950.43,922.04,1042.53,1039.6,1301.96,1361.19
2006-01-16,1201.61369531507,1070.404964294936,1206.7029235690466,1041.9509402547992,1052.0,973.0,1304.9,1029.13,,,894.58,869.39,977.11,967.18,1262.25,1093.5,1266.54,1074.88,841.59,859.8,1000.83,929.94,1232.36,997.0,1219.68,1054.32,941.0,919.0,,,1054.68,1021.2,1076.0,1078.0,1259.7,1157.03,889.93,878.35,1066.0,881.0,855.01,855.01,1085.49,943.4,1407.0,1043.0,972.62,967.89,1195.53,981.14,,,1204.81,1130.85,918.54,914.37,1043.57,1039.84,1298.52,1359.49
2006-01-09,1196.6919016097452,1073.4956949791203,1198.1778432766744,1045.388587891046,1046.0,978.0,1271.7,1021.43,,,868.38,863.19,970.65,963.58,1264.5,1112.25,1269.51,1076.47,831.49,855.78,991.91,925.83,1215.71,997.0,1208.96,1051.84,914.0,913.0,,,1037.94,1011.91,1076.0,1078.0,1255.71,1155.76,886.83,879.62,1066.0,881.0,846.26,854.89,1085.49,943.4,1372.0,1085.0,989.81,985.55,1178.91,972.97,,,1227.24,1121.23,918.62,914.44,1020.86,1032.35,1295.87,1359.97
2005-12-19,1177.9804600933307,1054.7957920135646,1179.280194694778,1028.7257615739072,1038.0,975.0,1255.07,994.27,,,870.57,865.07,981.16,972.66,1237.5,1092.25,1244.8,1075.79,815.9,780.87,980.34,917.64,1213.18,997.0,1180.65,1039.67,910.0,913.0,,,1026.71,1006.26,1076.0,1078.0,1228.03,1128.36,861.03,868.95,1047.0,874.0,829.86,844.22,1169.35,952.71,1357.0,1032.0,991.49,980.34,1178.19,972.58,,,1149.58,1083.83,918.62,924.05,1011.1,1036.62,1288.36,1351.22
2005-12-12,1171.3982658264702,1052.3726672732394,1167.5870836121678,1024.6985805558836,1032.0,974.0,1232.2,997.8,,,874.22,872.56,982.26,973.08,1211.0,1082.5,1232.43,1063.27,813.79,843.76,977.18,917.34,1203.09,997.0,1170.62,1035.52,899.0,910.0,,,1009.13,1000.63,1109.0,1114.0,1214.49,1114.85,850.15,869.16,1024.0,857.0,829.27,829.27,1169.35,952.71,1374.0,1048.0,1009.46,990.7,1178.74,973.42,,,1148.24,1082.57,918.54,923.97,1011.31,1036.3,1293.23,1356.61
2005-12-05,1168.0101114190793,1046.6601062686304,1162.3578455198358,1017.4417723344554,1029.0,969.0,1218.6,984.43,,,873.91,876.23,1002.45,991.68,1212.25,1088.5,1215.76,1046.68,814.23,843.63,957.86,897.33,1193.0,981.02,1155.72,1024.04,886.0,908.0,,,1020.87,1011.64,1188.0,1139.0,1207.21,1108.09,826.74,855.64,1024.0,857.0,829.63,831.06,1169.35,952.71,1356.0,1038.0,1021.09,994.95,1189.56,982.83,,,1150.22,1078.06,918.5,923.93,1016.52,1041.64,1289.64,1355.45
2005-11-28,1175.0152870732531,1055.1270489317621,1172.9124440442781,1027.7980877219497,1047.0,983.0,1228.6,994.43,,,873.91,876.23,1014.12,1000.97,1228.75,1105.25,1217.65,1052.7,818.9,838.71,960.34,907.81,1193.0,983.38,1160.84,1033.18,894.0,915.0,,,1025.96,1027.03,1188.0,1139.0,1226.19,1118.46,833.71,860.9,1024.0,870.0,808.68,807.24,1169.35,952.71,1348.0,1033.0,1035.76,998.71,1192.34,986.46,,,1158.75,1087.91,918.54,923.97,1018.52,1057.46,1282.78,1350.64
2005-11-21,1174.970187697543,1057.10369069605,1170.732206425319,1029.591309887054,1050.0,986.0,1221.77,992.27,,,874.39,876.88,1021.23,1001.71,1205.25,1079.5,1213.23,1055.04,825.23,845.17,980.77,928.58,1239.76,965.02,1163.25,1038.75,898.0,921.0,,,1023.02,1027.32,1188.0,1139.0,1226.62,1118.46,829.04,858.83,1024.0,890.0,839.08,853.45,1174.0,992.31,1349.0,1054.0,1027.72,983.99,1204.45,1001.2,,,1157.52,1088.57,999.54,1000.38,1000.0,1042.89,1290.25,1357.48
2005-11-14,1199.6103446503168,1076.6993813000868,1190.2515265459342,1047.50275983959,1069.0,991.0,1271.3,1036.83,,,893.3,904.53,1046.32,1012.82,1242.3,1112.0,1221.72,1050.06,822.54,837.75,992.38,945.74,1237.24,947.69,1172.8,1046.5,901.0,928.0,,,1046.73,1042.8,1188.0,1139.0,1245.95,1138.33,851.37,872.06,1044.0,890.0,846.97,867.07,1174.0,992.31,1351.0,1060.0,1035.74,985.72,1218.94,1028.3,,,1169.1,1091.58,999.58,1000.42,1004.27,1037.17,1345.5,1410.7
2005-11-07,1210.8697335525383,1092.4002581444201,1200.4035462545119,1064.7418896943957,1089.0,1005.0,1271.3,1054.47,,,897.0,911.18,1065.83,1018.21,1250.5,1121.0,1236.6,1057.07,841.08,874.95,1005.38,962.13,1243.8,1011.27,1181.08,1064.48,915.0,947.0,,,1050.03,1053.17,1188.0,1139.0,1255.08,1167.34,852.68,883.81,1044.0,890.0,849.96,884.42,1174.0,992.31,1370.0,1066.0,1036.45,981.44,1244.26,1047.53,,,1172.37,1095.32,999.54,1000.38,1002.69,1046.82,1366.71,1427.72
2005-10-24,1243.584641631001,1117.097157385432,1239.7972477307928,1091.979101243564,1114.0,1021.0,1289.67,1081.37,,,951.37,922.25,1074.93,1009.37,1300.5,1149.8,1234.57,1089.8,863.19,900.39,1033.82,973.53,1303.0,1037.0,1209.91,1096.43,960.0,980.0,,,1073.07,1044.39,1188.0,1139.0,1295.58,1208.15,881.04,908.19,1068.0,935.0,875.93,888.86,1036.57,973.68,1414.0,1113.0,1089.99,1020.16,1290.99,1052.1,,,1181.57,1140.64,996.08,973.53,1034.77,1063.57,1382.93,1432.11
2005-10-17,1262.0420125710982,1123.4051815309065,1263.9318039378538,1099.7395148009184,1133.0,1029.0,1335.1,1116.9,,,974.73,922.25,1093.65,1017.98,1316.8,1147.5,1291.69,1138.94,895.91,902.43,1051.27,974.17,1339.06,1088.74,1245.25,1117.64,993.0,987.0,,,1087.46,1051.83,1188.0,1139.0,1334.07,1216.71,913.88,925.21,1092.0,935.0,900.22,894.47,1036.57,973.68,1412.0,1112.0,1103.32,1023.49,1290.77,1032.28,,,1216.32,1174.05,996.12,973.57,1045.01,1065.59,1375.14,1416.89
2005-10-10,1277.6760321562172,1125.2998871227053,1284.6047487452863,1102.780563620381,1149.0,1027.0,1355.33,1112.67,,,987.37,927.87,1103.14,1024.58,1348.0,1155.5,1298.51,1131.0,921.03,896.68,1064.13,974.12,1351.0,1081.51,1287.96,1124.44,1026.0,993.0,,,1090.01,1044.83,1188.0,1129.0,1337.86,1218.09,950.83,935.32,1138.0,957.0,926.96,901.13,1036.57,973.68,1429.0,1114.0,1109.14,1021.62,1286.79,1026.64,,,1263.67,1194.18,995.99,973.45,1061.4,1059.08,1369.38,1410.08
2005-10-03,1286.2474617925277,1123.4827267517633,1291.2810896467217,1100.1833994655533,1154.0,1021.0,1363.97,1100.0,,,958.4,913.84,1102.71,1023.48,1355.5,1155.8,1365.44,1145.68,899.88,868.05,1064.34,973.76,1400.11,1091.93,1290.15,1114.82,1011.0,979.0,,,1090.81,1045.15,1188.0,1129.0,1335.22,1217.1,940.91,919.75,1170.0,957.0,910.07,863.38,1036.57,973.68,1488.0,1134.0,1101.07,1010.97,1277.28,1017.14,,,1327.8,1188.15,996.16,973.61,1044.48,1042.16,1375.19,1420.78
2005-09-26,1273.4450680167738,1109.4923225086022,1271.0900731710763,1082.4279165041785,1146.0,1016.0,1359.93,1085.0,,,958.4,913.84,1111.8,1031.78,1340.5,1132.3,1341.52,1119.05,900.0,867.73,1074.12,974.18,1383.8,1074.27,1264.68,1096.97,976.0,963.0,,,1152.55,1105.77,1188.0,1129.0,1293.42,1177.67,913.94,893.2,1135.0,935.0,915.23,864.94,887.49,854.88,1468.0,1104.0,1109.66,1017.57,1285.38,1024.79,,,1310.25,1164.9,1060.5,997.45,1052.17,1049.58,1374.65,1417.91
2005-09-19,1275.799136266703,1103.0976679851938,1269.3168016468403,1071.2241811877711,1150.0,1022.0,1333.8,1049.0,,,968.11,919.67,1142.72,1054.29,1347.8,1114.0,1301.98,1091.46,901.92,870.16,1073.24,973.81,1271.89,1016.26,1251.82,1073.7,990.0,965.0,,,1170.37,1112.68,1188.0,1129.0,1296.46,1178.61,922.69,890.57,1115.0,899.0,918.1,867.82,887.49,854.88,1471.0,1094.0,1117.93,1026.42,1289.94,1031.77,,,1259.38,1136.12,1060.63,997.58,1068.96,1054.12,1403.3,1446.48
2005-09-12,1301.3123581733746,1118.7030704252475,1298.7924042023633,1089.7042797880256,1179.0,1038.0,1359.53,1075.67,,,996.56,937.16,1151.9,1058.2,1364.0,1128.5,1340.0,1098.56,948.9,893.48,1092.89,975.44,1406.44,1087.06,1306.62,1109.14,1058.0,989.0,,,1193.01,1130.02,1094.0,1076.0,1329.84,1206.9,950.97,908.53,1161.0,942.0,942.39,879.18,887.49,854.88,1505.0,1101.0,1152.36,1015.56,1269.26,1019.73,,,1306.63,1152.59,993.57,963.5,1102.06,1086.87,1409.85,1451.57
2005-09-05,1304.676482462675,1124.895594165077,1309.6632592848107,1099.35871400431,1159.0,1047.0,1389.6,1108.53,,,945.82,904.49,1107.61,1056.71,1414.0,1176.0,1464.59,1152.09,950.24,879.62,1099.32,981.25,1396.51,1027.86,1328.92,1121.96,1015.0,969.0,,,1157.76,1113.21,1094.0,1076.0,1306.89,1179.13,952.9,892.54,1243.0,961.0,998.28,894.86,887.49,854.88,1526.0,1118.0,1130.11,1008.69,1239.05,1004.45,,,1305.14,1180.33,993.36,963.3,1059.67,1062.28,1390.82,1432.28
2005-08-29,1236.7214419549177,1093.2292607606755,1235.5621991333799,1068.8386246110524,1111.0,1018.0,1332.83,1085.63,,,945.82,904.49,1001.86,990.78,1294.8,1121.5,1292.1,1099.09,873.54,853.09,1045.38,962.32,1276.76,988.0,1239.95,1086.74,946.0,948.0,,,1140.37,1092.98,1094.0,1076.0,1277.05,1157.9,899.64,878.59,1109.0,925.0,864.82,859.07,887.49,854.88,1432.0,1096.0,1063.7,964.18,1231.36,994.26,,,1269.41,1144.94,973.28,946.14,1023.42,1026.77,1341.19,1398.58
2005-08-22,1238.024734509047,1090.035398372132,1238.2465452860456,1065.6508826452243,1104.0,1013.0,1331.48,1076.87,,,945.82,904.49,1006.89,996.13,1305.5,1131.3,1287.55,1078.33,873.54,853.35,1034.27,950.57,1299.28,1000.31,1238.2,1079.14,975.0,943.0,,,1150.63,1100.32,1094.0,1076.0,1275.6,1157.26,895.3,878.96,1109.0,925.0,867.82,844.83,887.49,854.88,1427.0,1094.0,1065.79,967.29,1221.02,980.22,,,1263.11,1117.9,973.32,946.18,1029.28,1033.43,1338.54,1396.1
2005-08-15,1220.6120535303826,1069.2114577166797,1219.4258576216967,1043.006978396612,1085.0,984.0,1260.88,1018.6,,,897.71,876.74,1007.68,996.57,1301.7,1128.3,1291.9,1092.22,847.28,830.85,1016.34,929.07,1290.2,984.0,1208.69,1047.49,940.0,922.0,,,1131.02,1076.49,1094.0,1076.0,1246.26,1132.82,900.31,875.3,1075.0,875.0,841.95,836.21,887.7,855.08,1417.0,1056.0,1048.22,952.03,1212.23,973.51,,,1253.98,1109.99,946.93,924.39,1002.62,1001.58,1322.41,1379.9
2005-08-08,1211.5334814197279,1063.3563918638956,1213.609105813451,1039.8019244096624,1085.0,984.0,1260.88,1018.6,,,896.93,875.98,1004.54,994.65,1285.3,1113.5,1278.56,1052.07,847.28,830.85,1016.34,929.07,1290.2,984.0,1208.69,1047.49,940.0,922.0,,,1132.43,1078.18,1054.0,1052.0,1246.26,1132.82,868.98,847.63,1075.0,875.0,841.95,836.21,887.49,854.88,1417.0,1056.0,1045.64,946.82,1209.14,976.08,,,1251.58,1107.87,946.89,924.35,1000.44,999.4,1296.52,1353.78
2005-08-01,1204.4158373218202,1060.0327362093378,1207.0587420715242,1036.8982581870478,1080.0,980.0,1244.53,1010.8,,,896.62,875.67,985.4,977.36,1274.25,1101.0,1259.97,1038.8,845.1,824.65,1008.98,929.81,1277.42,975.42,1200.51,1047.27,933.0,920.0,,,1115.24,1070.85,1054.0,1052.0,1246.26,1132.13,860.05,847.91,1075.0,875.0,837.64,834.77,887.49,854.88,1409.0,1055.0,1038.2,946.53,1213.32,985.58,,,1242.41,1099.76,946.18,934.9,978.54,990.11,1290.79,1348.9
2005-07-25,1200.3994982285815,1061.1011738309792,1204.6614287856796,1040.0606552296529,1078.0,981.0,1269.58,1034.38,,,888.76,870.97,982.05,974.86,1264.75,1101.75,1259.99,1026.75,846.19,833.15,999.18,931.26,1277.59,969.2,1202.21,1055.8,940.0,925.0,,,1109.76,1069.4,1054.0,1052.0,1245.7,1132.13,871.5,855.89,1075.0,875.0,838.96,834.65,887.49,854.88,1415.0,1049.0,1026.33,937.42,1207.95,988.61,,,1238.72,1094.36,946.06,934.79,978.15,989.98,1281.67,1339.76
2005-07-18,1198.0129435682447,1066.1870796157432,1202.0834501698519,1045.7749882047835,1071.0,990.0,1290.33,1047.5,,,886.04,868.56,983.32,976.69,1260.8,1109.3,1246.58,1050.88,844.91,831.49,1000.0,934.97,1268.0,984.0,1199.34,1066.49,940.0,925.0,,,1104.94,1068.58,1054.0,1052.0,1247.67,1133.37,880.81,865.07,1075.0,875.0,834.65,836.09,887.49,854.88,1395.0,1049.0,1016.5,930.46,1195.18,982.95,,,1234.4,1107.44,936.2,929.1,974.89,987.71,1283.43,1343.15
2005-07-11,1194.2556252816357,1068.182441670001,1198.9984062268675,1048.9440234320473,1082.0,1003.0,1295.33,1072.0,,,886.35,868.86,952.7,948.55,1254.3,1111.3,1270.1,1079.65,846.83,846.83,996.1,935.86,1238.83,983.62,1204.23,1068.69,925.0,920.0,,,1085.17,1052.58,1013.0,1006.0,1246.15,1131.97,867.6,857.25,1075.0,891.0,831.78,836.09,887.49,854.88,1419.0,1085.0,1017.87,933.41,1182.72,976.96,,,1237.02,1120.92,936.2,929.1,962.99,973.02,1275.19,1335.59
2005-07-04,1186.5951136880874,1057.640357159093,1187.0114536661906,1035.9644844305692,1051.0,966.0,1258.33,1039.67,,,886.5,869.01,953.39,950.85,1250.8,1106.5,1226.45,1053.35,813.6,819.6,980.95,923.13,1202.0,970.0,1175.93,1046.35,921.0,915.0,,,1068.4,1035.95,1013.0,1006.0,1245.79,1131.05,846.39,837.17,1045.0,865.0,811.66,817.41,887.49,854.88,1388.0,1069.0,1016.23,934.33,1159.3,967.9,,,1196.96,1089.3,920.44,929.21,976.77,985.12,1293.31,1345.25
2005-06-27,1180.6580068286323,1052.105955295925,1176.3401067364073,1027.9453959645532,1045.0,961.0,1253.0,1047.33,,,851.94,852.0,954.63,952.09,1232.8,1086.5,1240.42,1055.16,806.63,815.32,981.58,916.35,1202.0,970.0,1173.47,1048.64,911.0,913.0,,,1065.98,1033.57,1013.0,1006.0,1231.19,1120.85,838.85,830.05,1045.0,865.0,808.68,814.42,887.49,854.88,1378.0,1050.0,1005.53,924.54,1137.65,942.04,,,1188.61,1101.12,920.4,929.17,974.74,984.4,1304.02,1357.29
2005-06-20,1169.0783806200586,1043.8201593756264,1166.5532613206924,1020.9281208995034,1030.0,946.0,1228.67,1022.0,,,824.64,804.83,945.78,944.71,1232.8,1086.5,1227.59,1061.04,801.45,802.41,965.09,909.13,1217.47,998.28,1160.45,1045.38,891.0,901.0,,,1062.66,1030.45,1015.0,1005.0,1216.44,1104.03,829.2,823.32,1024.0,865.0,801.84,807.59,887.49,854.88,1364.0,1056.0,988.83,901.9,1120.66,918.18,,,1207.29,1118.42,895.09,882.98,971.94,981.56,1279.25,1339.33
2005-06-13,1158.3748419781195,1030.3468421813845,1156.5619954986496,1007.2031520562691,1021.0,940.0,1226.67,1022.67,,,823.92,804.13,944.26,941.8,1221.8,1071.0,1201.42,1036.12,787.71,780.94,946.39,889.05,1200.32,999.62,1145.3,1024.75,880.0,884.0,,,1049.68,1009.89,1015.0,1005.0,1216.26,1102.35,813.68,804.76,1007.0,845.0,790.46,790.46,887.49,854.88,1349.0,1049.0,983.11,894.68,1098.27,889.33,,,1169.81,1081.31,895.46,883.35,959.24,961.31,1271.72,1331.21
2005-06-06,1142.9016589134387,1010.2642303264385,1143.0148660056288,986.8409063093405,1019.0,937.0,1219.0,1016.0,,,820.57,801.32,923.48,909.19,1200.8,1047.0,1196.32,1026.95,775.63,771.03,930.51,869.02,1199.48,991.04,1134.56,1003.87,859.0,850.0,,,1035.72,987.13,1015.0,1005.0,1197.86,1074.55,803.39,788.11,1007.0,806.0,771.66,771.66,,,1345.0,1035.0,962.27,872.28,1093.68,883.78,,,1186.55,1082.57,895.31,883.2,941.69,936.27,1245.01,1307.54
2005-05-30,1123.7599945919142,988.2398551907545,1121.7701277244355,964.1517353714974,996.0,916.0,1155.67,950.67,,,825.92,804.55,909.01,889.42,1165.3,1016.3,1168.93,986.2,757.74,749.17,927.04,860.48,1178.62,960.1,1122.64,981.76,852.0,841.0,,,1008.93,957.35,1015.0,1005.0,1186.26,1052.68,789.62,770.05,978.0,793.0,771.55,771.55,887.49,854.88,1311.0,984.0,951.25,862.21,1094.51,888.66,,,1159.45,1048.3,895.12,883.02,924.52,914.04,1228.96,1290.41
2005-05-23,1126.964772222342,989.9279499251763,1126.555044672178,966.3072979007426,996.0,915.0,1127.0,947.0,,,841.44,813.63,913.55,893.69,1187.5,1041.0,1159.87,966.56,752.75,757.1,930.4,859.33,1173.41,949.84,1120.74,976.53,853.0,841.0,,,1015.14,963.25,1015.0,1005.0,1186.26,1052.68,789.64,767.92,978.0,772.0,785.69,781.38,887.49,854.88,1299.0,964.0,944.59,855.58,1096.81,892.59,,,1139.43,1030.5,895.2,883.09,927.51,914.45,1235.16,1296.87
2005-05-16,1135.2055719491514,996.1568020021274,1137.4415577082002,973.4530863856613,1003.0,922.0,1218.33,984.33,,,840.57,817.56,920.31,900.08,1199.0,1049.3,1152.85,960.71,755.82,760.55,928.72,859.2,1193.89,934.83,1126.74,983.93,863.0,852.0,,,1014.29,974.58,1015.0,1005.0,1201.12,1062.62,796.74,787.15,978.0,790.0,785.81,781.5,887.49,854.88,1299.0,959.0,938.99,853.04,1108.53,905.0,,,1144.84,1025.59,895.24,883.13,926.44,925.93,1241.34,1301.5
2005-05-09,1142.714332975448,1005.4624824295315,1142.7284764846165,981.0601814460078,1012.0,930.0,1218.33,984.33,,,837.96,815.16,931.59,910.39,1194.8,1045.3,1153.04,968.93,761.19,770.14,935.08,869.57,1194.73,952.32,1134.39,997.45,883.0,867.0,,,1035.27,998.85,999.0,992.0,1215.38,1072.72,802.64,797.44,990.0,804.0,784.26,781.38,887.49,854.88,1308.0,978.0,965.36,878.95,1106.88,906.12,,,1150.04,1055.29,895.2,883.09,939.32,949.67,1252.52,1312.64
2005-05-02,1151.3331861029824,1013.6734630132271,1154.203882287069,991.4500096539181,1014.0,931.0,1218.0,986.0,,,833.35,810.68,912.49,892.84,1205.3,1053.8,1168.51,981.81,766.94,771.73,943.37,879.98,1206.0,962.75,1147.82,1006.26,884.0,871.0,,,1024.81,996.53,999.0,992.0,1234.89,1092.92,809.21,806.28,1008.0,820.0,788.68,788.68,888.53,855.88,1320.0,993.0,932.05,849.26,1110.53,911.62,,,1169.64,1053.33,894.9,882.79,921.59,937.86,1263.43,1325.43
2005-04-25,1147.9137564666714,1015.4865034954066,1148.6082498156327,993.1358816112448,1012.0,932.0,1203.67,967.0,,,833.64,810.96,908.45,895.8,1185.3,1036.0,1176.0,989.39,762.47,784.52,943.11,886.0,1221.14,972.0,1139.45,1005.15,873.0,870.0,,,1033.33,1004.92,999.0,992.0,1234.89,1121.45,802.96,807.23,986.0,799.0,788.57,781.38,887.28,854.68,1344.0,1002.0,945.45,861.47,1115.1,909.69,,,1170.2,1065.31,919.41,901.46,912.06,927.39,1259.93,1320.6
2005-04-18,1144.915141308563,1017.4909041565027,1146.2091993192118,995.5738815616634,1015.0,939.0,1201.33,972.67,,,831.4,809.55,912.02,900.26,1192.3,1040.8,1173.93,999.52,761.19,806.88,933.13,885.75,1142.64,934.0,1140.79,1011.5,886.0,878.0,,,1047.86,1023.26,999.0,992.0,1236.35,1122.8,806.74,808.92,986.0,816.0,796.09,788.91,886.05,853.49,1315.0,997.0,949.04,864.35,1101.7,902.27,,,1153.97,1065.71,919.41,901.46,917.03,932.44,1253.34,1314.39
2005-04-11,1151.5339257369155,1022.7794167054791,1153.74060209008,1000.7666910419088,1028.0,948.0,1204.33,986.0,,,833.11,810.83,913.34,901.93,1207.0,1051.8,1201.49,1014.89,761.19,810.4,922.63,877.55,1167.37,946.95,1163.53,1028.42,899.0,883.0,,,1059.06,1034.17,958.0,953.0,1236.35,1122.8,817.08,816.39,1033.0,848.0,788.68,788.68,885.22,852.7,1331.0,1002.0,968.22,882.12,1086.14,895.97,,,1189.71,1101.38,869.76,902.72,919.42,938.27,1247.22,1308.51
2005-04-04,1124.7304135417105,1000.8581585169097,1125.5100575115075,979.1171995876476,989.0,923.0,1187.0,960.0,,,800.38,791.93,876.68,866.82,1176.0,1025.8,1205.34,1017.42,745.21,795.06,914.52,874.11,1169.38,950.31,1137.9,1005.04,853.0,867.0,,,1025.06,1008.5,958.0,953.0,1187.92,1074.63,796.72,797.94,998.0,806.0,759.95,758.51,871.69,834.5,1334.0,1009.0,942.77,861.53,1069.69,894.03,,,1166.44,1050.99,869.91,902.87,895.72,918.61,1221.46,1285.34
2005-03-21,1097.8485787163675,989.1048186898375,1101.1300161026013,970.1374467159701,952.0,893.0,1139.67,928.0,,,796.49,783.85,832.84,839.4,1142.5,1011.8,1139.96,996.29,731.79,765.66,902.84,863.79,1127.0,934.0,1107.21,1008.83,823.0,862.0,,,995.3,978.98,937.0,934.0,1185.98,1072.86,784.09,790.93,953.0,806.0,745.48,744.04,867.25,830.25,1284.0,992.0,908.72,839.65,1055.01,871.85,,,1131.65,1072.55,860.28,882.39,882.89,906.29,1191.43,1254.22
2005-03-14,1096.825130625461,982.0577620058035,1103.395626170718,963.4036521077445,965.0,878.0,1131.33,917.67,,,792.36,772.65,845.86,853.05,1151.8,1010.0,1125.33,989.7,732.43,757.35,902.36,862.6,1133.46,921.69,1106.92,994.04,820.0,830.0,,,1003.71,987.03,937.0,934.0,1185.9,1072.72,777.0,779.43,953.0,791.0,745.69,738.51,866.85,829.87,1281.0,984.0,932.44,849.58,1047.6,854.43,,,1133.88,1063.36,860.24,846.06,888.57,909.19,1170.57,1234.73
2005-03-07,1087.3282693818178,969.2639068531872,1085.9827687803636,946.5831787737754,953.0,865.0,1116.67,898.67,,,788.26,760.31,845.18,853.23,1126.0,985.0,1132.55,980.73,729.23,747.13,902.43,858.72,1113.81,942.42,1094.72,975.61,809.0,805.0,,,996.72,975.81,937.0,934.0,1158.78,1047.59,763.81,755.84,938.0,791.0,739.62,725.26,869.26,832.17,1275.0,970.0,962.9,869.76,1044.63,828.49,,,1122.12,1036.91,860.28,846.09,893.76,905.71,1176.98,1241.83
2005-02-28,1078.230140897981,951.9896205304507,1078.1214540247538,928.7587456537914,937.0,853.0,1132.67,902.67,,,778.97,741.33,832.03,825.34,1129.0,967.0,1113.8,953.92,717.73,735.62,888.52,838.65,1102.54,924.59,1090.29,955.38,806.0,790.0,,,996.65,954.9,937.0,934.0,1136.04,1022.85,764.85,759.2,924.0,772.0,725.47,719.72,869.06,831.98,1263.0,957.0,950.19,857.01,1046.01,826.12,,,1102.94,1024.55,859.82,831.87,890.32,888.21,1166.3,1227.27
2005-02-21,1072.8280594502744,936.1977065574996,1072.4441594221335,911.7692018339619,930.0,850.0,1117.67,875.0,,,779.07,742.92,825.48,819.86,1112.3,941.0,1106.93,926.92,716.45,733.71,884.58,820.01,1120.0,882.0,1086.9,932.1,808.0,784.0,,,989.26,947.93,937.0,934.0,1136.04,1022.79,756.75,739.44,939.0,728.0,729.78,719.72,870.27,833.14,1258.0,943.0,930.61,837.32,1043.76,827.05,,,1106.36,983.55,859.65,831.7,888.47,884.27,1163.12,1224.19
2005-02-14,1071.1150594207033,933.530446019535,1070.3605178207754,908.4949953878936,921.0,840.0,1103.0,861.0,,,778.94,742.79,812.9,812.83,1110.3,940.8,1115.01,920.22,702.39,722.84,883.57,816.4,1100.86,889.94,1082.5,928.89,805.0,784.0,,,986.79,945.4,941.0,949.0,1135.88,1022.46,744.39,729.58,923.0,728.0,729.89,714.08,871.08,833.91,1266.0,918.0,920.97,834.21,1039.35,826.99,,,1106.93,986.02,855.06,841.29,888.89,882.59,1164.46,1226.78
2005-02-07,1074.55489571095,937.0006657337132,1074.5732432977077,912.3893266111468,933.0,854.0,1115.0,863.0,,,763.51,737.77,818.66,819.53,1126.8,958.3,1117.72,904.12,701.75,722.84,872.58,813.34,1094.46,878.0,1087.11,930.8,805.0,786.0,,,988.02,946.61,941.0,949.0,1135.87,1022.67,750.41,739.98,943.0,744.0,722.6,709.67,871.89,834.69,1267.0,915.0,929.05,847.03,1022.03,826.81,,,1118.79,982.11,855.13,841.36,890.46,884.16,1162.71,1227.24
2005-01-31,1065.7157299596583,938.3097079341998,1067.6129763730823,915.4937738115691,935.0,855.0,1109.0,871.33,,,762.86,746.06,809.36,813.74,1113.3,969.3,1127.43,929.9,688.33,703.67,861.46,813.11,1102.2,896.0,1081.02,932.8,796.0,782.0,,,981.41,940.32,941.0,949.0,1132.11,1022.6,742.58,733.45,943.0,744.0,713.98,702.49,869.87,832.75,1269.0,915.0,893.25,827.08,1013.81,827.03,,,1114.69,1005.96,836.22,833.72,888.39,881.84,1150.76,1218.54
2005-01-24,1046.3747480048087,929.1007752441136,1044.832724489159,906.2980352372488,919.0,840.0,1091.0,855.0,,,761.6,741.28,804.25,812.17,1094.3,965.8,1101.78,909.64,677.46,698.55,852.62,808.21,1086.22,878.0,1056.64,920.36,783.0,778.0,,,978.39,937.35,941.0,949.0,1090.01,1004.31,726.37,716.23,922.0,724.0,713.98,702.49,868.66,831.6,1252.0,917.0,883.19,827.48,997.04,828.83,,,1109.09,989.9,836.22,833.72,875.97,872.6,1134.7,1205.65
2005-01-17,1043.505222546998,927.0114623009448,1045.5360813480468,905.2002843419424,910.0,836.0,1068.67,853.67,,,756.43,721.41,807.21,813.4,1111.3,969.5,1098.0,908.5,673.63,696.64,844.13,808.08,1142.95,875.51,1038.24,914.48,767.0,774.0,,,959.34,938.54,941.0,949.0,1088.14,1004.31,708.12,715.07,902.0,724.0,716.95,702.59,866.65,829.67,1248.0,909.0,877.69,832.7,996.45,833.97,,,1103.59,976.42,820.37,815.78,856.56,873.65,1122.66,1193.85
2005-01-10,1038.3581403156593,930.6321595464301,1033.72490454455,907.0022256657597,907.0,851.0,1010.33,853.0,,,757.86,722.78,818.45,825.66,1085.0,970.0,1087.32,897.81,674.27,709.42,840.6,807.47,1134.2,877.36,1027.62,918.25,748.0,758.0,,,928.48,932.11,1009.0,975.0,1088.0,1004.39,702.33,717.1,877.0,724.0,716.03,701.68,867.85,830.83,1218.0,906.0,875.79,838.01,1000.6,848.34,,,1092.56,973.13,820.34,815.75,845.1,881.18,1144.11,1216.18
2005-01-03,1041.8633459298326,936.4249972800387,1039.704824488366,914.0178870720888,916.0,859.0,1049.33,891.0,,,759.03,723.9,827.97,831.23,1092.3,976.0,1044.76,910.3,674.27,709.42,841.42,807.84,1112.0,886.61,1015.1,923.43,749.0,756.0,,,949.06,964.82,1009.0,975.0,1115.75,1018.28,699.14,697.41,877.0,724.0,716.54,702.18,863.46,826.62,1193.0,905.0,878.5,842.2,1007.99,858.68,,,1069.54,1007.15,820.34,815.75,855.0,901.05,1147.62,1203.58
